"old_file","old_fqcn","new_file","new_fqcn","symbol_type","business_domain","registration_type","external_reference_count"
"vendor/dtyq/super-magic-module/src/Application/Agent/Assembler/AdminSuperMagicAgentAssembler.php","Dtyq\SuperMagic\Application\Agent\Assembler\AdminSuperMagicAgentAssembler","app/Application/SuperMagic/Agent/Assembler/AdminSuperMagicAgentAssembler.php","App\Application\SuperMagic\Agent\Assembler\AdminSuperMagicAgentAssembler","class","Agent","ordinary","0"
"vendor/dtyq/super-magic-module/src/Application/Agent/Collaboration/AgentResourceAdapter.php","Dtyq\SuperMagic\Application\Agent\Collaboration\AgentResourceAdapter","app/Application/SuperMagic/Agent/Collaboration/AgentResourceAdapter.php","App\Application\SuperMagic\Agent\Collaboration\AgentResourceAdapter","class","Agent","ordinary","0"
"vendor/dtyq/super-magic-module/src/Application/Agent/Command/RestartAllMagicClawSandboxCommand.php","Dtyq\SuperMagic\Application\Agent\Command\RestartAllMagicClawSandboxCommand","app/Application/SuperMagic/Agent/Command/RestartAllMagicClawSandboxCommand.php","App\Application\SuperMagic\Agent\Command\RestartAllMagicClawSandboxCommand","class","Agent","Command","0"
"vendor/dtyq/super-magic-module/src/Application/Agent/DTO/ParsedAgentData.php","Dtyq\SuperMagic\Application\Agent\DTO\ParsedAgentData","app/Application/SuperMagic/Agent/DTO/ParsedAgentData.php","App\Application\SuperMagic\Agent\DTO\ParsedAgentData","class","Agent","ordinary","0"
"vendor/dtyq/super-magic-module/src/Application/Agent/DTO/PublishAgentResultDTO.php","Dtyq\SuperMagic\Application\Agent\DTO\PublishAgentResultDTO","app/Application/SuperMagic/Agent/DTO/PublishAgentResultDTO.php","App\Application\SuperMagic\Agent\DTO\PublishAgentResultDTO","class","Agent","ordinary","0"
"vendor/dtyq/super-magic-module/src/Application/Agent/Event/Subscribe/AgentSkillsAddedEventSubscriber.php","Dtyq\SuperMagic\Application\Agent\Event\Subscribe\AgentSkillsAddedEventSubscriber","app/Application/SuperMagic/Agent/Event/Subscribe/AgentSkillsAddedEventSubscriber.php","App\Application\SuperMagic\Agent\Event\Subscribe\AgentSkillsAddedEventSubscriber","class","Agent","Listener","0"
"vendor/dtyq/super-magic-module/src/Application/Agent/Event/Subscribe/AgentSkillsRemovedEventSubscriber.php","Dtyq\SuperMagic\Application\Agent\Event\Subscribe\AgentSkillsRemovedEventSubscriber","app/Application/SuperMagic/Agent/Event/Subscribe/AgentSkillsRemovedEventSubscriber.php","App\Application\SuperMagic\Agent\Event\Subscribe\AgentSkillsRemovedEventSubscriber","class","Agent","Listener","0"
"vendor/dtyq/super-magic-module/src/Application/Agent/Parser/AgentZipParser.php","Dtyq\SuperMagic\Application\Agent\Parser\AgentZipParser","app/Application/SuperMagic/Agent/Parser/AgentZipParser.php","App\Application\SuperMagic\Agent\Parser\AgentZipParser","class","Agent","ordinary","0"
"vendor/dtyq/super-magic-module/src/Application/Agent/Service/AbstractSuperMagicAppService.php","Dtyq\SuperMagic\Application\Agent\Service\AbstractSuperMagicAppService","app/Application/SuperMagic/Agent/Service/AbstractSuperMagicAppService.php","App\Application\SuperMagic\Agent\Service\AbstractSuperMagicAppService","class","Agent","ordinary","0"
"vendor/dtyq/super-magic-module/src/Application/Agent/Service/AdminSuperMagicAgentAppService.php","Dtyq\SuperMagic\Application\Agent\Service\AdminSuperMagicAgentAppService","app/Application/SuperMagic/Agent/Service/AdminSuperMagicAgentAppService.php","App\Application\SuperMagic\Agent\Service\AdminSuperMagicAgentAppService","class","Agent","ordinary","0"
"vendor/dtyq/super-magic-module/src/Application/Agent/Service/AdminSuperMagicCategoryAppService.php","Dtyq\SuperMagic\Application\Agent\Service\AdminSuperMagicCategoryAppService","app/Application/SuperMagic/Agent/Service/AdminSuperMagicCategoryAppService.php","App\Application\SuperMagic\Agent\Service\AdminSuperMagicCategoryAppService","class","Agent","ordinary","0"
"vendor/dtyq/super-magic-module/src/Application/Agent/Service/AgentZipGeneratorService.php","Dtyq\SuperMagic\Application\Agent\Service\AgentZipGeneratorService","app/Application/SuperMagic/Agent/Service/AgentZipGeneratorService.php","App\Application\SuperMagic\Agent\Service\AgentZipGeneratorService","class","Agent","ordinary","0"
"vendor/dtyq/super-magic-module/src/Application/Agent/Service/ImportAgentAppService.php","Dtyq\SuperMagic\Application\Agent\Service\ImportAgentAppService","app/Application/SuperMagic/Agent/Service/ImportAgentAppService.php","App\Application\SuperMagic\Agent\Service\ImportAgentAppService","class","Agent","ordinary","0"
"vendor/dtyq/super-magic-module/src/Application/Agent/Service/MagicClawAppService.php","Dtyq\SuperMagic\Application\Agent\Service\MagicClawAppService","app/Application/SuperMagic/Agent/Service/MagicClawAppService.php","App\Application\SuperMagic\Agent\Service\MagicClawAppService","class","Agent","ordinary","0"
"vendor/dtyq/super-magic-module/src/Application/Agent/Service/OfficialAgentsInitializer.php","Dtyq\SuperMagic\Application\Agent\Service\OfficialAgentsInitializer","app/Application/SuperMagic/Agent/Service/OfficialAgentsInitializer.php","App\Application\SuperMagic\Agent\Service\OfficialAgentsInitializer","class","Agent","ordinary","0"
"vendor/dtyq/super-magic-module/src/Application/Agent/Service/Old/SuperMagicAgentOldAppService.php","Dtyq\SuperMagic\Application\Agent\Service\Old\SuperMagicAgentOldAppService","app/Application/SuperMagic/Agent/Service/Old/SuperMagicAgentOldAppService.php","App\Application\SuperMagic\Agent\Service\Old\SuperMagicAgentOldAppService","class","Agent","ordinary","0"
"vendor/dtyq/super-magic-module/src/Application/Agent/Service/OpenDigitalEmployeeAppService.php","Dtyq\SuperMagic\Application\Agent\Service\OpenDigitalEmployeeAppService","app/Application/SuperMagic/Agent/Service/OpenDigitalEmployeeAppService.php","App\Application\SuperMagic\Agent\Service\OpenDigitalEmployeeAppService","class","Agent","ordinary","0"
"vendor/dtyq/super-magic-module/src/Application/Agent/Service/SkillsMdSyncService.php","Dtyq\SuperMagic\Application\Agent\Service\SkillsMdSyncService","app/Application/SuperMagic/Agent/Service/SkillsMdSyncService.php","App\Application\SuperMagic\Agent\Service\SkillsMdSyncService","class","Agent","ordinary","0"
"vendor/dtyq/super-magic-module/src/Application/Agent/Service/SuperMagicAgentAccessAppService.php","Dtyq\SuperMagic\Application\Agent\Service\SuperMagicAgentAccessAppService","app/Application/SuperMagic/Agent/Service/SuperMagicAgentAccessAppService.php","App\Application\SuperMagic\Agent\Service\SuperMagicAgentAccessAppService","class","Agent","ordinary","0"
"vendor/dtyq/super-magic-module/src/Application/Agent/Service/SuperMagicAgentAiOptimizeAppService.php","Dtyq\SuperMagic\Application\Agent\Service\SuperMagicAgentAiOptimizeAppService","app/Application/SuperMagic/Agent/Service/SuperMagicAgentAiOptimizeAppService.php","App\Application\SuperMagic\Agent\Service\SuperMagicAgentAiOptimizeAppService","class","Agent","ordinary","0"
"vendor/dtyq/super-magic-module/src/Application/Agent/Service/SuperMagicAgentAppService.php","Dtyq\SuperMagic\Application\Agent\Service\SuperMagicAgentAppService","app/Application/SuperMagic/Agent/Service/SuperMagicAgentAppService.php","App\Application\SuperMagic\Agent\Service\SuperMagicAgentAppService","class","Agent","ordinary","0"
"vendor/dtyq/super-magic-module/src/Application/Agent/Service/SuperMagicAgentMarketAppService.php","Dtyq\SuperMagic\Application\Agent\Service\SuperMagicAgentMarketAppService","app/Application/SuperMagic/Agent/Service/SuperMagicAgentMarketAppService.php","App\Application\SuperMagic\Agent\Service\SuperMagicAgentMarketAppService","class","Agent","ordinary","0"
"vendor/dtyq/super-magic-module/src/Application/Agent/Service/SuperMagicAgentPlaybookAppService.php","Dtyq\SuperMagic\Application\Agent\Service\SuperMagicAgentPlaybookAppService","app/Application/SuperMagic/Agent/Service/SuperMagicAgentPlaybookAppService.php","App\Application\SuperMagic\Agent\Service\SuperMagicAgentPlaybookAppService","class","Agent","ordinary","0"
"vendor/dtyq/super-magic-module/src/Application/Chat/Service/ChatAppService.php","Dtyq\SuperMagic\Application\Chat\Service\ChatAppService","app/Application/SuperMagic/Message/Chat/Service/ChatAppService.php","App\Application\SuperMagic\Message\Chat\Service\ChatAppService","class","Message","ordinary","0"
"vendor/dtyq/super-magic-module/src/Application/Collaboration/Contract/CollaborativeResourceAdapterInterface.php","Dtyq\SuperMagic\Application\Collaboration\Contract\CollaborativeResourceAdapterInterface","app/Application/SuperMagic/Common/Collaboration/Contract/CollaborativeResourceAdapterInterface.php","App\Application\SuperMagic\Common\Collaboration\Contract\CollaborativeResourceAdapterInterface","interface","Common","ordinary","0"
"vendor/dtyq/super-magic-module/src/Application/Collaboration/Policy/ResourceAccessPolicyService.php","Dtyq\SuperMagic\Application\Collaboration\Policy\ResourceAccessPolicyService","app/Application/SuperMagic/Common/Collaboration/Policy/ResourceAccessPolicyService.php","App\Application\SuperMagic\Common\Collaboration\Policy\ResourceAccessPolicyService","class","Common","ordinary","0"
"vendor/dtyq/super-magic-module/src/Application/Collaboration/Service/ResourceCollaborationAppService.php","Dtyq\SuperMagic\Application\Collaboration\Service\ResourceCollaborationAppService","app/Application/SuperMagic/Common/Collaboration/Service/ResourceCollaborationAppService.php","App\Application\SuperMagic\Common\Collaboration\Service\ResourceCollaborationAppService","class","Common","ordinary","0"
"vendor/dtyq/super-magic-module/src/Application/Contract/AllowAllPromptContentValidator.php","Dtyq\SuperMagic\Application\Contract\AllowAllPromptContentValidator","app/Application/SuperMagic/Common/Contract/AllowAllPromptContentValidator.php","App\Application\SuperMagic\Common\Contract\AllowAllPromptContentValidator","class","Common","ordinary","0"
"vendor/dtyq/super-magic-module/src/Application/Contract/DefaultDeploymentId.php","Dtyq\SuperMagic\Application\Contract\DefaultDeploymentId","app/Application/SuperMagic/Common/Contract/DefaultDeploymentId.php","App\Application\SuperMagic\Common\Contract\DefaultDeploymentId","class","Common","ordinary","0"
"vendor/dtyq/super-magic-module/src/Application/Contract/DefaultUserAiWatermarkPolicy.php","Dtyq\SuperMagic\Application\Contract\DefaultUserAiWatermarkPolicy","app/Application/SuperMagic/Common/Contract/DefaultUserAiWatermarkPolicy.php","App\Application\SuperMagic\Common\Contract\DefaultUserAiWatermarkPolicy","class","Common","ordinary","0"
"vendor/dtyq/super-magic-module/src/Application/Contract/DeploymentIdInterface.php","Dtyq\SuperMagic\Application\Contract\DeploymentIdInterface","app/Application/SuperMagic/Common/Contract/DeploymentIdInterface.php","App\Application\SuperMagic\Common\Contract\DeploymentIdInterface","interface","Common","ordinary","0"
"vendor/dtyq/super-magic-module/src/Application/Contract/PromptContentValidatorInterface.php","Dtyq\SuperMagic\Application\Contract\PromptContentValidatorInterface","app/Application/SuperMagic/Common/Contract/PromptContentValidatorInterface.php","App\Application\SuperMagic\Common\Contract\PromptContentValidatorInterface","interface","Common","ordinary","0"
"vendor/dtyq/super-magic-module/src/Application/Contract/UserAiWatermarkPolicyInterface.php","Dtyq\SuperMagic\Application\Contract\UserAiWatermarkPolicyInterface","app/Application/SuperMagic/Common/Contract/UserAiWatermarkPolicyInterface.php","App\Application\SuperMagic\Common\Contract\UserAiWatermarkPolicyInterface","interface","Common","ordinary","0"
"vendor/dtyq/super-magic-module/src/Application/MagicFS/Service/MagicFSFileAppService.php","Dtyq\SuperMagic\Application\MagicFS\Service\MagicFSFileAppService","app/Application/SuperMagic/File/Service/MagicFSFileAppService.php","App\Application\SuperMagic\File\Service\MagicFSFileAppService","class","File","ordinary","0"
"vendor/dtyq/super-magic-module/src/Application/RecycleBin/Command/RecycleBinCleanupCommand.php","Dtyq\SuperMagic\Application\RecycleBin\Command\RecycleBinCleanupCommand","app/Application/SuperMagic/Common/RecycleBin/Command/RecycleBinCleanupCommand.php","App\Application\SuperMagic\Common\RecycleBin\Command\RecycleBinCleanupCommand","class","Common","Command","0"
"vendor/dtyq/super-magic-module/src/Application/RecycleBin/Crontab/RecycleBinCleanupCrontab.php","Dtyq\SuperMagic\Application\RecycleBin\Crontab\RecycleBinCleanupCrontab","app/Application/SuperMagic/Common/RecycleBin/Crontab/RecycleBinCleanupCrontab.php","App\Application\SuperMagic\Common\RecycleBin\Crontab\RecycleBinCleanupCrontab","class","Common","Crontab","0"
"vendor/dtyq/super-magic-module/src/Application/RecycleBin/DTO/BatchMoveProjectInRecycleBinRequestDTO.php","Dtyq\SuperMagic\Application\RecycleBin\DTO\BatchMoveProjectInRecycleBinRequestDTO","app/Application/SuperMagic/Common/RecycleBin/DTO/BatchMoveProjectInRecycleBinRequestDTO.php","App\Application\SuperMagic\Common\RecycleBin\DTO\BatchMoveProjectInRecycleBinRequestDTO","class","Common","ordinary","0"
"vendor/dtyq/super-magic-module/src/Application/RecycleBin/DTO/BatchMoveTopicsInRecycleBinRequestDTO.php","Dtyq\SuperMagic\Application\RecycleBin\DTO\BatchMoveTopicsInRecycleBinRequestDTO","app/Application/SuperMagic/Common/RecycleBin/DTO/BatchMoveTopicsInRecycleBinRequestDTO.php","App\Application\SuperMagic\Common\RecycleBin\DTO\BatchMoveTopicsInRecycleBinRequestDTO","class","Common","ordinary","0"
"vendor/dtyq/super-magic-module/src/Application/RecycleBin/DTO/CheckParentRequestDTO.php","Dtyq\SuperMagic\Application\RecycleBin\DTO\CheckParentRequestDTO","app/Application/SuperMagic/Common/RecycleBin/DTO/CheckParentRequestDTO.php","App\Application\SuperMagic\Common\RecycleBin\DTO\CheckParentRequestDTO","class","Common","ordinary","0"
"vendor/dtyq/super-magic-module/src/Application/RecycleBin/DTO/DeletedByUserDTO.php","Dtyq\SuperMagic\Application\RecycleBin\DTO\DeletedByUserDTO","app/Application/SuperMagic/Common/RecycleBin/DTO/DeletedByUserDTO.php","App\Application\SuperMagic\Common\RecycleBin\DTO\DeletedByUserDTO","class","Common","ordinary","0"
"vendor/dtyq/super-magic-module/src/Application/RecycleBin/DTO/MoveProjectInRecycleBinRequestDTO.php","Dtyq\SuperMagic\Application\RecycleBin\DTO\MoveProjectInRecycleBinRequestDTO","app/Application/SuperMagic/Common/RecycleBin/DTO/MoveProjectInRecycleBinRequestDTO.php","App\Application\SuperMagic\Common\RecycleBin\DTO\MoveProjectInRecycleBinRequestDTO","class","Common","ordinary","0"
"vendor/dtyq/super-magic-module/src/Application/RecycleBin/DTO/MoveTopicInRecycleBinRequestDTO.php","Dtyq\SuperMagic\Application\RecycleBin\DTO\MoveTopicInRecycleBinRequestDTO","app/Application/SuperMagic/Common/RecycleBin/DTO/MoveTopicInRecycleBinRequestDTO.php","App\Application\SuperMagic\Common\RecycleBin\DTO\MoveTopicInRecycleBinRequestDTO","class","Common","ordinary","0"
"vendor/dtyq/super-magic-module/src/Application/RecycleBin/DTO/PermanentDeleteRequestDTO.php","Dtyq\SuperMagic\Application\RecycleBin\DTO\PermanentDeleteRequestDTO","app/Application/SuperMagic/Common/RecycleBin/DTO/PermanentDeleteRequestDTO.php","App\Application\SuperMagic\Common\RecycleBin\DTO\PermanentDeleteRequestDTO","class","Common","ordinary","0"
"vendor/dtyq/super-magic-module/src/Application/RecycleBin/DTO/RecycleBinCountsRequestDTO.php","Dtyq\SuperMagic\Application\RecycleBin\DTO\RecycleBinCountsRequestDTO","app/Application/SuperMagic/Common/RecycleBin/DTO/RecycleBinCountsRequestDTO.php","App\Application\SuperMagic\Common\RecycleBin\DTO\RecycleBinCountsRequestDTO","class","Common","ordinary","0"
"vendor/dtyq/super-magic-module/src/Application/RecycleBin/DTO/RecycleBinCountsResponseDTO.php","Dtyq\SuperMagic\Application\RecycleBin\DTO\RecycleBinCountsResponseDTO","app/Application/SuperMagic/Common/RecycleBin/DTO/RecycleBinCountsResponseDTO.php","App\Application\SuperMagic\Common\RecycleBin\DTO\RecycleBinCountsResponseDTO","class","Common","ordinary","0"
"vendor/dtyq/super-magic-module/src/Application/RecycleBin/DTO/RecycleBinItemDTO.php","Dtyq\SuperMagic\Application\RecycleBin\DTO\RecycleBinItemDTO","app/Application/SuperMagic/Common/RecycleBin/DTO/RecycleBinItemDTO.php","App\Application\SuperMagic\Common\RecycleBin\DTO\RecycleBinItemDTO","class","Common","ordinary","0"
"vendor/dtyq/super-magic-module/src/Application/RecycleBin/DTO/RecycleBinListRequestDTO.php","Dtyq\SuperMagic\Application\RecycleBin\DTO\RecycleBinListRequestDTO","app/Application/SuperMagic/Common/RecycleBin/DTO/RecycleBinListRequestDTO.php","App\Application\SuperMagic\Common\RecycleBin\DTO\RecycleBinListRequestDTO","class","Common","ordinary","0"
"vendor/dtyq/super-magic-module/src/Application/RecycleBin/DTO/RecycleBinListResponseDTO.php","Dtyq\SuperMagic\Application\RecycleBin\DTO\RecycleBinListResponseDTO","app/Application/SuperMagic/Common/RecycleBin/DTO/RecycleBinListResponseDTO.php","App\Application\SuperMagic\Common\RecycleBin\DTO\RecycleBinListResponseDTO","class","Common","ordinary","0"
"vendor/dtyq/super-magic-module/src/Application/RecycleBin/DTO/RestoreConflictDTO.php","Dtyq\SuperMagic\Application\RecycleBin\DTO\RestoreConflictDTO","app/Application/SuperMagic/Common/RecycleBin/DTO/RestoreConflictDTO.php","App\Application\SuperMagic\Common\RecycleBin\DTO\RestoreConflictDTO","class","Common","ordinary","0"
"vendor/dtyq/super-magic-module/src/Application/RecycleBin/DTO/RestorePreviewItemDTO.php","Dtyq\SuperMagic\Application\RecycleBin\DTO\RestorePreviewItemDTO","app/Application/SuperMagic/Common/RecycleBin/DTO/RestorePreviewItemDTO.php","App\Application\SuperMagic\Common\RecycleBin\DTO\RestorePreviewItemDTO","class","Common","ordinary","0"
"vendor/dtyq/super-magic-module/src/Application/RecycleBin/DTO/RestorePreviewResponseDTO.php","Dtyq\SuperMagic\Application\RecycleBin\DTO\RestorePreviewResponseDTO","app/Application/SuperMagic/Common/RecycleBin/DTO/RestorePreviewResponseDTO.php","App\Application\SuperMagic\Common\RecycleBin\DTO\RestorePreviewResponseDTO","class","Common","ordinary","0"
"vendor/dtyq/super-magic-module/src/Application/RecycleBin/DTO/RestoreRequestDTO.php","Dtyq\SuperMagic\Application\RecycleBin\DTO\RestoreRequestDTO","app/Application/SuperMagic/Common/RecycleBin/DTO/RestoreRequestDTO.php","App\Application\SuperMagic\Common\RecycleBin\DTO\RestoreRequestDTO","class","Common","ordinary","0"
"vendor/dtyq/super-magic-module/src/Application/RecycleBin/DTO/RestoreResponseDTO.php","Dtyq\SuperMagic\Application\RecycleBin\DTO\RestoreResponseDTO","app/Application/SuperMagic/Common/RecycleBin/DTO/RestoreResponseDTO.php","App\Application\SuperMagic\Common\RecycleBin\DTO\RestoreResponseDTO","class","Common","ordinary","0"
"vendor/dtyq/super-magic-module/src/Application/RecycleBin/DTO/RestoreResultItemDTO.php","Dtyq\SuperMagic\Application\RecycleBin\DTO\RestoreResultItemDTO","app/Application/SuperMagic/Common/RecycleBin/DTO/RestoreResultItemDTO.php","App\Application\SuperMagic\Common\RecycleBin\DTO\RestoreResultItemDTO","class","Common","ordinary","0"
"vendor/dtyq/super-magic-module/src/Application/RecycleBin/Service/FileRecycleBinSubscriber.php","Dtyq\SuperMagic\Application\RecycleBin\Service\FileRecycleBinSubscriber","app/Application/SuperMagic/Common/RecycleBin/Service/FileRecycleBinSubscriber.php","App\Application\SuperMagic\Common\RecycleBin\Service\FileRecycleBinSubscriber","class","Common","Listener","0"
"vendor/dtyq/super-magic-module/src/Application/RecycleBin/Service/RecycleBinAppService.php","Dtyq\SuperMagic\Application\RecycleBin\Service\RecycleBinAppService","app/Application/SuperMagic/Common/RecycleBin/Service/RecycleBinAppService.php","App\Application\SuperMagic\Common\RecycleBin\Service\RecycleBinAppService","class","Common","ordinary","0"
"vendor/dtyq/super-magic-module/src/Application/Share/Adapter/FileShareableResource.php","Dtyq\SuperMagic\Application\Share\Adapter\FileShareableResource","app/Application/SuperMagic/Common/Share/Adapter/FileShareableResource.php","App\Application\SuperMagic\Common\Share\Adapter\FileShareableResource","class","Common","ordinary","0"
"vendor/dtyq/super-magic-module/src/Application/Share/Adapter/ProjectShareableResource.php","Dtyq\SuperMagic\Application\Share\Adapter\ProjectShareableResource","app/Application/SuperMagic/Common/Share/Adapter/ProjectShareableResource.php","App\Application\SuperMagic\Common\Share\Adapter\ProjectShareableResource","class","Common","ordinary","0"
"vendor/dtyq/super-magic-module/src/Application/Share/Adapter/SingleFileShareableResource.php","Dtyq\SuperMagic\Application\Share\Adapter\SingleFileShareableResource","app/Application/SuperMagic/Common/Share/Adapter/SingleFileShareableResource.php","App\Application\SuperMagic\Common\Share\Adapter\SingleFileShareableResource","class","Common","ordinary","0"
"vendor/dtyq/super-magic-module/src/Application/Share/Adapter/TopicShareableResource.php","Dtyq\SuperMagic\Application\Share\Adapter\TopicShareableResource","app/Application/SuperMagic/Common/Share/Adapter/TopicShareableResource.php","App\Application\SuperMagic\Common\Share\Adapter\TopicShareableResource","class","Common","ordinary","0"
"vendor/dtyq/super-magic-module/src/Application/Share/DTO/ShareableResourceDTO.php","Dtyq\SuperMagic\Application\Share\DTO\ShareableResourceDTO","app/Application/SuperMagic/Common/Share/DTO/ShareableResourceDTO.php","App\Application\SuperMagic\Common\Share\DTO\ShareableResourceDTO","class","Common","ordinary","0"
"vendor/dtyq/super-magic-module/src/Application/Share/Factory/Facade/ResourceFactoryInterface.php","Dtyq\SuperMagic\Application\Share\Factory\Facade\ResourceFactoryInterface","app/Application/SuperMagic/Common/Share/Factory/Facade/ResourceFactoryInterface.php","App\Application\SuperMagic\Common\Share\Factory\Facade\ResourceFactoryInterface","interface","Common","RouteHandler","0"
"vendor/dtyq/super-magic-module/src/Application/Share/Factory/ShareableResourceFactory.php","Dtyq\SuperMagic\Application\Share\Factory\ShareableResourceFactory","app/Application/SuperMagic/Common/Share/Factory/ShareableResourceFactory.php","App\Application\SuperMagic\Common\Share\Factory\ShareableResourceFactory","class","Common","ordinary","0"
"vendor/dtyq/super-magic-module/src/Application/Share/Service/AbstractShareAppService.php","Dtyq\SuperMagic\Application\Share\Service\AbstractShareAppService","app/Application/SuperMagic/Common/Share/Service/AbstractShareAppService.php","App\Application\SuperMagic\Common\Share\Service\AbstractShareAppService","class","Common","ordinary","0"
"vendor/dtyq/super-magic-module/src/Application/Share/Service/InternalShareAppService.php","Dtyq\SuperMagic\Application\Share\Service\InternalShareAppService","app/Application/SuperMagic/Common/Share/Service/InternalShareAppService.php","App\Application\SuperMagic\Common\Share\Service\InternalShareAppService","class","Common","ordinary","0"
"vendor/dtyq/super-magic-module/src/Application/Share/Service/ResourceShareAppService.php","Dtyq\SuperMagic\Application\Share\Service\ResourceShareAppService","app/Application/SuperMagic/Common/Share/Service/ResourceShareAppService.php","App\Application\SuperMagic\Common\Share\Service\ResourceShareAppService","class","Common","ordinary","0"
"vendor/dtyq/super-magic-module/src/Application/Skill/Assembler/AdminSkillAssembler.php","Dtyq\SuperMagic\Application\Skill\Assembler\AdminSkillAssembler","app/Application/SuperMagic/Skill/Assembler/AdminSkillAssembler.php","App\Application\SuperMagic\Skill\Assembler\AdminSkillAssembler","class","Skill","ordinary","0"
"vendor/dtyq/super-magic-module/src/Application/Skill/Collaboration/SkillResourceAdapter.php","Dtyq\SuperMagic\Application\Skill\Collaboration\SkillResourceAdapter","app/Application/SuperMagic/Skill/Collaboration/SkillResourceAdapter.php","App\Application\SuperMagic\Skill\Collaboration\SkillResourceAdapter","class","Skill","ordinary","0"
"vendor/dtyq/super-magic-module/src/Application/Skill/DTO/PublishSkillResultDTO.php","Dtyq\SuperMagic\Application\Skill\DTO\PublishSkillResultDTO","app/Application/SuperMagic/Skill/DTO/PublishSkillResultDTO.php","App\Application\SuperMagic\Skill\DTO\PublishSkillResultDTO","class","Skill","ordinary","0"
"vendor/dtyq/super-magic-module/src/Application/Skill/Event/Subscribe/SkillImportedEventSubscriber.php","Dtyq\SuperMagic\Application\Skill\Event\Subscribe\SkillImportedEventSubscriber","app/Application/SuperMagic/Skill/Event/Subscribe/SkillImportedEventSubscriber.php","App\Application\SuperMagic\Skill\Event\Subscribe\SkillImportedEventSubscriber","class","Skill","Listener","0"
"vendor/dtyq/super-magic-module/src/Application/Skill/Initializer/BuiltinSkillInitializer.php","Dtyq\SuperMagic\Application\Skill\Initializer\BuiltinSkillInitializer","app/Application/SuperMagic/Skill/Initializer/BuiltinSkillInitializer.php","App\Application\SuperMagic\Skill\Initializer\BuiltinSkillInitializer","class","Skill","ordinary","0"
"vendor/dtyq/super-magic-module/src/Application/Skill/Service/AbstractSkillAppService.php","Dtyq\SuperMagic\Application\Skill\Service\AbstractSkillAppService","app/Application/SuperMagic/Skill/Service/AbstractSkillAppService.php","App\Application\SuperMagic\Skill\Service\AbstractSkillAppService","class","Skill","ordinary","0"
"vendor/dtyq/super-magic-module/src/Application/Skill/Service/AdminSkillAppService.php","Dtyq\SuperMagic\Application\Skill\Service\AdminSkillAppService","app/Application/SuperMagic/Skill/Service/AdminSkillAppService.php","App\Application\SuperMagic\Skill\Service\AdminSkillAppService","class","Skill","ordinary","0"
"vendor/dtyq/super-magic-module/src/Application/Skill/Service/SkillAppService.php","Dtyq\SuperMagic\Application\Skill\Service\SkillAppService","app/Application/SuperMagic/Skill/Service/SkillAppService.php","App\Application\SuperMagic\Skill\Service\SkillAppService","class","Skill","ordinary","0"
"vendor/dtyq/super-magic-module/src/Application/Skill/Service/SkillMarketAppService.php","Dtyq\SuperMagic\Application\Skill\Service\SkillMarketAppService","app/Application/SuperMagic/Skill/Service/SkillMarketAppService.php","App\Application\SuperMagic\Skill\Service\SkillMarketAppService","class","Skill","ordinary","0"
"vendor/dtyq/super-magic-module/src/Application/SuperAgent/Assembler/TaskConfigAssembler.php","Dtyq\SuperMagic\Application\SuperAgent\Assembler\TaskConfigAssembler","app/Application/SuperMagic/Task/Assembler/TaskConfigAssembler.php","App\Application\SuperMagic\Task\Assembler\TaskConfigAssembler","class","Task","ordinary","0"
"vendor/dtyq/super-magic-module/src/Application/SuperAgent/Assembler/UserMessageDTOAssembler.php","Dtyq\SuperMagic\Application\SuperAgent\Assembler\UserMessageDTOAssembler","app/Application/SuperMagic/Message/Assembler/UserMessageDTOAssembler.php","App\Application\SuperMagic\Message\Assembler\UserMessageDTOAssembler","class","Message","ordinary","0"
"vendor/dtyq/super-magic-module/src/Application/SuperAgent/Command/MessageQueueCompensationCommand.php","Dtyq\SuperMagic\Application\SuperAgent\Command\MessageQueueCompensationCommand","app/Application/SuperMagic/Message/Command/MessageQueueCompensationCommand.php","App\Application\SuperMagic\Message\Command\MessageQueueCompensationCommand","class","Message","Command","0"
"vendor/dtyq/super-magic-module/src/Application/SuperAgent/Command/RunMessageCompensationCommand.php","Dtyq\SuperMagic\Application\SuperAgent\Command\RunMessageCompensationCommand","app/Application/SuperMagic/Message/Command/RunMessageCompensationCommand.php","App\Application\SuperMagic\Message\Command\RunMessageCompensationCommand","class","Message","Command","0"
"vendor/dtyq/super-magic-module/src/Application/SuperAgent/Command/RunWarmPoolAcquireCommand.php","Dtyq\SuperMagic\Application\SuperAgent\Command\RunWarmPoolAcquireCommand","app/Application/SuperMagic/Task/Command/RunWarmPoolAcquireCommand.php","App\Application\SuperMagic\Task\Command\RunWarmPoolAcquireCommand","class","Task","Command","0"
"vendor/dtyq/super-magic-module/src/Application/SuperAgent/Command/RunWarmPoolDrainCommand.php","Dtyq\SuperMagic\Application\SuperAgent\Command\RunWarmPoolDrainCommand","app/Application/SuperMagic/Task/Command/RunWarmPoolDrainCommand.php","App\Application\SuperMagic\Task\Command\RunWarmPoolDrainCommand","class","Task","Command","0"
"vendor/dtyq/super-magic-module/src/Application/SuperAgent/Command/RunWarmPoolEvictCommand.php","Dtyq\SuperMagic\Application\SuperAgent\Command\RunWarmPoolEvictCommand","app/Application/SuperMagic/Task/Command/RunWarmPoolEvictCommand.php","App\Application\SuperMagic\Task\Command\RunWarmPoolEvictCommand","class","Task","Command","0"
"vendor/dtyq/super-magic-module/src/Application/SuperAgent/Command/RunWarmPoolImageShiftCommand.php","Dtyq\SuperMagic\Application\SuperAgent\Command\RunWarmPoolImageShiftCommand","app/Application/SuperMagic/Task/Command/RunWarmPoolImageShiftCommand.php","App\Application\SuperMagic\Task\Command\RunWarmPoolImageShiftCommand","class","Task","Command","0"
"vendor/dtyq/super-magic-module/src/Application/SuperAgent/Command/RunWarmPoolRefillCommand.php","Dtyq\SuperMagic\Application\SuperAgent\Command\RunWarmPoolRefillCommand","app/Application/SuperMagic/Task/Command/RunWarmPoolRefillCommand.php","App\Application\SuperMagic\Task\Command\RunWarmPoolRefillCommand","class","Task","Command","0"
"vendor/dtyq/super-magic-module/src/Application/SuperAgent/Config/BatchProcessConfig.php","Dtyq\SuperMagic\Application\SuperAgent\Config\BatchProcessConfig","app/Application/SuperMagic/Common/Config/BatchProcessConfig.php","App\Application\SuperMagic\Common\Config\BatchProcessConfig","class","Common","ordinary","0"
"vendor/dtyq/super-magic-module/src/Application/SuperAgent/Crontab/CheckTaskStatusTask.php","Dtyq\SuperMagic\Application\SuperAgent\Crontab\CheckTaskStatusTask","app/Application/SuperMagic/Task/Crontab/CheckTaskStatusTask.php","App\Application\SuperMagic\Task\Crontab\CheckTaskStatusTask","class","Task","Crontab","0"
"vendor/dtyq/super-magic-module/src/Application/SuperAgent/Crontab/MessageCompensationCrontab.php","Dtyq\SuperMagic\Application\SuperAgent\Crontab\MessageCompensationCrontab","app/Application/SuperMagic/Message/Crontab/MessageCompensationCrontab.php","App\Application\SuperMagic\Message\Crontab\MessageCompensationCrontab","class","Message","Crontab","0"
"vendor/dtyq/super-magic-module/src/Application/SuperAgent/Crontab/MessageQueueCompensationCrontab.php","Dtyq\SuperMagic\Application\SuperAgent\Crontab\MessageQueueCompensationCrontab","app/Application/SuperMagic/Message/Crontab/MessageQueueCompensationCrontab.php","App\Application\SuperMagic\Message\Crontab\MessageQueueCompensationCrontab","class","Message","Crontab","0"
"vendor/dtyq/super-magic-module/src/Application/SuperAgent/Crontab/WarmPoolEvictCrontab.php","Dtyq\SuperMagic\Application\SuperAgent\Crontab\WarmPoolEvictCrontab","app/Application/SuperMagic/Task/Crontab/WarmPoolEvictCrontab.php","App\Application\SuperMagic\Task\Crontab\WarmPoolEvictCrontab","class","Task","Crontab","0"
"vendor/dtyq/super-magic-module/src/Application/SuperAgent/Crontab/WarmPoolImageShiftCrontab.php","Dtyq\SuperMagic\Application\SuperAgent\Crontab\WarmPoolImageShiftCrontab","app/Application/SuperMagic/Task/Crontab/WarmPoolImageShiftCrontab.php","App\Application\SuperMagic\Task\Crontab\WarmPoolImageShiftCrontab","class","Task","Crontab","0"
"vendor/dtyq/super-magic-module/src/Application/SuperAgent/Crontab/WarmPoolReconcileCrontab.php","Dtyq\SuperMagic\Application\SuperAgent\Crontab\WarmPoolReconcileCrontab","app/Application/SuperMagic/Task/Crontab/WarmPoolReconcileCrontab.php","App\Application\SuperMagic\Task\Crontab\WarmPoolReconcileCrontab","class","Task","Crontab","0"
"vendor/dtyq/super-magic-module/src/Application/SuperAgent/Crontab/WarmPoolRefillCrontab.php","Dtyq\SuperMagic\Application\SuperAgent\Crontab\WarmPoolRefillCrontab","app/Application/SuperMagic/Task/Crontab/WarmPoolRefillCrontab.php","App\Application\SuperMagic\Task\Crontab\WarmPoolRefillCrontab","class","Task","Crontab","0"
"vendor/dtyq/super-magic-module/src/Application/SuperAgent/DTO/FileConvertProgressDTO.php","Dtyq\SuperMagic\Application\SuperAgent\DTO\FileConvertProgressDTO","app/Application/SuperMagic/File/DTO/FileConvertProgressDTO.php","App\Application\SuperMagic\File\DTO\FileConvertProgressDTO","class","File","ordinary","0"
"vendor/dtyq/super-magic-module/src/Application/SuperAgent/DTO/InterruptClientNotification.php","Dtyq\SuperMagic\Application\SuperAgent\DTO\InterruptClientNotification","app/Application/SuperMagic/Task/DTO/InterruptClientNotification.php","App\Application\SuperMagic\Task\DTO\InterruptClientNotification","class","Task","ordinary","0"
"vendor/dtyq/super-magic-module/src/Application/SuperAgent/DTO/Request/CreateAgentProjectRequestDTO.php","Dtyq\SuperMagic\Application\SuperAgent\DTO\Request\CreateAgentProjectRequestDTO","app/Application/SuperMagic/Project/DTO/Request/CreateAgentProjectRequestDTO.php","App\Application\SuperMagic\Project\DTO\Request\CreateAgentProjectRequestDTO","class","Project","ordinary","0"
"vendor/dtyq/super-magic-module/src/Application/SuperAgent/DTO/Request/CreateAudioProjectRequestDTO.php","Dtyq\SuperMagic\Application\SuperAgent\DTO\Request\CreateAudioProjectRequestDTO","app/Application/SuperMagic/File/DTO/Request/CreateAudioProjectRequestDTO.php","App\Application\SuperMagic\File\DTO\Request\CreateAudioProjectRequestDTO","class","File","ordinary","0"
"vendor/dtyq/super-magic-module/src/Application/SuperAgent/DTO/Request/CreateMicroAppProjectRequestDTO.php","Dtyq\SuperMagic\Application\SuperAgent\DTO\Request\CreateMicroAppProjectRequestDTO","app/Application/SuperMagic/Project/DTO/Request/CreateMicroAppProjectRequestDTO.php","App\Application\SuperMagic\Project\DTO\Request\CreateMicroAppProjectRequestDTO","class","Project","ordinary","0"
"vendor/dtyq/super-magic-module/src/Application/SuperAgent/DTO/Request/GetAudioProjectListRequestDTO.php","Dtyq\SuperMagic\Application\SuperAgent\DTO\Request\GetAudioProjectListRequestDTO","app/Application/SuperMagic/File/DTO/Request/GetAudioProjectListRequestDTO.php","App\Application\SuperMagic\File\DTO\Request\GetAudioProjectListRequestDTO","class","File","ordinary","0"
"vendor/dtyq/super-magic-module/src/Application/SuperAgent/DTO/Request/ImportAudioFilesRequestDTO.php","Dtyq\SuperMagic\Application\SuperAgent\DTO\Request\ImportAudioFilesRequestDTO","app/Application/SuperMagic/File/DTO/Request/ImportAudioFilesRequestDTO.php","App\Application\SuperMagic\File\DTO\Request\ImportAudioFilesRequestDTO","class","File","ordinary","0"
"vendor/dtyq/super-magic-module/src/Application/SuperAgent/DTO/Request/MicroAppListRequestDTO.php","Dtyq\SuperMagic\Application\SuperAgent\DTO\Request\MicroAppListRequestDTO","app/Application/SuperMagic/Project/DTO/Request/MicroAppListRequestDTO.php","App\Application\SuperMagic\Project\DTO\Request\MicroAppListRequestDTO","class","Project","ordinary","0"
"vendor/dtyq/super-magic-module/src/Application/SuperAgent/DTO/Request/PublishMicroAppRequestDTO.php","Dtyq\SuperMagic\Application\SuperAgent\DTO\Request\PublishMicroAppRequestDTO","app/Application/SuperMagic/Project/DTO/Request/PublishMicroAppRequestDTO.php","App\Application\SuperMagic\Project\DTO\Request\PublishMicroAppRequestDTO","class","Project","ordinary","0"
"vendor/dtyq/super-magic-module/src/Application/SuperAgent/DTO/Request/PublishedMicroAppListRequestDTO.php","Dtyq\SuperMagic\Application\SuperAgent\DTO\Request\PublishedMicroAppListRequestDTO","app/Application/SuperMagic/Project/DTO/Request/PublishedMicroAppListRequestDTO.php","App\Application\SuperMagic\Project\DTO\Request\PublishedMicroAppListRequestDTO","class","Project","ordinary","0"
"vendor/dtyq/super-magic-module/src/Application/SuperAgent/DTO/Request/UpdateAudioProjectMetadataRequestDTO.php","Dtyq\SuperMagic\Application\SuperAgent\DTO\Request\UpdateAudioProjectMetadataRequestDTO","app/Application/SuperMagic/File/DTO/Request/UpdateAudioProjectMetadataRequestDTO.php","App\Application\SuperMagic\File\DTO\Request\UpdateAudioProjectMetadataRequestDTO","class","File","ordinary","0"
"vendor/dtyq/super-magic-module/src/Application/SuperAgent/DTO/Request/UpdateAudioProjectTagsRequestDTO.php","Dtyq\SuperMagic\Application\SuperAgent\DTO\Request\UpdateAudioProjectTagsRequestDTO","app/Application/SuperMagic/File/DTO/Request/UpdateAudioProjectTagsRequestDTO.php","App\Application\SuperMagic\File\DTO\Request\UpdateAudioProjectTagsRequestDTO","class","File","ordinary","0"
"vendor/dtyq/super-magic-module/src/Application/SuperAgent/DTO/Request/UpdateMicroAppRequestDTO.php","Dtyq\SuperMagic\Application\SuperAgent\DTO\Request\UpdateMicroAppRequestDTO","app/Application/SuperMagic/Project/DTO/Request/UpdateMicroAppRequestDTO.php","App\Application\SuperMagic\Project\DTO\Request\UpdateMicroAppRequestDTO","class","Project","ordinary","0"
"vendor/dtyq/super-magic-module/src/Application/SuperAgent/DTO/Response/AudioProjectExtraDTO.php","Dtyq\SuperMagic\Application\SuperAgent\DTO\Response\AudioProjectExtraDTO","app/Application/SuperMagic/File/DTO/Response/AudioProjectExtraDTO.php","App\Application\SuperMagic\File\DTO\Response\AudioProjectExtraDTO","class","File","ordinary","0"
"vendor/dtyq/super-magic-module/src/Application/SuperAgent/DTO/Response/AudioProjectListResponseDTO.php","Dtyq\SuperMagic\Application\SuperAgent\DTO\Response\AudioProjectListResponseDTO","app/Application/SuperMagic/File/DTO/Response/AudioProjectListResponseDTO.php","App\Application\SuperMagic\File\DTO\Response\AudioProjectListResponseDTO","class","File","ordinary","0"
"vendor/dtyq/super-magic-module/src/Application/SuperAgent/DTO/SandboxInfoDTO.php","Dtyq\SuperMagic\Application\SuperAgent\DTO\SandboxInfoDTO","app/Application/SuperMagic/Task/DTO/SandboxInfoDTO.php","App\Application\SuperMagic\Task\DTO\SandboxInfoDTO","class","Task","ordinary","0"
"vendor/dtyq/super-magic-module/src/Application/SuperAgent/DTO/TaskInitializationMessageDTO.php","Dtyq\SuperMagic\Application\SuperAgent\DTO\TaskInitializationMessageDTO","app/Application/SuperMagic/Message/DTO/TaskInitializationMessageDTO.php","App\Application\SuperMagic\Message\DTO\TaskInitializationMessageDTO","class","Message","ordinary","0"
"vendor/dtyq/super-magic-module/src/Application/SuperAgent/DTO/TaskMessageDTO.php","Dtyq\SuperMagic\Application\SuperAgent\DTO\TaskMessageDTO","app/Application/SuperMagic/Message/DTO/TaskMessageDTO.php","App\Application\SuperMagic\Message\DTO\TaskMessageDTO","class","Message","ordinary","0"
"vendor/dtyq/super-magic-module/src/Application/SuperAgent/DTO/UserMessageDTO.php","Dtyq\SuperMagic\Application\SuperAgent\DTO\UserMessageDTO","app/Application/SuperMagic/Message/DTO/UserMessageDTO.php","App\Application\SuperMagic\Message\DTO\UserMessageDTO","class","Message","ordinary","0"
"vendor/dtyq/super-magic-module/src/Application/SuperAgent/Event/Publish/FileBatchCopyPublisher.php","Dtyq\SuperMagic\Application\SuperAgent\Event\Publish\FileBatchCopyPublisher","app/Application/SuperMagic/File/Event/Publish/FileBatchCopyPublisher.php","App\Application\SuperMagic\File\Event\Publish\FileBatchCopyPublisher","class","File","ordinary","0"
"vendor/dtyq/super-magic-module/src/Application/SuperAgent/Event/Publish/FileBatchMovePublisher.php","Dtyq\SuperMagic\Application\SuperAgent\Event\Publish\FileBatchMovePublisher","app/Application/SuperMagic/File/Event/Publish/FileBatchMovePublisher.php","App\Application\SuperMagic\File\Event\Publish\FileBatchMovePublisher","class","File","ordinary","0"
"vendor/dtyq/super-magic-module/src/Application/SuperAgent/Event/Publish/ProjectForkPublisher.php","Dtyq\SuperMagic\Application\SuperAgent\Event\Publish\ProjectForkPublisher","app/Application/SuperMagic/Project/Event/Publish/ProjectForkPublisher.php","App\Application\SuperMagic\Project\Event\Publish\ProjectForkPublisher","class","Project","ordinary","0"
"vendor/dtyq/super-magic-module/src/Application/SuperAgent/Event/Publish/StopRunningTaskPublisher.php","Dtyq\SuperMagic\Application\SuperAgent\Event\Publish\StopRunningTaskPublisher","app/Application/SuperMagic/Task/Event/Publish/StopRunningTaskPublisher.php","App\Application\SuperMagic\Task\Event\Publish\StopRunningTaskPublisher","class","Task","ordinary","0"
"vendor/dtyq/super-magic-module/src/Application/SuperAgent/Event/Publish/TaskInitializationPublisher.php","Dtyq\SuperMagic\Application\SuperAgent\Event\Publish\TaskInitializationPublisher","app/Application/SuperMagic/Task/Event/Publish/TaskInitializationPublisher.php","App\Application\SuperMagic\Task\Event\Publish\TaskInitializationPublisher","class","Task","ordinary","0"
"vendor/dtyq/super-magic-module/src/Application/SuperAgent/Event/Publish/TopicMessageProcessPublisher.php","Dtyq\SuperMagic\Application\SuperAgent\Event\Publish\TopicMessageProcessPublisher","app/Application/SuperMagic/Message/Event/Publish/TopicMessageProcessPublisher.php","App\Application\SuperMagic\Message\Event\Publish\TopicMessageProcessPublisher","class","Message","ordinary","0"
"vendor/dtyq/super-magic-module/src/Application/SuperAgent/Event/Subscribe/AttachmentsProcessedEventSubscriber.php","Dtyq\SuperMagic\Application\SuperAgent\Event\Subscribe\AttachmentsProcessedEventSubscriber","app/Application/SuperMagic/File/Event/Subscribe/AttachmentsProcessedEventSubscriber.php","App\Application\SuperMagic\File\Event\Subscribe\AttachmentsProcessedEventSubscriber","class","File","Listener","0"
"vendor/dtyq/super-magic-module/src/Application/SuperAgent/Event/Subscribe/CheckLongTermMemoryEventSubscriber.php","Dtyq\SuperMagic\Application\SuperAgent\Event\Subscribe\CheckLongTermMemoryEventSubscriber","app/Application/SuperMagic/Common/Event/Subscribe/CheckLongTermMemoryEventSubscriber.php","App\Application\SuperMagic\Common\Event\Subscribe\CheckLongTermMemoryEventSubscriber","class","Common","ordinary","0"
"vendor/dtyq/super-magic-module/src/Application/SuperAgent/Event/Subscribe/CheckpointRollbackMessageNotificationSubscriber.php","Dtyq\SuperMagic\Application\SuperAgent\Event\Subscribe\CheckpointRollbackMessageNotificationSubscriber","app/Application/SuperMagic/Message/Event/Subscribe/CheckpointRollbackMessageNotificationSubscriber.php","App\Application\SuperMagic\Message\Event\Subscribe\CheckpointRollbackMessageNotificationSubscriber","class","Message","Listener","0"
"vendor/dtyq/super-magic-module/src/Application/SuperAgent/Event/Subscribe/CustomAiAbilitySubscriber.php","Dtyq\SuperMagic\Application\SuperAgent\Event\Subscribe\CustomAiAbilitySubscriber","app/Application/SuperMagic/Task/Event/Subscribe/CustomAiAbilitySubscriber.php","App\Application\SuperMagic\Task\Event\Subscribe\CustomAiAbilitySubscriber","class","Task","Listener","0"
"vendor/dtyq/super-magic-module/src/Application/SuperAgent/Event/Subscribe/FileBatchCopySubscriber.php","Dtyq\SuperMagic\Application\SuperAgent\Event\Subscribe\FileBatchCopySubscriber","app/Application/SuperMagic/File/Event/Subscribe/FileBatchCopySubscriber.php","App\Application\SuperMagic\File\Event\Subscribe\FileBatchCopySubscriber","class","File","Consumer","0"
"vendor/dtyq/super-magic-module/src/Application/SuperAgent/Event/Subscribe/FileBatchMoveSubscriber.php","Dtyq\SuperMagic\Application\SuperAgent\Event\Subscribe\FileBatchMoveSubscriber","app/Application/SuperMagic/File/Event/Subscribe/FileBatchMoveSubscriber.php","App\Application\SuperMagic\File\Event\Subscribe\FileBatchMoveSubscriber","class","File","Consumer","0"
"vendor/dtyq/super-magic-module/src/Application/SuperAgent/Event/Subscribe/FileChangeNotificationSubscriber.php","Dtyq\SuperMagic\Application\SuperAgent\Event\Subscribe\FileChangeNotificationSubscriber","app/Application/SuperMagic/File/Event/Subscribe/FileChangeNotificationSubscriber.php","App\Application\SuperMagic\File\Event\Subscribe\FileChangeNotificationSubscriber","class","File","Listener","0"
"vendor/dtyq/super-magic-module/src/Application/SuperAgent/Event/Subscribe/ImageModelVersionListAddDynamicConfigSubscriber.php","Dtyq\SuperMagic\Application\SuperAgent\Event\Subscribe\ImageModelVersionListAddDynamicConfigSubscriber","app/Application/SuperMagic/Common/Event/Subscribe/ImageModelVersionListAddDynamicConfigSubscriber.php","App\Application\SuperMagic\Common\Event\Subscribe\ImageModelVersionListAddDynamicConfigSubscriber","class","Common","Listener","0"
"vendor/dtyq/super-magic-module/src/Application/SuperAgent/Event/Subscribe/InitAccountMessageSubscriber.php","Dtyq\SuperMagic\Application\SuperAgent\Event\Subscribe\InitAccountMessageSubscriber","app/Application/SuperMagic/Message/Event/Subscribe/InitAccountMessageSubscriber.php","App\Application\SuperMagic\Message\Event\Subscribe\InitAccountMessageSubscriber","class","Message","Consumer","0"
"vendor/dtyq/super-magic-module/src/Application/SuperAgent/Event/Subscribe/InvalidateWarmPoolSandboxesOnSandboxImageChangeSubscriber.php","Dtyq\SuperMagic\Application\SuperAgent\Event\Subscribe\InvalidateWarmPoolSandboxesOnSandboxImageChangeSubscriber","app/Application/SuperMagic/Task/Event/Subscribe/InvalidateWarmPoolSandboxesOnSandboxImageChangeSubscriber.php","App\Application\SuperMagic\Task\Event\Subscribe\InvalidateWarmPoolSandboxesOnSandboxImageChangeSubscriber","class","Task","Listener","0"
"vendor/dtyq/super-magic-module/src/Application/SuperAgent/Event/Subscribe/MessageQueueNotificationSubscriber.php","Dtyq\SuperMagic\Application\SuperAgent\Event\Subscribe\MessageQueueNotificationSubscriber","app/Application/SuperMagic/Message/Event/Subscribe/MessageQueueNotificationSubscriber.php","App\Application\SuperMagic\Message\Event\Subscribe\MessageQueueNotificationSubscriber","class","Message","Listener","0"
"vendor/dtyq/super-magic-module/src/Application/SuperAgent/Event/Subscribe/MessageQueueProcessSubscriber.php","Dtyq\SuperMagic\Application\SuperAgent\Event\Subscribe\MessageQueueProcessSubscriber","app/Application/SuperMagic/Message/Event/Subscribe/MessageQueueProcessSubscriber.php","App\Application\SuperMagic\Message\Event\Subscribe\MessageQueueProcessSubscriber","class","Message","Listener","0"
"vendor/dtyq/super-magic-module/src/Application/SuperAgent/Event/Subscribe/ProjectAssetUpdatedAtSubscriber.php","Dtyq\SuperMagic\Application\SuperAgent\Event\Subscribe\ProjectAssetUpdatedAtSubscriber","app/Application/SuperMagic/Project/Event/Subscribe/ProjectAssetUpdatedAtSubscriber.php","App\Application\SuperMagic\Project\Event\Subscribe\ProjectAssetUpdatedAtSubscriber","class","Project","Listener","0"
"vendor/dtyq/super-magic-module/src/Application/SuperAgent/Event/Subscribe/ProjectForkSubscriber.php","Dtyq\SuperMagic\Application\SuperAgent\Event\Subscribe\ProjectForkSubscriber","app/Application/SuperMagic/Project/Event/Subscribe/ProjectForkSubscriber.php","App\Application\SuperMagic\Project\Event\Subscribe\ProjectForkSubscriber","class","Project","Consumer","0"
"vendor/dtyq/super-magic-module/src/Application/SuperAgent/Event/Subscribe/ProjectOperatorLogSubscriber.php","Dtyq\SuperMagic\Application\SuperAgent\Event\Subscribe\ProjectOperatorLogSubscriber","app/Application/SuperMagic/Project/Event/Subscribe/ProjectOperatorLogSubscriber.php","App\Application\SuperMagic\Project\Event\Subscribe\ProjectOperatorLogSubscriber","class","Project","Listener","0"
"vendor/dtyq/super-magic-module/src/Application/SuperAgent/Event/Subscribe/RunTaskCallbackEventSubscriber.php","Dtyq\SuperMagic\Application\SuperAgent\Event\Subscribe\RunTaskCallbackEventSubscriber","app/Application/SuperMagic/Task/Event/Subscribe/RunTaskCallbackEventSubscriber.php","App\Application\SuperMagic\Task\Event\Subscribe\RunTaskCallbackEventSubscriber","class","Task","Listener","0"
"vendor/dtyq/super-magic-module/src/Application/SuperAgent/Event/Subscribe/SandboxKeepAliveCleanupSubscriber.php","Dtyq\SuperMagic\Application\SuperAgent\Event\Subscribe\SandboxKeepAliveCleanupSubscriber","app/Application/SuperMagic/Task/Event/Subscribe/SandboxKeepAliveCleanupSubscriber.php","App\Application\SuperMagic\Task\Event\Subscribe\SandboxKeepAliveCleanupSubscriber","class","Task","Listener","0"
"vendor/dtyq/super-magic-module/src/Application/SuperAgent/Event/Subscribe/StopRunningTaskSubscriber.php","Dtyq\SuperMagic\Application\SuperAgent\Event\Subscribe\StopRunningTaskSubscriber","app/Application/SuperMagic/Task/Event/Subscribe/StopRunningTaskSubscriber.php","App\Application\SuperMagic\Task\Event\Subscribe\StopRunningTaskSubscriber","class","Task","Consumer","0"
"vendor/dtyq/super-magic-module/src/Application/SuperAgent/Event/Subscribe/SuperAgentMessageSubscriberV2.php","Dtyq\SuperMagic\Application\SuperAgent\Event\Subscribe\SuperAgentMessageSubscriberV2","app/Application/SuperMagic/Message/Event/Subscribe/SuperAgentMessageSubscriberV2.php","App\Application\SuperMagic\Message\Event\Subscribe\SuperAgentMessageSubscriberV2","class","Message","ordinary","0"
"vendor/dtyq/super-magic-module/src/Application/SuperAgent/Event/Subscribe/TaskInitializationConsumer.php","Dtyq\SuperMagic\Application\SuperAgent\Event\Subscribe\TaskInitializationConsumer","app/Application/SuperMagic/Task/Event/Subscribe/TaskInitializationConsumer.php","App\Application\SuperMagic\Task\Event\Subscribe\TaskInitializationConsumer","class","Task","Consumer","0"
"vendor/dtyq/super-magic-module/src/Application/SuperAgent/Event/Subscribe/TopicMessageProcessSubscriber.php","Dtyq\SuperMagic\Application\SuperAgent\Event\Subscribe\TopicMessageProcessSubscriber","app/Application/SuperMagic/Message/Event/Subscribe/TopicMessageProcessSubscriber.php","App\Application\SuperMagic\Message\Event\Subscribe\TopicMessageProcessSubscriber","class","Message","Consumer","0"
"vendor/dtyq/super-magic-module/src/Application/SuperAgent/Event/Subscribe/UngroupedProjectCountCacheSubscriber.php","Dtyq\SuperMagic\Application\SuperAgent\Event\Subscribe\UngroupedProjectCountCacheSubscriber","app/Application/SuperMagic/Project/Event/Subscribe/UngroupedProjectCountCacheSubscriber.php","App\Application\SuperMagic\Project\Event\Subscribe\UngroupedProjectCountCacheSubscriber","class","Project","Listener","0"
"vendor/dtyq/super-magic-module/src/Application/SuperAgent/Service/AbstractAppService.php","Dtyq\SuperMagic\Application\SuperAgent\Service\AbstractAppService","app/Application/SuperMagic/Common/Service/AbstractAppService.php","App\Application\SuperMagic\Common\Service\AbstractAppService","class","Common","ordinary","0"
"vendor/dtyq/super-magic-module/src/Application/SuperAgent/Service/AccessTokenAuthorizationService.php","Dtyq\SuperMagic\Application\SuperAgent\Service\AccessTokenAuthorizationService","app/Application/SuperMagic/Common/Service/AccessTokenAuthorizationService.php","App\Application\SuperMagic\Common\Service\AccessTokenAuthorizationService","class","Common","ordinary","0"
"vendor/dtyq/super-magic-module/src/Application/SuperAgent/Service/AccountAppService.php","Dtyq\SuperMagic\Application\SuperAgent\Service\AccountAppService","app/Application/SuperMagic/Common/Service/AccountAppService.php","App\Application\SuperMagic\Common\Service\AccountAppService","class","Common","ordinary","0"
"vendor/dtyq/super-magic-module/src/Application/SuperAgent/Service/AgentAppService.php","Dtyq\SuperMagic\Application\SuperAgent\Service\AgentAppService","app/Application/SuperMagic/Task/Service/AgentAppService.php","App\Application\SuperMagic\Task\Service\AgentAppService","class","Task","ordinary","0"
"vendor/dtyq/super-magic-module/src/Application/SuperAgent/Service/AgentFileAppService.php","Dtyq\SuperMagic\Application\SuperAgent\Service\AgentFileAppService","app/Application/SuperMagic/File/Service/AgentFileAppService.php","App\Application\SuperMagic\File\Service\AgentFileAppService","class","File","ordinary","0"
"vendor/dtyq/super-magic-module/src/Application/SuperAgent/Service/AiAbilityRuntimeConfigAppService.php","Dtyq\SuperMagic\Application\SuperAgent\Service\AiAbilityRuntimeConfigAppService","app/Application/SuperMagic/Task/Service/AiAbilityRuntimeConfigAppService.php","App\Application\SuperMagic\Task\Service\AiAbilityRuntimeConfigAppService","class","Task","ordinary","0"
"vendor/dtyq/super-magic-module/src/Application/SuperAgent/Service/AudioMarkerAppService.php","Dtyq\SuperMagic\Application\SuperAgent\Service\AudioMarkerAppService","app/Application/SuperMagic/File/Service/AudioMarkerAppService.php","App\Application\SuperMagic\File\Service\AudioMarkerAppService","class","File","ordinary","0"
"vendor/dtyq/super-magic-module/src/Application/SuperAgent/Service/ClientMessageAppService.php","Dtyq\SuperMagic\Application\SuperAgent\Service\ClientMessageAppService","app/Application/SuperMagic/Message/Service/ClientMessageAppService.php","App\Application\SuperMagic\Message\Service\ClientMessageAppService","class","Message","ordinary","0"
"vendor/dtyq/super-magic-module/src/Application/SuperAgent/Service/DataIntegrityAppService.php","Dtyq\SuperMagic\Application\SuperAgent\Service\DataIntegrityAppService","app/Application/SuperMagic/Task/Service/DataIntegrityAppService.php","App\Application\SuperMagic\Task\Service\DataIntegrityAppService","class","Task","ordinary","0"
"vendor/dtyq/super-magic-module/src/Application/SuperAgent/Service/FileBatchAppService.php","Dtyq\SuperMagic\Application\SuperAgent\Service\FileBatchAppService","app/Application/SuperMagic/File/Service/FileBatchAppService.php","App\Application\SuperMagic\File\Service\FileBatchAppService","class","File","ordinary","0"
"vendor/dtyq/super-magic-module/src/Application/SuperAgent/Service/FileConvertStatusManager.php","Dtyq\SuperMagic\Application\SuperAgent\Service\FileConvertStatusManager","app/Application/SuperMagic/File/Service/FileConvertStatusManager.php","App\Application\SuperMagic\File\Service\FileConvertStatusManager","class","File","ordinary","0"
"vendor/dtyq/super-magic-module/src/Application/SuperAgent/Service/FileConverterAppService.php","Dtyq\SuperMagic\Application\SuperAgent\Service\FileConverterAppService","app/Application/SuperMagic/File/Service/FileConverterAppService.php","App\Application\SuperMagic\File\Service\FileConverterAppService","class","File","ordinary","0"
"vendor/dtyq/super-magic-module/src/Application/SuperAgent/Service/FileEditingAppService.php","Dtyq\SuperMagic\Application\SuperAgent\Service\FileEditingAppService","app/Application/SuperMagic/File/Service/FileEditingAppService.php","App\Application\SuperMagic\File\Service\FileEditingAppService","class","File","ordinary","0"
"vendor/dtyq/super-magic-module/src/Application/SuperAgent/Service/FileManagementAppService.php","Dtyq\SuperMagic\Application\SuperAgent\Service\FileManagementAppService","app/Application/SuperMagic/File/Service/FileManagementAppService.php","App\Application\SuperMagic\File\Service\FileManagementAppService","class","File","ordinary","0"
"vendor/dtyq/super-magic-module/src/Application/SuperAgent/Service/FileProcessAppService.php","Dtyq\SuperMagic\Application\SuperAgent\Service\FileProcessAppService","app/Application/SuperMagic/File/Service/FileProcessAppService.php","App\Application\SuperMagic\File\Service\FileProcessAppService","class","File","ordinary","0"
"vendor/dtyq/super-magic-module/src/Application/SuperAgent/Service/FileVersionAppService.php","Dtyq\SuperMagic\Application\SuperAgent\Service\FileVersionAppService","app/Application/SuperMagic/File/Service/FileVersionAppService.php","App\Application\SuperMagic\File\Service\FileVersionAppService","class","File","ordinary","0"
"vendor/dtyq/super-magic-module/src/Application/SuperAgent/Service/HandleAgentMessageAppService.php","Dtyq\SuperMagic\Application\SuperAgent\Service\HandleAgentMessageAppService","app/Application/SuperMagic/Message/Service/HandleAgentMessageAppService.php","App\Application\SuperMagic\Message\Service\HandleAgentMessageAppService","class","Message","ordinary","0"
"vendor/dtyq/super-magic-module/src/Application/SuperAgent/Service/HandleApiMessageAppService.php","Dtyq\SuperMagic\Application\SuperAgent\Service\HandleApiMessageAppService","app/Application/SuperMagic/Message/Service/HandleApiMessageAppService.php","App\Application\SuperMagic\Message\Service\HandleApiMessageAppService","class","Message","ordinary","0"
"vendor/dtyq/super-magic-module/src/Application/SuperAgent/Service/HandleTaskMessageAppService.php","Dtyq\SuperMagic\Application\SuperAgent\Service\HandleTaskMessageAppService","app/Application/SuperMagic/Message/Service/HandleTaskMessageAppService.php","App\Application\SuperMagic\Message\Service\HandleTaskMessageAppService","class","Message","ordinary","0"
"vendor/dtyq/super-magic-module/src/Application/SuperAgent/Service/HandleUserMessageAppService.php","Dtyq\SuperMagic\Application\SuperAgent\Service\HandleUserMessageAppService","app/Application/SuperMagic/Message/Service/HandleUserMessageAppService.php","App\Application\SuperMagic\Message\Service\HandleUserMessageAppService","class","Message","ordinary","0"
"vendor/dtyq/super-magic-module/src/Application/SuperAgent/Service/MessageQueueAppService.php","Dtyq\SuperMagic\Application\SuperAgent\Service\MessageQueueAppService","app/Application/SuperMagic/Message/Service/MessageQueueAppService.php","App\Application\SuperMagic\Message\Service\MessageQueueAppService","class","Message","ordinary","0"
"vendor/dtyq/super-magic-module/src/Application/SuperAgent/Service/MessageQueueCompensationAppService.php","Dtyq\SuperMagic\Application\SuperAgent\Service\MessageQueueCompensationAppService","app/Application/SuperMagic/Message/Service/MessageQueueCompensationAppService.php","App\Application\SuperMagic\Message\Service\MessageQueueCompensationAppService","class","Message","ordinary","0"
"vendor/dtyq/super-magic-module/src/Application/SuperAgent/Service/MessageQueueProcessAppService.php","Dtyq\SuperMagic\Application\SuperAgent\Service\MessageQueueProcessAppService","app/Application/SuperMagic/Message/Service/MessageQueueProcessAppService.php","App\Application\SuperMagic\Message\Service\MessageQueueProcessAppService","class","Message","ordinary","0"
"vendor/dtyq/super-magic-module/src/Application/SuperAgent/Service/MessageScheduleAppService.php","Dtyq\SuperMagic\Application\SuperAgent\Service\MessageScheduleAppService","app/Application/SuperMagic/Message/Service/MessageScheduleAppService.php","App\Application\SuperMagic\Message\Service\MessageScheduleAppService","class","Message","ordinary","0"
"vendor/dtyq/super-magic-module/src/Application/SuperAgent/Service/MicroAppProjectAppService.php","Dtyq\SuperMagic\Application\SuperAgent\Service\MicroAppProjectAppService","app/Application/SuperMagic/Project/Service/MicroAppProjectAppService.php","App\Application\SuperMagic\Project\Service\MicroAppProjectAppService","class","Project","ordinary","0"
"vendor/dtyq/super-magic-module/src/Application/SuperAgent/Service/OAuth2CallbackRelayAppService.php","Dtyq\SuperMagic\Application\SuperAgent\Service\OAuth2CallbackRelayAppService","app/Application/SuperMagic/Task/Service/OAuth2CallbackRelayAppService.php","App\Application\SuperMagic\Task\Service\OAuth2CallbackRelayAppService","class","Task","ordinary","0"
"vendor/dtyq/super-magic-module/src/Application/SuperAgent/Service/OpenMessageScheduleAppService.php","Dtyq\SuperMagic\Application\SuperAgent\Service\OpenMessageScheduleAppService","app/Application/SuperMagic/Message/Service/OpenMessageScheduleAppService.php","App\Application\SuperMagic\Message\Service\OpenMessageScheduleAppService","class","Message","ordinary","0"
"vendor/dtyq/super-magic-module/src/Application/SuperAgent/Service/ProjectAppService.php","Dtyq\SuperMagic\Application\SuperAgent\Service\ProjectAppService","app/Application/SuperMagic/Project/Service/ProjectAppService.php","App\Application\SuperMagic\Project\Service\ProjectAppService","class","Project","ordinary","0"
"vendor/dtyq/super-magic-module/src/Application/SuperAgent/Service/ProjectInvitationLinkAppService.php","Dtyq\SuperMagic\Application\SuperAgent\Service\ProjectInvitationLinkAppService","app/Application/SuperMagic/Project/Service/ProjectInvitationLinkAppService.php","App\Application\SuperMagic\Project\Service\ProjectInvitationLinkAppService","class","Project","ordinary","0"
"vendor/dtyq/super-magic-module/src/Application/SuperAgent/Service/ProjectMemberAppService.php","Dtyq\SuperMagic\Application\SuperAgent\Service\ProjectMemberAppService","app/Application/SuperMagic/Project/Service/ProjectMemberAppService.php","App\Application\SuperMagic\Project\Service\ProjectMemberAppService","class","Project","ordinary","0"
"vendor/dtyq/super-magic-module/src/Application/SuperAgent/Service/PublishedMicroAppResolver.php","Dtyq\SuperMagic\Application\SuperAgent\Service\PublishedMicroAppResolver","app/Application/SuperMagic/Project/Service/PublishedMicroAppResolver.php","App\Application\SuperMagic\Project\Service\PublishedMicroAppResolver","class","Project","ordinary","0"
"vendor/dtyq/super-magic-module/src/Application/SuperAgent/Service/SandboxFileNotificationAppService.php","Dtyq\SuperMagic\Application\SuperAgent\Service\SandboxFileNotificationAppService","app/Application/SuperMagic/File/Service/SandboxFileNotificationAppService.php","App\Application\SuperMagic\File\Service\SandboxFileNotificationAppService","class","File","ordinary","0"
"vendor/dtyq/super-magic-module/src/Application/SuperAgent/Service/SandboxPreWarmAppService.php","Dtyq\SuperMagic\Application\SuperAgent\Service\SandboxPreWarmAppService","app/Application/SuperMagic/Task/Service/SandboxPreWarmAppService.php","App\Application\SuperMagic\Task\Service\SandboxPreWarmAppService","class","Task","ordinary","0"
"vendor/dtyq/super-magic-module/src/Application/SuperAgent/Service/TaskAppService.php","Dtyq\SuperMagic\Application\SuperAgent\Service\TaskAppService","app/Application/SuperMagic/Task/Service/TaskAppService.php","App\Application\SuperMagic\Task\Service\TaskAppService","class","Task","ordinary","0"
"vendor/dtyq/super-magic-module/src/Application/SuperAgent/Service/TaskContextMentionsResolver.php","Dtyq\SuperMagic\Application\SuperAgent\Service\TaskContextMentionsResolver","app/Application/SuperMagic/Task/Service/TaskContextMentionsResolver.php","App\Application\SuperMagic\Task\Service\TaskContextMentionsResolver","class","Task","ordinary","0"
"vendor/dtyq/super-magic-module/src/Application/SuperAgent/Service/TokenUsageRecordAppService.php","Dtyq\SuperMagic\Application\SuperAgent\Service\TokenUsageRecordAppService","app/Application/SuperMagic/Message/Service/TokenUsageRecordAppService.php","App\Application\SuperMagic\Message\Service\TokenUsageRecordAppService","class","Message","ordinary","0"
"vendor/dtyq/super-magic-module/src/Application/SuperAgent/Service/TopicAppService.php","Dtyq\SuperMagic\Application\SuperAgent\Service\TopicAppService","app/Application/SuperMagic/Topic/Service/TopicAppService.php","App\Application\SuperMagic\Topic\Service\TopicAppService","class","Topic","ordinary","0"
"vendor/dtyq/super-magic-module/src/Application/SuperAgent/Service/TopicDuplicateStatusManager.php","Dtyq\SuperMagic\Application\SuperAgent\Service\TopicDuplicateStatusManager","app/Application/SuperMagic/Topic/Service/TopicDuplicateStatusManager.php","App\Application\SuperMagic\Topic\Service\TopicDuplicateStatusManager","class","Topic","ordinary","0"
"vendor/dtyq/super-magic-module/src/Application/SuperAgent/Service/TopicTaskAppService.php","Dtyq\SuperMagic\Application\SuperAgent\Service\TopicTaskAppService","app/Application/SuperMagic/Task/Service/TopicTaskAppService.php","App\Application\SuperMagic\Task\Service\TopicTaskAppService","class","Task","ordinary","0"
"vendor/dtyq/super-magic-module/src/Application/SuperAgent/Service/TransferAppService.php","Dtyq\SuperMagic\Application\SuperAgent\Service\TransferAppService","app/Application/SuperMagic/Project/Service/TransferAppService.php","App\Application\SuperMagic\Project\Service\TransferAppService","class","Project","ordinary","0"
"vendor/dtyq/super-magic-module/src/Application/SuperAgent/Service/UserMessageToAgentAppService.php","Dtyq\SuperMagic\Application\SuperAgent\Service\UserMessageToAgentAppService","app/Application/SuperMagic/Message/Service/UserMessageToAgentAppService.php","App\Application\SuperMagic\Message\Service\UserMessageToAgentAppService","class","Message","ordinary","0"
"vendor/dtyq/super-magic-module/src/Application/SuperAgent/Service/VideoModelConfigResolver.php","Dtyq\SuperMagic\Application\SuperAgent\Service\VideoModelConfigResolver","app/Application/SuperMagic/Common/Service/VideoModelConfigResolver.php","App\Application\SuperMagic\Common\Service\VideoModelConfigResolver","class","Common","ordinary","0"
"vendor/dtyq/super-magic-module/src/Application/SuperAgent/Service/WarmPoolSandboxAppService.php","Dtyq\SuperMagic\Application\SuperAgent\Service\WarmPoolSandboxAppService","app/Application/SuperMagic/Task/Service/WarmPoolSandboxAppService.php","App\Application\SuperMagic\Task\Service\WarmPoolSandboxAppService","class","Task","ordinary","0"
"vendor/dtyq/super-magic-module/src/Application/SuperAgent/Service/WorkspaceAppService.php","Dtyq\SuperMagic\Application\SuperAgent\Service\WorkspaceAppService","app/Application/SuperMagic/Workspace/Service/WorkspaceAppService.php","App\Application\SuperMagic\Workspace\Service\WorkspaceAppService","class","Workspace","ordinary","0"
"vendor/dtyq/super-magic-module/src/Command/BackfillFileParentIdCommand.php","Dtyq\SuperMagic\Command\BackfillFileParentIdCommand","app/Application/SuperMagic/File/Command/BackfillFileParentIdCommand.php","App\Application\SuperMagic\File\Command\BackfillFileParentIdCommand","class","File","Command","0"
"vendor/dtyq/super-magic-module/src/Command/CreateOfficialAgentsCommand.php","Dtyq\SuperMagic\Command\CreateOfficialAgentsCommand","app/Application/SuperMagic/Agent/Command/CreateOfficialAgentsCommand.php","App\Application\SuperMagic\Agent\Command\CreateOfficialAgentsCommand","class","Agent","Command","0"
"vendor/dtyq/super-magic-module/src/Command/ExportAgentsForMigrationCommand.php","Dtyq\SuperMagic\Command\ExportAgentsForMigrationCommand","app/Application/SuperMagic/Agent/Command/ExportAgentsForMigrationCommand.php","App\Application\SuperMagic\Agent\Command\ExportAgentsForMigrationCommand","class","Agent","Command","0"
"vendor/dtyq/super-magic-module/src/Command/FixMagicHiddenFilesCommand.php","Dtyq\SuperMagic\Command\FixMagicHiddenFilesCommand","app/Application/SuperMagic/File/Command/FixMagicHiddenFilesCommand.php","App\Application\SuperMagic\File\Command\FixMagicHiddenFilesCommand","class","File","Command","0"
"vendor/dtyq/super-magic-module/src/Command/ImportAgentsForMigrationCommand.php","Dtyq\SuperMagic\Command\ImportAgentsForMigrationCommand","app/Application/SuperMagic/Agent/Command/ImportAgentsForMigrationCommand.php","App\Application\SuperMagic\Agent\Command\ImportAgentsForMigrationCommand","class","Agent","Command","0"
"vendor/dtyq/super-magic-module/src/Command/InitAgentProjectFilesCommand.php","Dtyq\SuperMagic\Command\InitAgentProjectFilesCommand","app/Application/SuperMagic/File/Command/InitAgentProjectFilesCommand.php","App\Application\SuperMagic\File\Command\InitAgentProjectFilesCommand","class","File","Command","0"
"vendor/dtyq/super-magic-module/src/Command/MigrateFileTypeDataCommand.php","Dtyq\SuperMagic\Command\MigrateFileTypeDataCommand","app/Application/SuperMagic/File/Command/MigrateFileTypeDataCommand.php","App\Application\SuperMagic\File\Command\MigrateFileTypeDataCommand","class","File","Command","0"
"vendor/dtyq/super-magic-module/src/Command/MigrateOrganizationSharedAgentsCommand.php","Dtyq\SuperMagic\Command\MigrateOrganizationSharedAgentsCommand","app/Application/SuperMagic/Common/Share/Command/MigrateOrganizationSharedAgentsCommand.php","App\Application\SuperMagic\Common\Share\Command\MigrateOrganizationSharedAgentsCommand","class","Common","Command","0"
"vendor/dtyq/super-magic-module/src/Command/MigrateShareTypeDataCommand.php","Dtyq\SuperMagic\Command\MigrateShareTypeDataCommand","app/Application/SuperMagic/Common/Share/Command/MigrateShareTypeDataCommand.php","App\Application\SuperMagic\Common\Share\Command\MigrateShareTypeDataCommand","class","Common","Command","0"
"vendor/dtyq/super-magic-module/src/Command/PublishPrivateAgentsCommand.php","Dtyq\SuperMagic\Command\PublishPrivateAgentsCommand","app/Application/SuperMagic/Agent/Command/PublishPrivateAgentsCommand.php","App\Application\SuperMagic\Agent\Command\PublishPrivateAgentsCommand","class","Agent","Command","0"
"vendor/dtyq/super-magic-module/src/ConfigProvider.php","Dtyq\SuperMagic\ConfigProvider","app/Infrastructure/SuperMagic/ConfigProvider.php","App\Infrastructure\SuperMagic\ConfigProvider","class","Infrastructure","ConfigProvider","0"
"vendor/dtyq/super-magic-module/src/Domain/Agent/Entity/AgentCategoryEntity.php","Dtyq\SuperMagic\Domain\Agent\Entity\AgentCategoryEntity","app/Domain/SuperMagic/Agent/Entity/AgentCategoryEntity.php","App\Domain\SuperMagic\Agent\Entity\AgentCategoryEntity","class","Agent","ordinary","0"
"vendor/dtyq/super-magic-module/src/Domain/Agent/Entity/AgentCategoryRelationEntity.php","Dtyq\SuperMagic\Domain\Agent\Entity\AgentCategoryRelationEntity","app/Domain/SuperMagic/Agent/Entity/AgentCategoryRelationEntity.php","App\Domain\SuperMagic\Agent\Entity\AgentCategoryRelationEntity","class","Agent","ordinary","0"
"vendor/dtyq/super-magic-module/src/Domain/Agent/Entity/AgentMarketEntity.php","Dtyq\SuperMagic\Domain\Agent\Entity\AgentMarketEntity","app/Domain/SuperMagic/Agent/Entity/AgentMarketEntity.php","App\Domain\SuperMagic\Agent\Entity\AgentMarketEntity","class","Agent","ordinary","0"
"vendor/dtyq/super-magic-module/src/Domain/Agent/Entity/AgentPlaybookEntity.php","Dtyq\SuperMagic\Domain\Agent\Entity\AgentPlaybookEntity","app/Domain/SuperMagic/Agent/Entity/AgentPlaybookEntity.php","App\Domain\SuperMagic\Agent\Entity\AgentPlaybookEntity","class","Agent","ordinary","0"
"vendor/dtyq/super-magic-module/src/Domain/Agent/Entity/AgentSkillEntity.php","Dtyq\SuperMagic\Domain\Agent\Entity\AgentSkillEntity","app/Domain/SuperMagic/Agent/Entity/AgentSkillEntity.php","App\Domain\SuperMagic\Agent\Entity\AgentSkillEntity","class","Agent","ordinary","0"
"vendor/dtyq/super-magic-module/src/Domain/Agent/Entity/AgentVersionEntity.php","Dtyq\SuperMagic\Domain\Agent\Entity\AgentVersionEntity","app/Domain/SuperMagic/Agent/Entity/AgentVersionEntity.php","App\Domain\SuperMagic\Agent\Entity\AgentVersionEntity","class","Agent","ordinary","0"
"vendor/dtyq/super-magic-module/src/Domain/Agent/Entity/MagicClawEntity.php","Dtyq\SuperMagic\Domain\Agent\Entity\MagicClawEntity","app/Domain/SuperMagic/Agent/Entity/MagicClawEntity.php","App\Domain\SuperMagic\Agent\Entity\MagicClawEntity","class","Agent","ordinary","0"
"vendor/dtyq/super-magic-module/src/Domain/Agent/Entity/SuperMagicAgentEntity.php","Dtyq\SuperMagic\Domain\Agent\Entity\SuperMagicAgentEntity","app/Domain/SuperMagic/Agent/Entity/SuperMagicAgentEntity.php","App\Domain\SuperMagic\Agent\Entity\SuperMagicAgentEntity","class","Agent","ordinary","0"
"vendor/dtyq/super-magic-module/src/Domain/Agent/Entity/UserAgentEntity.php","Dtyq\SuperMagic\Domain\Agent\Entity\UserAgentEntity","app/Domain/SuperMagic/Agent/Entity/UserAgentEntity.php","App\Domain\SuperMagic\Agent\Entity\UserAgentEntity","class","Agent","ordinary","0"
"vendor/dtyq/super-magic-module/src/Domain/Agent/Entity/ValueObject/AgentCategoryRelationType.php","Dtyq\SuperMagic\Domain\Agent\Entity\ValueObject\AgentCategoryRelationType","app/Domain/SuperMagic/Agent/Entity/ValueObject/AgentCategoryRelationType.php","App\Domain\SuperMagic\Agent\Entity\ValueObject\AgentCategoryRelationType","enum","Agent","ordinary","0"
"vendor/dtyq/super-magic-module/src/Domain/Agent/Entity/ValueObject/AgentIconType.php","Dtyq\SuperMagic\Domain\Agent\Entity\ValueObject\AgentIconType","app/Domain/SuperMagic/Agent/Entity/ValueObject/AgentIconType.php","App\Domain\SuperMagic\Agent\Entity\ValueObject\AgentIconType","enum","Agent","ordinary","0"
"vendor/dtyq/super-magic-module/src/Domain/Agent/Entity/ValueObject/AgentMarketType.php","Dtyq\SuperMagic\Domain\Agent\Entity\ValueObject\AgentMarketType","app/Domain/SuperMagic/Agent/Entity/ValueObject/AgentMarketType.php","App\Domain\SuperMagic\Agent\Entity\ValueObject\AgentMarketType","enum","Agent","ordinary","0"
"vendor/dtyq/super-magic-module/src/Domain/Agent/Entity/ValueObject/AgentOrigin.php","Dtyq\SuperMagic\Domain\Agent\Entity\ValueObject\AgentOrigin","app/Domain/SuperMagic/Agent/Entity/ValueObject/AgentOrigin.php","App\Domain\SuperMagic\Agent\Entity\ValueObject\AgentOrigin","enum","Agent","ordinary","0"
"vendor/dtyq/super-magic-module/src/Domain/Agent/Entity/ValueObject/AgentSourceType.php","Dtyq\SuperMagic\Domain\Agent\Entity\ValueObject\AgentSourceType","app/Domain/SuperMagic/Agent/Entity/ValueObject/AgentSourceType.php","App\Domain\SuperMagic\Agent\Entity\ValueObject\AgentSourceType","enum","Agent","ordinary","0"
"vendor/dtyq/super-magic-module/src/Domain/Agent/Entity/ValueObject/BuiltinAgent.php","Dtyq\SuperMagic\Domain\Agent\Entity\ValueObject\BuiltinAgent","app/Domain/SuperMagic/Agent/Entity/ValueObject/BuiltinAgent.php","App\Domain\SuperMagic\Agent\Entity\ValueObject\BuiltinAgent","enum","Agent","ordinary","0"
"vendor/dtyq/super-magic-module/src/Domain/Agent/Entity/ValueObject/BuiltinTool.php","Dtyq\SuperMagic\Domain\Agent\Entity\ValueObject\BuiltinTool","app/Domain/SuperMagic/Agent/Entity/ValueObject/BuiltinTool.php","App\Domain\SuperMagic\Agent\Entity\ValueObject\BuiltinTool","enum","Agent","ordinary","0"
"vendor/dtyq/super-magic-module/src/Domain/Agent/Entity/ValueObject/BuiltinToolCategory.php","Dtyq\SuperMagic\Domain\Agent\Entity\ValueObject\BuiltinToolCategory","app/Domain/SuperMagic/Agent/Entity/ValueObject/BuiltinToolCategory.php","App\Domain\SuperMagic\Agent\Entity\ValueObject\BuiltinToolCategory","enum","Agent","ordinary","0"
"vendor/dtyq/super-magic-module/src/Domain/Agent/Entity/ValueObject/Code.php","Dtyq\SuperMagic\Domain\Agent\Entity\ValueObject\Code","app/Domain/SuperMagic/Agent/Entity/ValueObject/Code.php","App\Domain\SuperMagic\Agent\Entity\ValueObject\Code","enum","Agent","ordinary","0"
"vendor/dtyq/super-magic-module/src/Domain/Agent/Entity/ValueObject/PublishStatus.php","Dtyq\SuperMagic\Domain\Agent\Entity\ValueObject\PublishStatus","app/Domain/SuperMagic/Agent/Entity/ValueObject/PublishStatus.php","App\Domain\SuperMagic\Agent\Entity\ValueObject\PublishStatus","enum","Agent","ordinary","0"
"vendor/dtyq/super-magic-module/src/Domain/Agent/Entity/ValueObject/PublishTargetType.php","Dtyq\SuperMagic\Domain\Agent\Entity\ValueObject\PublishTargetType","app/Domain/SuperMagic/Agent/Entity/ValueObject/PublishTargetType.php","App\Domain\SuperMagic\Agent\Entity\ValueObject\PublishTargetType","enum","Agent","ordinary","0"
"vendor/dtyq/super-magic-module/src/Domain/Agent/Entity/ValueObject/PublishTargetValue.php","Dtyq\SuperMagic\Domain\Agent\Entity\ValueObject\PublishTargetValue","app/Domain/SuperMagic/Agent/Entity/ValueObject/PublishTargetValue.php","App\Domain\SuperMagic\Agent\Entity\ValueObject\PublishTargetValue","class","Agent","ordinary","0"
"vendor/dtyq/super-magic-module/src/Domain/Agent/Entity/ValueObject/PublishType.php","Dtyq\SuperMagic\Domain\Agent\Entity\ValueObject\PublishType","app/Domain/SuperMagic/Agent/Entity/ValueObject/PublishType.php","App\Domain\SuperMagic\Agent\Entity\ValueObject\PublishType","enum","Agent","ordinary","0"
"vendor/dtyq/super-magic-module/src/Domain/Agent/Entity/ValueObject/PublisherType.php","Dtyq\SuperMagic\Domain\Agent\Entity\ValueObject\PublisherType","app/Domain/SuperMagic/Agent/Entity/ValueObject/PublisherType.php","App\Domain\SuperMagic\Agent\Entity\ValueObject\PublisherType","enum","Agent","ordinary","0"
"vendor/dtyq/super-magic-module/src/Domain/Agent/Entity/ValueObject/Query/AgentCategoryQuery.php","Dtyq\SuperMagic\Domain\Agent\Entity\ValueObject\Query\AgentCategoryQuery","app/Domain/SuperMagic/Agent/Entity/ValueObject/Query/AgentCategoryQuery.php","App\Domain\SuperMagic\Agent\Entity\ValueObject\Query\AgentCategoryQuery","class","Agent","ordinary","0"
"vendor/dtyq/super-magic-module/src/Domain/Agent/Entity/ValueObject/Query/AgentListScope.php","Dtyq\SuperMagic\Domain\Agent\Entity\ValueObject\Query\AgentListScope","app/Domain/SuperMagic/Agent/Entity/ValueObject/Query/AgentListScope.php","App\Domain\SuperMagic\Agent\Entity\ValueObject\Query\AgentListScope","enum","Agent","ordinary","0"
"vendor/dtyq/super-magic-module/src/Domain/Agent/Entity/ValueObject/Query/AgentListSort.php","Dtyq\SuperMagic\Domain\Agent\Entity\ValueObject\Query\AgentListSort","app/Domain/SuperMagic/Agent/Entity/ValueObject/Query/AgentListSort.php","App\Domain\SuperMagic\Agent\Entity\ValueObject\Query\AgentListSort","enum","Agent","ordinary","0"
"vendor/dtyq/super-magic-module/src/Domain/Agent/Entity/ValueObject/Query/AgentMarketQuery.php","Dtyq\SuperMagic\Domain\Agent\Entity\ValueObject\Query\AgentMarketQuery","app/Domain/SuperMagic/Agent/Entity/ValueObject/Query/AgentMarketQuery.php","App\Domain\SuperMagic\Agent\Entity\ValueObject\Query\AgentMarketQuery","class","Agent","ordinary","0"
"vendor/dtyq/super-magic-module/src/Domain/Agent/Entity/ValueObject/Query/AgentVersionAdminQuery.php","Dtyq\SuperMagic\Domain\Agent\Entity\ValueObject\Query\AgentVersionAdminQuery","app/Domain/SuperMagic/Agent/Entity/ValueObject/Query/AgentVersionAdminQuery.php","App\Domain\SuperMagic\Agent\Entity\ValueObject\Query\AgentVersionAdminQuery","class","Agent","ordinary","0"
"vendor/dtyq/super-magic-module/src/Domain/Agent/Entity/ValueObject/Query/AgentVersionQuery.php","Dtyq\SuperMagic\Domain\Agent\Entity\ValueObject\Query\AgentVersionQuery","app/Domain/SuperMagic/Agent/Entity/ValueObject/Query/AgentVersionQuery.php","App\Domain\SuperMagic\Agent\Entity\ValueObject\Query\AgentVersionQuery","class","Agent","ordinary","0"
"vendor/dtyq/super-magic-module/src/Domain/Agent/Entity/ValueObject/Query/SuperMagicAgentQuery.php","Dtyq\SuperMagic\Domain\Agent\Entity\ValueObject\Query\SuperMagicAgentQuery","app/Domain/SuperMagic/Agent/Entity/ValueObject/Query/SuperMagicAgentQuery.php","App\Domain\SuperMagic\Agent\Entity\ValueObject\Query\SuperMagicAgentQuery","class","Agent","ordinary","0"
"vendor/dtyq/super-magic-module/src/Domain/Agent/Entity/ValueObject/ReviewStatus.php","Dtyq\SuperMagic\Domain\Agent\Entity\ValueObject\ReviewStatus","app/Domain/SuperMagic/Agent/Entity/ValueObject/ReviewStatus.php","App\Domain\SuperMagic\Agent\Entity\ValueObject\ReviewStatus","enum","Agent","ordinary","0"
"vendor/dtyq/super-magic-module/src/Domain/Agent/Entity/ValueObject/SuperMagicAgentDataIsolation.php","Dtyq\SuperMagic\Domain\Agent\Entity\ValueObject\SuperMagicAgentDataIsolation","app/Domain/SuperMagic/Agent/Entity/ValueObject/SuperMagicAgentDataIsolation.php","App\Domain\SuperMagic\Agent\Entity\ValueObject\SuperMagicAgentDataIsolation","class","Agent","ordinary","0"
"vendor/dtyq/super-magic-module/src/Domain/Agent/Entity/ValueObject/SuperMagicAgentLimit.php","Dtyq\SuperMagic\Domain\Agent\Entity\ValueObject\SuperMagicAgentLimit","app/Domain/SuperMagic/Agent/Entity/ValueObject/SuperMagicAgentLimit.php","App\Domain\SuperMagic\Agent\Entity\ValueObject\SuperMagicAgentLimit","class","Agent","ordinary","0"
"vendor/dtyq/super-magic-module/src/Domain/Agent/Entity/ValueObject/SuperMagicAgentOptimizationType.php","Dtyq\SuperMagic\Domain\Agent\Entity\ValueObject\SuperMagicAgentOptimizationType","app/Domain/SuperMagic/Agent/Entity/ValueObject/SuperMagicAgentOptimizationType.php","App\Domain\SuperMagic\Agent\Entity\ValueObject\SuperMagicAgentOptimizationType","enum","Agent","ordinary","0"
"vendor/dtyq/super-magic-module/src/Domain/Agent/Entity/ValueObject/SuperMagicAgentTool.php","Dtyq\SuperMagic\Domain\Agent\Entity\ValueObject\SuperMagicAgentTool","app/Domain/SuperMagic/Agent/Entity/ValueObject/SuperMagicAgentTool.php","App\Domain\SuperMagic\Agent\Entity\ValueObject\SuperMagicAgentTool","class","Agent","ordinary","0"
"vendor/dtyq/super-magic-module/src/Domain/Agent/Entity/ValueObject/SuperMagicAgentToolType.php","Dtyq\SuperMagic\Domain\Agent\Entity\ValueObject\SuperMagicAgentToolType","app/Domain/SuperMagic/Agent/Entity/ValueObject/SuperMagicAgentToolType.php","App\Domain\SuperMagic\Agent\Entity\ValueObject\SuperMagicAgentToolType","enum","Agent","ordinary","0"
"vendor/dtyq/super-magic-module/src/Domain/Agent/Entity/ValueObject/SuperMagicAgentType.php","Dtyq\SuperMagic\Domain\Agent\Entity\ValueObject\SuperMagicAgentType","app/Domain/SuperMagic/Agent/Entity/ValueObject/SuperMagicAgentType.php","App\Domain\SuperMagic\Agent\Entity\ValueObject\SuperMagicAgentType","enum","Agent","ordinary","0"
"vendor/dtyq/super-magic-module/src/Domain/Agent/Event/AgentSkillsAddedEvent.php","Dtyq\SuperMagic\Domain\Agent\Event\AgentSkillsAddedEvent","app/Domain/SuperMagic/Agent/Event/AgentSkillsAddedEvent.php","App\Domain\SuperMagic\Agent\Event\AgentSkillsAddedEvent","class","Agent","ordinary","0"
"vendor/dtyq/super-magic-module/src/Domain/Agent/Event/AgentSkillsRemovedEvent.php","Dtyq\SuperMagic\Domain\Agent\Event\AgentSkillsRemovedEvent","app/Domain/SuperMagic/Agent/Event/AgentSkillsRemovedEvent.php","App\Domain\SuperMagic\Agent\Event\AgentSkillsRemovedEvent","class","Agent","ordinary","0"
"vendor/dtyq/super-magic-module/src/Domain/Agent/Event/BeforeCreateClawEvent.php","Dtyq\SuperMagic\Domain\Agent\Event\BeforeCreateClawEvent","app/Domain/SuperMagic/Agent/Event/BeforeCreateClawEvent.php","App\Domain\SuperMagic\Agent\Event\BeforeCreateClawEvent","class","Agent","ordinary","0"
"vendor/dtyq/super-magic-module/src/Domain/Agent/Event/SuperMagicAgentDeletedEvent.php","Dtyq\SuperMagic\Domain\Agent\Event\SuperMagicAgentDeletedEvent","app/Domain/SuperMagic/Agent/Event/SuperMagicAgentDeletedEvent.php","App\Domain\SuperMagic\Agent\Event\SuperMagicAgentDeletedEvent","class","Agent","ordinary","0"
"vendor/dtyq/super-magic-module/src/Domain/Agent/Event/SuperMagicAgentDisabledEvent.php","Dtyq\SuperMagic\Domain\Agent\Event\SuperMagicAgentDisabledEvent","app/Domain/SuperMagic/Agent/Event/SuperMagicAgentDisabledEvent.php","App\Domain\SuperMagic\Agent\Event\SuperMagicAgentDisabledEvent","class","Agent","ordinary","0"
"vendor/dtyq/super-magic-module/src/Domain/Agent/Event/SuperMagicAgentEnabledEvent.php","Dtyq\SuperMagic\Domain\Agent\Event\SuperMagicAgentEnabledEvent","app/Domain/SuperMagic/Agent/Event/SuperMagicAgentEnabledEvent.php","App\Domain\SuperMagic\Agent\Event\SuperMagicAgentEnabledEvent","class","Agent","ordinary","0"
"vendor/dtyq/super-magic-module/src/Domain/Agent/Event/SuperMagicAgentSavedEvent.php","Dtyq\SuperMagic\Domain\Agent\Event\SuperMagicAgentSavedEvent","app/Domain/SuperMagic/Agent/Event/SuperMagicAgentSavedEvent.php","App\Domain\SuperMagic\Agent\Event\SuperMagicAgentSavedEvent","class","Agent","ordinary","0"
"vendor/dtyq/super-magic-module/src/Domain/Agent/Factory/BuiltinAgentFactory.php","Dtyq\SuperMagic\Domain\Agent\Factory\BuiltinAgentFactory","app/Domain/SuperMagic/Agent/Factory/BuiltinAgentFactory.php","App\Domain\SuperMagic\Agent\Factory\BuiltinAgentFactory","class","Agent","ordinary","0"
"vendor/dtyq/super-magic-module/src/Domain/Agent/Factory/SuperMagicAgentFactory.php","Dtyq\SuperMagic\Domain\Agent\Factory\SuperMagicAgentFactory","app/Domain/SuperMagic/Agent/Factory/SuperMagicAgentFactory.php","App\Domain\SuperMagic\Agent\Factory\SuperMagicAgentFactory","class","Agent","ordinary","0"
"vendor/dtyq/super-magic-module/src/Domain/Agent/Repository/Facade/AgentCategoryRelationRepositoryInterface.php","Dtyq\SuperMagic\Domain\Agent\Repository\Facade\AgentCategoryRelationRepositoryInterface","app/Domain/SuperMagic/Agent/Repository/Facade/AgentCategoryRelationRepositoryInterface.php","App\Domain\SuperMagic\Agent\Repository\Facade\AgentCategoryRelationRepositoryInterface","interface","Agent","RouteHandler","0"
"vendor/dtyq/super-magic-module/src/Domain/Agent/Repository/Facade/AgentCategoryRepositoryInterface.php","Dtyq\SuperMagic\Domain\Agent\Repository\Facade\AgentCategoryRepositoryInterface","app/Domain/SuperMagic/Agent/Repository/Facade/AgentCategoryRepositoryInterface.php","App\Domain\SuperMagic\Agent\Repository\Facade\AgentCategoryRepositoryInterface","interface","Agent","RouteHandler","0"
"vendor/dtyq/super-magic-module/src/Domain/Agent/Repository/Facade/AgentMarketRepositoryInterface.php","Dtyq\SuperMagic\Domain\Agent\Repository\Facade\AgentMarketRepositoryInterface","app/Domain/SuperMagic/Agent/Repository/Facade/AgentMarketRepositoryInterface.php","App\Domain\SuperMagic\Agent\Repository\Facade\AgentMarketRepositoryInterface","interface","Agent","RouteHandler","0"
"vendor/dtyq/super-magic-module/src/Domain/Agent/Repository/Facade/AgentPlaybookRepositoryInterface.php","Dtyq\SuperMagic\Domain\Agent\Repository\Facade\AgentPlaybookRepositoryInterface","app/Domain/SuperMagic/Agent/Repository/Facade/AgentPlaybookRepositoryInterface.php","App\Domain\SuperMagic\Agent\Repository\Facade\AgentPlaybookRepositoryInterface","interface","Agent","RouteHandler","0"
"vendor/dtyq/super-magic-module/src/Domain/Agent/Repository/Facade/AgentSkillRepositoryInterface.php","Dtyq\SuperMagic\Domain\Agent\Repository\Facade\AgentSkillRepositoryInterface","app/Domain/SuperMagic/Agent/Repository/Facade/AgentSkillRepositoryInterface.php","App\Domain\SuperMagic\Agent\Repository\Facade\AgentSkillRepositoryInterface","interface","Agent","RouteHandler","0"
"vendor/dtyq/super-magic-module/src/Domain/Agent/Repository/Facade/AgentVersionRepositoryInterface.php","Dtyq\SuperMagic\Domain\Agent\Repository\Facade\AgentVersionRepositoryInterface","app/Domain/SuperMagic/Agent/Repository/Facade/AgentVersionRepositoryInterface.php","App\Domain\SuperMagic\Agent\Repository\Facade\AgentVersionRepositoryInterface","interface","Agent","RouteHandler","0"
"vendor/dtyq/super-magic-module/src/Domain/Agent/Repository/Facade/MagicClawRepositoryInterface.php","Dtyq\SuperMagic\Domain\Agent\Repository\Facade\MagicClawRepositoryInterface","app/Domain/SuperMagic/Agent/Repository/Facade/MagicClawRepositoryInterface.php","App\Domain\SuperMagic\Agent\Repository\Facade\MagicClawRepositoryInterface","interface","Agent","RouteHandler","0"
"vendor/dtyq/super-magic-module/src/Domain/Agent/Repository/Facade/SuperMagicAgentRepositoryInterface.php","Dtyq\SuperMagic\Domain\Agent\Repository\Facade\SuperMagicAgentRepositoryInterface","app/Domain/SuperMagic/Agent/Repository/Facade/SuperMagicAgentRepositoryInterface.php","App\Domain\SuperMagic\Agent\Repository\Facade\SuperMagicAgentRepositoryInterface","interface","Agent","RouteHandler","0"
"vendor/dtyq/super-magic-module/src/Domain/Agent/Repository/Facade/UserAgentRepositoryInterface.php","Dtyq\SuperMagic\Domain\Agent\Repository\Facade\UserAgentRepositoryInterface","app/Domain/SuperMagic/Agent/Repository/Facade/UserAgentRepositoryInterface.php","App\Domain\SuperMagic\Agent\Repository\Facade\UserAgentRepositoryInterface","interface","Agent","RouteHandler","0"
"vendor/dtyq/super-magic-module/src/Domain/Agent/Repository/Persistence/AgentCategoryRelationRepository.php","Dtyq\SuperMagic\Domain\Agent\Repository\Persistence\AgentCategoryRelationRepository","app/Domain/SuperMagic/Agent/Repository/Persistence/AgentCategoryRelationRepository.php","App\Domain\SuperMagic\Agent\Repository\Persistence\AgentCategoryRelationRepository","class","Agent","ordinary","0"
"vendor/dtyq/super-magic-module/src/Domain/Agent/Repository/Persistence/AgentCategoryRepository.php","Dtyq\SuperMagic\Domain\Agent\Repository\Persistence\AgentCategoryRepository","app/Domain/SuperMagic/Agent/Repository/Persistence/AgentCategoryRepository.php","App\Domain\SuperMagic\Agent\Repository\Persistence\AgentCategoryRepository","class","Agent","ordinary","0"
"vendor/dtyq/super-magic-module/src/Domain/Agent/Repository/Persistence/AgentMarketRepository.php","Dtyq\SuperMagic\Domain\Agent\Repository\Persistence\AgentMarketRepository","app/Domain/SuperMagic/Agent/Repository/Persistence/AgentMarketRepository.php","App\Domain\SuperMagic\Agent\Repository\Persistence\AgentMarketRepository","class","Agent","ordinary","0"
"vendor/dtyq/super-magic-module/src/Domain/Agent/Repository/Persistence/AgentPlaybookRepository.php","Dtyq\SuperMagic\Domain\Agent\Repository\Persistence\AgentPlaybookRepository","app/Domain/SuperMagic/Agent/Repository/Persistence/AgentPlaybookRepository.php","App\Domain\SuperMagic\Agent\Repository\Persistence\AgentPlaybookRepository","class","Agent","ordinary","0"
"vendor/dtyq/super-magic-module/src/Domain/Agent/Repository/Persistence/AgentSkillRepository.php","Dtyq\SuperMagic\Domain\Agent\Repository\Persistence\AgentSkillRepository","app/Domain/SuperMagic/Agent/Repository/Persistence/AgentSkillRepository.php","App\Domain\SuperMagic\Agent\Repository\Persistence\AgentSkillRepository","class","Agent","ordinary","0"
"vendor/dtyq/super-magic-module/src/Domain/Agent/Repository/Persistence/AgentVersionRepository.php","Dtyq\SuperMagic\Domain\Agent\Repository\Persistence\AgentVersionRepository","app/Domain/SuperMagic/Agent/Repository/Persistence/AgentVersionRepository.php","App\Domain\SuperMagic\Agent\Repository\Persistence\AgentVersionRepository","class","Agent","ordinary","0"
"vendor/dtyq/super-magic-module/src/Domain/Agent/Repository/Persistence/MagicClawRepository.php","Dtyq\SuperMagic\Domain\Agent\Repository\Persistence\MagicClawRepository","app/Domain/SuperMagic/Agent/Repository/Persistence/MagicClawRepository.php","App\Domain\SuperMagic\Agent\Repository\Persistence\MagicClawRepository","class","Agent","ordinary","0"
"vendor/dtyq/super-magic-module/src/Domain/Agent/Repository/Persistence/Model/AgentCategoryModel.php","Dtyq\SuperMagic\Domain\Agent\Repository\Persistence\Model\AgentCategoryModel","app/Domain/SuperMagic/Agent/Repository/Persistence/Model/AgentCategoryModel.php","App\Domain\SuperMagic\Agent\Repository\Persistence\Model\AgentCategoryModel","class","Agent","ordinary","0"
"vendor/dtyq/super-magic-module/src/Domain/Agent/Repository/Persistence/Model/AgentCategoryRelationModel.php","Dtyq\SuperMagic\Domain\Agent\Repository\Persistence\Model\AgentCategoryRelationModel","app/Domain/SuperMagic/Agent/Repository/Persistence/Model/AgentCategoryRelationModel.php","App\Domain\SuperMagic\Agent\Repository\Persistence\Model\AgentCategoryRelationModel","class","Agent","ordinary","0"
"vendor/dtyq/super-magic-module/src/Domain/Agent/Repository/Persistence/Model/AgentMarketModel.php","Dtyq\SuperMagic\Domain\Agent\Repository\Persistence\Model\AgentMarketModel","app/Domain/SuperMagic/Agent/Repository/Persistence/Model/AgentMarketModel.php","App\Domain\SuperMagic\Agent\Repository\Persistence\Model\AgentMarketModel","class","Agent","ordinary","0"
"vendor/dtyq/super-magic-module/src/Domain/Agent/Repository/Persistence/Model/AgentPlaybookModel.php","Dtyq\SuperMagic\Domain\Agent\Repository\Persistence\Model\AgentPlaybookModel","app/Domain/SuperMagic/Agent/Repository/Persistence/Model/AgentPlaybookModel.php","App\Domain\SuperMagic\Agent\Repository\Persistence\Model\AgentPlaybookModel","class","Agent","ordinary","0"
"vendor/dtyq/super-magic-module/src/Domain/Agent/Repository/Persistence/Model/AgentSkillModel.php","Dtyq\SuperMagic\Domain\Agent\Repository\Persistence\Model\AgentSkillModel","app/Domain/SuperMagic/Agent/Repository/Persistence/Model/AgentSkillModel.php","App\Domain\SuperMagic\Agent\Repository\Persistence\Model\AgentSkillModel","class","Agent","ordinary","0"
"vendor/dtyq/super-magic-module/src/Domain/Agent/Repository/Persistence/Model/AgentVersionModel.php","Dtyq\SuperMagic\Domain\Agent\Repository\Persistence\Model\AgentVersionModel","app/Domain/SuperMagic/Agent/Repository/Persistence/Model/AgentVersionModel.php","App\Domain\SuperMagic\Agent\Repository\Persistence\Model\AgentVersionModel","class","Agent","ordinary","0"
"vendor/dtyq/super-magic-module/src/Domain/Agent/Repository/Persistence/Model/MagicClawModel.php","Dtyq\SuperMagic\Domain\Agent\Repository\Persistence\Model\MagicClawModel","app/Domain/SuperMagic/Agent/Repository/Persistence/Model/MagicClawModel.php","App\Domain\SuperMagic\Agent\Repository\Persistence\Model\MagicClawModel","class","Agent","ordinary","0"
"vendor/dtyq/super-magic-module/src/Domain/Agent/Repository/Persistence/Model/SuperMagicAgentModel.php","Dtyq\SuperMagic\Domain\Agent\Repository\Persistence\Model\SuperMagicAgentModel","app/Domain/SuperMagic/Agent/Repository/Persistence/Model/SuperMagicAgentModel.php","App\Domain\SuperMagic\Agent\Repository\Persistence\Model\SuperMagicAgentModel","class","Agent","ordinary","0"
"vendor/dtyq/super-magic-module/src/Domain/Agent/Repository/Persistence/Model/UserAgentModel.php","Dtyq\SuperMagic\Domain\Agent\Repository\Persistence\Model\UserAgentModel","app/Domain/SuperMagic/Agent/Repository/Persistence/Model/UserAgentModel.php","App\Domain\SuperMagic\Agent\Repository\Persistence\Model\UserAgentModel","class","Agent","ordinary","0"
"vendor/dtyq/super-magic-module/src/Domain/Agent/Repository/Persistence/SuperMagicAbstractRepository.php","Dtyq\SuperMagic\Domain\Agent\Repository\Persistence\SuperMagicAbstractRepository","app/Domain/SuperMagic/Agent/Repository/Persistence/SuperMagicAbstractRepository.php","App\Domain\SuperMagic\Agent\Repository\Persistence\SuperMagicAbstractRepository","class","Agent","ordinary","0"
"vendor/dtyq/super-magic-module/src/Domain/Agent/Repository/Persistence/SuperMagicAgentRepository.php","Dtyq\SuperMagic\Domain\Agent\Repository\Persistence\SuperMagicAgentRepository","app/Domain/SuperMagic/Agent/Repository/Persistence/SuperMagicAgentRepository.php","App\Domain\SuperMagic\Agent\Repository\Persistence\SuperMagicAgentRepository","class","Agent","ordinary","0"
"vendor/dtyq/super-magic-module/src/Domain/Agent/Repository/Persistence/UserAgentRepository.php","Dtyq\SuperMagic\Domain\Agent\Repository\Persistence\UserAgentRepository","app/Domain/SuperMagic/Agent/Repository/Persistence/UserAgentRepository.php","App\Domain\SuperMagic\Agent\Repository\Persistence\UserAgentRepository","class","Agent","ordinary","0"
"vendor/dtyq/super-magic-module/src/Domain/Agent/Service/MagicClawDomainService.php","Dtyq\SuperMagic\Domain\Agent\Service\MagicClawDomainService","app/Domain/SuperMagic/Agent/Service/MagicClawDomainService.php","App\Domain\SuperMagic\Agent\Service\MagicClawDomainService","class","Agent","ordinary","0"
"vendor/dtyq/super-magic-module/src/Domain/Agent/Service/SuperMagicAgentCategoryDomainService.php","Dtyq\SuperMagic\Domain\Agent\Service\SuperMagicAgentCategoryDomainService","app/Domain/SuperMagic/Agent/Service/SuperMagicAgentCategoryDomainService.php","App\Domain\SuperMagic\Agent\Service\SuperMagicAgentCategoryDomainService","class","Agent","ordinary","0"
"vendor/dtyq/super-magic-module/src/Domain/Agent/Service/SuperMagicAgentCategoryRelationDomainService.php","Dtyq\SuperMagic\Domain\Agent\Service\SuperMagicAgentCategoryRelationDomainService","app/Domain/SuperMagic/Agent/Service/SuperMagicAgentCategoryRelationDomainService.php","App\Domain\SuperMagic\Agent\Service\SuperMagicAgentCategoryRelationDomainService","class","Agent","ordinary","0"
"vendor/dtyq/super-magic-module/src/Domain/Agent/Service/SuperMagicAgentDomainService.php","Dtyq\SuperMagic\Domain\Agent\Service\SuperMagicAgentDomainService","app/Domain/SuperMagic/Agent/Service/SuperMagicAgentDomainService.php","App\Domain\SuperMagic\Agent\Service\SuperMagicAgentDomainService","class","Agent","ordinary","0"
"vendor/dtyq/super-magic-module/src/Domain/Agent/Service/SuperMagicAgentMarketDomainService.php","Dtyq\SuperMagic\Domain\Agent\Service\SuperMagicAgentMarketDomainService","app/Domain/SuperMagic/Agent/Service/SuperMagicAgentMarketDomainService.php","App\Domain\SuperMagic\Agent\Service\SuperMagicAgentMarketDomainService","class","Agent","ordinary","0"
"vendor/dtyq/super-magic-module/src/Domain/Agent/Service/SuperMagicAgentPlaybookDomainService.php","Dtyq\SuperMagic\Domain\Agent\Service\SuperMagicAgentPlaybookDomainService","app/Domain/SuperMagic/Agent/Service/SuperMagicAgentPlaybookDomainService.php","App\Domain\SuperMagic\Agent\Service\SuperMagicAgentPlaybookDomainService","class","Agent","ordinary","0"
"vendor/dtyq/super-magic-module/src/Domain/Agent/Service/SuperMagicAgentSkillDomainService.php","Dtyq\SuperMagic\Domain\Agent\Service\SuperMagicAgentSkillDomainService","app/Domain/SuperMagic/Agent/Service/SuperMagicAgentSkillDomainService.php","App\Domain\SuperMagic\Agent\Service\SuperMagicAgentSkillDomainService","class","Agent","ordinary","0"
"vendor/dtyq/super-magic-module/src/Domain/Agent/Service/SuperMagicAgentVersionDomainService.php","Dtyq\SuperMagic\Domain\Agent\Service\SuperMagicAgentVersionDomainService","app/Domain/SuperMagic/Agent/Service/SuperMagicAgentVersionDomainService.php","App\Domain\SuperMagic\Agent\Service\SuperMagicAgentVersionDomainService","class","Agent","ordinary","0"
"vendor/dtyq/super-magic-module/src/Domain/Agent/Service/UserAgentDomainService.php","Dtyq\SuperMagic\Domain\Agent\Service\UserAgentDomainService","app/Domain/SuperMagic/Agent/Service/UserAgentDomainService.php","App\Domain\SuperMagic\Agent\Service\UserAgentDomainService","class","Agent","ordinary","0"
"vendor/dtyq/super-magic-module/src/Domain/Chat/DTO/Message/ChatMessage/Item/MemoryOperation.php","Dtyq\SuperMagic\Domain\Chat\DTO\Message\ChatMessage\Item\MemoryOperation","app/Domain/SuperMagic/Message/Chat/DTO/Message/ChatMessage/Item/MemoryOperation.php","App\Domain\SuperMagic\Message\Chat\DTO\Message\ChatMessage\Item\MemoryOperation","class","Message","ordinary","0"
"vendor/dtyq/super-magic-module/src/Domain/Chat/DTO/Message/ChatMessage/Item/SuperAgentStep.php","Dtyq\SuperMagic\Domain\Chat\DTO\Message\ChatMessage\Item\SuperAgentStep","app/Domain/SuperMagic/Message/Chat/DTO/Message/ChatMessage/Item/SuperAgentStep.php","App\Domain\SuperMagic\Message\Chat\DTO\Message\ChatMessage\Item\SuperAgentStep","class","Message","ordinary","0"
"vendor/dtyq/super-magic-module/src/Domain/Chat/DTO/Message/ChatMessage/Item/SuperAgentTool.php","Dtyq\SuperMagic\Domain\Chat\DTO\Message\ChatMessage\Item\SuperAgentTool","app/Domain/SuperMagic/Message/Chat/DTO/Message/ChatMessage/Item/SuperAgentTool.php","App\Domain\SuperMagic\Message\Chat\DTO\Message\ChatMessage\Item\SuperAgentTool","class","Message","ordinary","0"
"vendor/dtyq/super-magic-module/src/Domain/Chat/DTO/Message/ChatMessage/Item/ValueObject/MemoryOperationAction.php","Dtyq\SuperMagic\Domain\Chat\DTO\Message\ChatMessage\Item\ValueObject\MemoryOperationAction","app/Domain/SuperMagic/Message/Chat/DTO/Message/ChatMessage/Item/ValueObject/MemoryOperationAction.php","App\Domain\SuperMagic\Message\Chat\DTO\Message\ChatMessage\Item\ValueObject\MemoryOperationAction","enum","Message","ordinary","0"
"vendor/dtyq/super-magic-module/src/Domain/Chat/DTO/Message/ChatMessage/Item/ValueObject/MemoryOperationScenario.php","Dtyq\SuperMagic\Domain\Chat\DTO\Message\ChatMessage\Item\ValueObject\MemoryOperationScenario","app/Domain/SuperMagic/Message/Chat/DTO/Message/ChatMessage/Item/ValueObject/MemoryOperationScenario.php","App\Domain\SuperMagic\Message\Chat\DTO\Message\ChatMessage\Item\ValueObject\MemoryOperationScenario","enum","Message","ordinary","0"
"vendor/dtyq/super-magic-module/src/Domain/Chat/DTO/Message/ChatMessage/SuperAgentMessage.php","Dtyq\SuperMagic\Domain\Chat\DTO\Message\ChatMessage\SuperAgentMessage","app/Domain/SuperMagic/Message/Chat/DTO/Message/ChatMessage/SuperAgentMessage.php","App\Domain\SuperMagic\Message\Chat\DTO\Message\ChatMessage\SuperAgentMessage","class","Message","ordinary","0"
"vendor/dtyq/super-magic-module/src/Domain/FileCollection/Entity/FileCollectionEntity.php","Dtyq\SuperMagic\Domain\FileCollection\Entity\FileCollectionEntity","app/Domain/SuperMagic/File/Entity/FileCollectionEntity.php","App\Domain\SuperMagic\File\Entity\FileCollectionEntity","class","File","ordinary","0"
"vendor/dtyq/super-magic-module/src/Domain/FileCollection/Entity/FileCollectionItemEntity.php","Dtyq\SuperMagic\Domain\FileCollection\Entity\FileCollectionItemEntity","app/Domain/SuperMagic/File/Entity/FileCollectionItemEntity.php","App\Domain\SuperMagic\File\Entity\FileCollectionItemEntity","class","File","ordinary","0"
"vendor/dtyq/super-magic-module/src/Domain/FileCollection/Repository/Facade/FileCollectionItemRepositoryInterface.php","Dtyq\SuperMagic\Domain\FileCollection\Repository\Facade\FileCollectionItemRepositoryInterface","app/Domain/SuperMagic/File/Repository/Facade/FileCollectionItemRepositoryInterface.php","App\Domain\SuperMagic\File\Repository\Facade\FileCollectionItemRepositoryInterface","interface","File","RouteHandler","0"
"vendor/dtyq/super-magic-module/src/Domain/FileCollection/Repository/Facade/FileCollectionRepositoryInterface.php","Dtyq\SuperMagic\Domain\FileCollection\Repository\Facade\FileCollectionRepositoryInterface","app/Domain/SuperMagic/File/Repository/Facade/FileCollectionRepositoryInterface.php","App\Domain\SuperMagic\File\Repository\Facade\FileCollectionRepositoryInterface","interface","File","RouteHandler","0"
"vendor/dtyq/super-magic-module/src/Domain/FileCollection/Repository/Model/FileCollectionItemModel.php","Dtyq\SuperMagic\Domain\FileCollection\Repository\Model\FileCollectionItemModel","app/Domain/SuperMagic/File/Repository/Model/FileCollectionItemModel.php","App\Domain\SuperMagic\File\Repository\Model\FileCollectionItemModel","class","File","ordinary","0"
"vendor/dtyq/super-magic-module/src/Domain/FileCollection/Repository/Model/FileCollectionModel.php","Dtyq\SuperMagic\Domain\FileCollection\Repository\Model\FileCollectionModel","app/Domain/SuperMagic/File/Repository/Model/FileCollectionModel.php","App\Domain\SuperMagic\File\Repository\Model\FileCollectionModel","class","File","ordinary","0"
"vendor/dtyq/super-magic-module/src/Domain/FileCollection/Repository/Persistence/FileCollectionItemRepository.php","Dtyq\SuperMagic\Domain\FileCollection\Repository\Persistence\FileCollectionItemRepository","app/Domain/SuperMagic/File/Repository/Persistence/FileCollectionItemRepository.php","App\Domain\SuperMagic\File\Repository\Persistence\FileCollectionItemRepository","class","File","ordinary","0"
"vendor/dtyq/super-magic-module/src/Domain/FileCollection/Repository/Persistence/FileCollectionRepository.php","Dtyq\SuperMagic\Domain\FileCollection\Repository\Persistence\FileCollectionRepository","app/Domain/SuperMagic/File/Repository/Persistence/FileCollectionRepository.php","App\Domain\SuperMagic\File\Repository\Persistence\FileCollectionRepository","class","File","ordinary","0"
"vendor/dtyq/super-magic-module/src/Domain/FileCollection/Service/FileCollectionDomainService.php","Dtyq\SuperMagic\Domain\FileCollection\Service\FileCollectionDomainService","app/Domain/SuperMagic/File/Service/FileCollectionDomainService.php","App\Domain\SuperMagic\File\Service\FileCollectionDomainService","class","File","ordinary","0"
"vendor/dtyq/super-magic-module/src/Domain/MagicFS/DTO/UpsertProjectFileNodeDTO.php","Dtyq\SuperMagic\Domain\MagicFS\DTO\UpsertProjectFileNodeDTO","app/Domain/SuperMagic/File/DTO/UpsertProjectFileNodeDTO.php","App\Domain\SuperMagic\File\DTO\UpsertProjectFileNodeDTO","class","File","ordinary","0"
"vendor/dtyq/super-magic-module/src/Domain/MagicFS/Service/MagicFSFileDomainService.php","Dtyq\SuperMagic\Domain\MagicFS\Service\MagicFSFileDomainService","app/Domain/SuperMagic/File/Service/MagicFSFileDomainService.php","App\Domain\SuperMagic\File\Service\MagicFSFileDomainService","class","File","ordinary","0"
"vendor/dtyq/super-magic-module/src/Domain/MagicFS/Service/UpsertProjectFileNodeDTO.php","Dtyq\SuperMagic\Domain\MagicFS\Service\UpsertProjectFileNodeDTO","app/Domain/SuperMagic/File/Service/UpsertProjectFileNodeDTO.php","App\Domain\SuperMagic\File\Service\UpsertProjectFileNodeDTO","class","File","ordinary","0"
"vendor/dtyq/super-magic-module/src/Domain/Market/Service/MarketSearchTextBuilder.php","Dtyq\SuperMagic\Domain\Market\Service\MarketSearchTextBuilder","app/Domain/SuperMagic/Common/Market/Service/MarketSearchTextBuilder.php","App\Domain\SuperMagic\Common\Market\Service\MarketSearchTextBuilder","class","Common","ordinary","0"
"vendor/dtyq/super-magic-module/src/Domain/RecycleBin/Entity/RecycleBinEntity.php","Dtyq\SuperMagic\Domain\RecycleBin\Entity\RecycleBinEntity","app/Domain/SuperMagic/Common/RecycleBin/Entity/RecycleBinEntity.php","App\Domain\SuperMagic\Common\RecycleBin\Entity\RecycleBinEntity","class","Common","ordinary","0"
"vendor/dtyq/super-magic-module/src/Domain/RecycleBin/Enum/RecycleBinResourceType.php","Dtyq\SuperMagic\Domain\RecycleBin\Enum\RecycleBinResourceType","app/Domain/SuperMagic/Common/RecycleBin/Enum/RecycleBinResourceType.php","App\Domain\SuperMagic\Common\RecycleBin\Enum\RecycleBinResourceType","enum","Common","ordinary","0"
"vendor/dtyq/super-magic-module/src/Domain/RecycleBin/Enum/RestoreConflictResolution.php","Dtyq\SuperMagic\Domain\RecycleBin\Enum\RestoreConflictResolution","app/Domain/SuperMagic/Common/RecycleBin/Enum/RestoreConflictResolution.php","App\Domain\SuperMagic\Common\RecycleBin\Enum\RestoreConflictResolution","enum","Common","ordinary","0"
"vendor/dtyq/super-magic-module/src/Domain/RecycleBin/Enum/RestoreConflictType.php","Dtyq\SuperMagic\Domain\RecycleBin\Enum\RestoreConflictType","app/Domain/SuperMagic/Common/RecycleBin/Enum/RestoreConflictType.php","App\Domain\SuperMagic\Common\RecycleBin\Enum\RestoreConflictType","enum","Common","ordinary","0"
"vendor/dtyq/super-magic-module/src/Domain/RecycleBin/Handler/FilePermanentDeleteHandler.php","Dtyq\SuperMagic\Domain\RecycleBin\Handler\FilePermanentDeleteHandler","app/Domain/SuperMagic/Common/RecycleBin/Handler/FilePermanentDeleteHandler.php","App\Domain\SuperMagic\Common\RecycleBin\Handler\FilePermanentDeleteHandler","class","Common","ordinary","0"
"vendor/dtyq/super-magic-module/src/Domain/RecycleBin/Handler/PermanentDeleteHandlerInterface.php","Dtyq\SuperMagic\Domain\RecycleBin\Handler\PermanentDeleteHandlerInterface","app/Domain/SuperMagic/Common/RecycleBin/Handler/PermanentDeleteHandlerInterface.php","App\Domain\SuperMagic\Common\RecycleBin\Handler\PermanentDeleteHandlerInterface","interface","Common","ordinary","0"
"vendor/dtyq/super-magic-module/src/Domain/RecycleBin/Handler/ProjectPermanentDeleteHandler.php","Dtyq\SuperMagic\Domain\RecycleBin\Handler\ProjectPermanentDeleteHandler","app/Domain/SuperMagic/Common/RecycleBin/Handler/ProjectPermanentDeleteHandler.php","App\Domain\SuperMagic\Common\RecycleBin\Handler\ProjectPermanentDeleteHandler","class","Common","ordinary","0"
"vendor/dtyq/super-magic-module/src/Domain/RecycleBin/Handler/TopicPermanentDeleteHandler.php","Dtyq\SuperMagic\Domain\RecycleBin\Handler\TopicPermanentDeleteHandler","app/Domain/SuperMagic/Common/RecycleBin/Handler/TopicPermanentDeleteHandler.php","App\Domain\SuperMagic\Common\RecycleBin\Handler\TopicPermanentDeleteHandler","class","Common","ordinary","0"
"vendor/dtyq/super-magic-module/src/Domain/RecycleBin/Handler/WorkspacePermanentDeleteHandler.php","Dtyq\SuperMagic\Domain\RecycleBin\Handler\WorkspacePermanentDeleteHandler","app/Domain/SuperMagic/Common/RecycleBin/Handler/WorkspacePermanentDeleteHandler.php","App\Domain\SuperMagic\Common\RecycleBin\Handler\WorkspacePermanentDeleteHandler","class","Common","ordinary","0"
"vendor/dtyq/super-magic-module/src/Domain/RecycleBin/Repository/Facade/RecycleBinRepositoryInterface.php","Dtyq\SuperMagic\Domain\RecycleBin\Repository\Facade\RecycleBinRepositoryInterface","app/Domain/SuperMagic/Common/RecycleBin/Repository/Facade/RecycleBinRepositoryInterface.php","App\Domain\SuperMagic\Common\RecycleBin\Repository\Facade\RecycleBinRepositoryInterface","interface","Common","RouteHandler","0"
"vendor/dtyq/super-magic-module/src/Domain/RecycleBin/Repository/Model/RecycleBinModel.php","Dtyq\SuperMagic\Domain\RecycleBin\Repository\Model\RecycleBinModel","app/Domain/SuperMagic/Common/RecycleBin/Repository/Model/RecycleBinModel.php","App\Domain\SuperMagic\Common\RecycleBin\Repository\Model\RecycleBinModel","class","Common","ordinary","0"
"vendor/dtyq/super-magic-module/src/Domain/RecycleBin/Repository/Persistence/RecycleBinRepository.php","Dtyq\SuperMagic\Domain\RecycleBin\Repository\Persistence\RecycleBinRepository","app/Domain/SuperMagic/Common/RecycleBin/Repository/Persistence/RecycleBinRepository.php","App\Domain\SuperMagic\Common\RecycleBin\Repository\Persistence\RecycleBinRepository","class","Common","ordinary","0"
"vendor/dtyq/super-magic-module/src/Domain/RecycleBin/Service/RecycleBinDomainService.php","Dtyq\SuperMagic\Domain\RecycleBin\Service\RecycleBinDomainService","app/Domain/SuperMagic/Common/RecycleBin/Service/RecycleBinDomainService.php","App\Domain\SuperMagic\Common\RecycleBin\Service\RecycleBinDomainService","class","Common","ordinary","0"
"vendor/dtyq/super-magic-module/src/Domain/RecycleBin/Service/RecycleBinRestoreDomainService.php","Dtyq\SuperMagic\Domain\RecycleBin\Service\RecycleBinRestoreDomainService","app/Domain/SuperMagic/Common/RecycleBin/Service/RecycleBinRestoreDomainService.php","App\Domain\SuperMagic\Common\RecycleBin\Service\RecycleBinRestoreDomainService","class","Common","ordinary","0"
"vendor/dtyq/super-magic-module/src/Domain/RecycleBin/Service/TopicRecycleDomainService.php","Dtyq\SuperMagic\Domain\RecycleBin\Service\TopicRecycleDomainService","app/Domain/SuperMagic/Common/RecycleBin/Service/TopicRecycleDomainService.php","App\Domain\SuperMagic\Common\RecycleBin\Service\TopicRecycleDomainService","class","Common","ordinary","0"
"vendor/dtyq/super-magic-module/src/Domain/Share/Constant/ResourceType.php","Dtyq\SuperMagic\Domain\Share\Constant\ResourceType","app/Domain/SuperMagic/Common/Share/Constant/ResourceType.php","App\Domain\SuperMagic\Common\Share\Constant\ResourceType","enum","Common","ordinary","0"
"vendor/dtyq/super-magic-module/src/Domain/Share/Constant/ShareAccessType.php","Dtyq\SuperMagic\Domain\Share\Constant\ShareAccessType","app/Domain/SuperMagic/Common/Share/Constant/ShareAccessType.php","App\Domain\SuperMagic\Common\Share\Constant\ShareAccessType","enum","Common","ordinary","0"
"vendor/dtyq/super-magic-module/src/Domain/Share/Constant/ShareFilterType.php","Dtyq\SuperMagic\Domain\Share\Constant\ShareFilterType","app/Domain/SuperMagic/Common/Share/Constant/ShareFilterType.php","App\Domain\SuperMagic\Common\Share\Constant\ShareFilterType","enum","Common","ordinary","0"
"vendor/dtyq/super-magic-module/src/Domain/Share/Constant/ShareUserType.php","Dtyq\SuperMagic\Domain\Share\Constant\ShareUserType","app/Domain/SuperMagic/Common/Share/Constant/ShareUserType.php","App\Domain\SuperMagic\Common\Share\Constant\ShareUserType","enum","Common","ordinary","0"
"vendor/dtyq/super-magic-module/src/Domain/Share/Entity/ResourceShareAccessLogEntity.php","Dtyq\SuperMagic\Domain\Share\Entity\ResourceShareAccessLogEntity","app/Domain/SuperMagic/Common/Share/Entity/ResourceShareAccessLogEntity.php","App\Domain\SuperMagic\Common\Share\Entity\ResourceShareAccessLogEntity","class","Common","ordinary","0"
"vendor/dtyq/super-magic-module/src/Domain/Share/Entity/ResourceShareEntity.php","Dtyq\SuperMagic\Domain\Share\Entity\ResourceShareEntity","app/Domain/SuperMagic/Common/Share/Entity/ResourceShareEntity.php","App\Domain\SuperMagic\Common\Share\Entity\ResourceShareEntity","class","Common","ordinary","0"
"vendor/dtyq/super-magic-module/src/Domain/Share/Entity/ValueObject/Query/SimilarQueryCondition.php","Dtyq\SuperMagic\Domain\Share\Entity\ValueObject\Query\SimilarQueryCondition","app/Domain/SuperMagic/Common/Share/Entity/ValueObject/Query/SimilarQueryCondition.php","App\Domain\SuperMagic\Common\Share\Entity\ValueObject\Query\SimilarQueryCondition","class","Common","ordinary","0"
"vendor/dtyq/super-magic-module/src/Domain/Share/Entity/ValueObject/ShareCode.php","Dtyq\SuperMagic\Domain\Share\Entity\ValueObject\ShareCode","app/Domain/SuperMagic/Common/Share/Entity/ValueObject/ShareCode.php","App\Domain\SuperMagic\Common\Share\Entity\ValueObject\ShareCode","class","Common","ordinary","0"
"vendor/dtyq/super-magic-module/src/Domain/Share/Entity/ValueObject/ShareStatus.php","Dtyq\SuperMagic\Domain\Share\Entity\ValueObject\ShareStatus","app/Domain/SuperMagic/Common/Share/Entity/ValueObject/ShareStatus.php","App\Domain\SuperMagic\Common\Share\Entity\ValueObject\ShareStatus","class","Common","ordinary","0"
"vendor/dtyq/super-magic-module/src/Domain/Share/Event/CancelShareAfterEvent.php","Dtyq\SuperMagic\Domain\Share\Event\CancelShareAfterEvent","app/Domain/SuperMagic/Common/Share/Event/CancelShareAfterEvent.php","App\Domain\SuperMagic\Common\Share\Event\CancelShareAfterEvent","class","Common","ordinary","0"
"vendor/dtyq/super-magic-module/src/Domain/Share/Event/CreateShareBeforeEvent.php","Dtyq\SuperMagic\Domain\Share\Event\CreateShareBeforeEvent","app/Domain/SuperMagic/Common/Share/Event/CreateShareBeforeEvent.php","App\Domain\SuperMagic\Common\Share\Event\CreateShareBeforeEvent","class","Common","ordinary","0"
"vendor/dtyq/super-magic-module/src/Domain/Share/Repository/Facade/ResourceShareAccessLogRepositoryInterface.php","Dtyq\SuperMagic\Domain\Share\Repository\Facade\ResourceShareAccessLogRepositoryInterface","app/Domain/SuperMagic/Common/Share/Repository/Facade/ResourceShareAccessLogRepositoryInterface.php","App\Domain\SuperMagic\Common\Share\Repository\Facade\ResourceShareAccessLogRepositoryInterface","interface","Common","RouteHandler","0"
"vendor/dtyq/super-magic-module/src/Domain/Share/Repository/Facade/ResourceShareCopyLogRepositoryInterface.php","Dtyq\SuperMagic\Domain\Share\Repository\Facade\ResourceShareCopyLogRepositoryInterface","app/Domain/SuperMagic/Common/Share/Repository/Facade/ResourceShareCopyLogRepositoryInterface.php","App\Domain\SuperMagic\Common\Share\Repository\Facade\ResourceShareCopyLogRepositoryInterface","interface","Common","RouteHandler","0"
"vendor/dtyq/super-magic-module/src/Domain/Share/Repository/Facade/ResourceShareRepositoryInterface.php","Dtyq\SuperMagic\Domain\Share\Repository\Facade\ResourceShareRepositoryInterface","app/Domain/SuperMagic/Common/Share/Repository/Facade/ResourceShareRepositoryInterface.php","App\Domain\SuperMagic\Common\Share\Repository\Facade\ResourceShareRepositoryInterface","interface","Common","RouteHandler","0"
"vendor/dtyq/super-magic-module/src/Domain/Share/Repository/Model/ResourceShareAccessLogModel.php","Dtyq\SuperMagic\Domain\Share\Repository\Model\ResourceShareAccessLogModel","app/Domain/SuperMagic/Common/Share/Repository/Model/ResourceShareAccessLogModel.php","App\Domain\SuperMagic\Common\Share\Repository\Model\ResourceShareAccessLogModel","class","Common","ordinary","0"
"vendor/dtyq/super-magic-module/src/Domain/Share/Repository/Model/ResourceShareModel.php","Dtyq\SuperMagic\Domain\Share\Repository\Model\ResourceShareModel","app/Domain/SuperMagic/Common/Share/Repository/Model/ResourceShareModel.php","App\Domain\SuperMagic\Common\Share\Repository\Model\ResourceShareModel","class","Common","ordinary","0"
"vendor/dtyq/super-magic-module/src/Domain/Share/Repository/Persistence/ResourceShareAccessLogRepository.php","Dtyq\SuperMagic\Domain\Share\Repository\Persistence\ResourceShareAccessLogRepository","app/Domain/SuperMagic/Common/Share/Repository/Persistence/ResourceShareAccessLogRepository.php","App\Domain\SuperMagic\Common\Share\Repository\Persistence\ResourceShareAccessLogRepository","class","Common","ordinary","0"
"vendor/dtyq/super-magic-module/src/Domain/Share/Repository/Persistence/ResourceShareCopyLogRepository.php","Dtyq\SuperMagic\Domain\Share\Repository\Persistence\ResourceShareCopyLogRepository","app/Domain/SuperMagic/Common/Share/Repository/Persistence/ResourceShareCopyLogRepository.php","App\Domain\SuperMagic\Common\Share\Repository\Persistence\ResourceShareCopyLogRepository","class","Common","ordinary","0"
"vendor/dtyq/super-magic-module/src/Domain/Share/Repository/Persistence/ResourceShareRepository.php","Dtyq\SuperMagic\Domain\Share\Repository\Persistence\ResourceShareRepository","app/Domain/SuperMagic/Common/Share/Repository/Persistence/ResourceShareRepository.php","App\Domain\SuperMagic\Common\Share\Repository\Persistence\ResourceShareRepository","class","Common","ordinary","0"
"vendor/dtyq/super-magic-module/src/Domain/Share/Repository/ValueObject/ResourceShareQueryVO.php","Dtyq\SuperMagic\Domain\Share\Repository\ValueObject\ResourceShareQueryVO","app/Domain/SuperMagic/Common/Share/Repository/ValueObject/ResourceShareQueryVO.php","App\Domain\SuperMagic\Common\Share\Repository\ValueObject\ResourceShareQueryVO","class","Common","ordinary","0"
"vendor/dtyq/super-magic-module/src/Domain/Share/Service/ResourceShareAccessLogDomainService.php","Dtyq\SuperMagic\Domain\Share\Service\ResourceShareAccessLogDomainService","app/Domain/SuperMagic/Common/Share/Service/ResourceShareAccessLogDomainService.php","App\Domain\SuperMagic\Common\Share\Service\ResourceShareAccessLogDomainService","class","Common","ordinary","0"
"vendor/dtyq/super-magic-module/src/Domain/Share/Service/ResourceShareCopyLogDomainService.php","Dtyq\SuperMagic\Domain\Share\Service\ResourceShareCopyLogDomainService","app/Domain/SuperMagic/Common/Share/Service/ResourceShareCopyLogDomainService.php","App\Domain\SuperMagic\Common\Share\Service\ResourceShareCopyLogDomainService","class","Common","ordinary","0"
"vendor/dtyq/super-magic-module/src/Domain/Share/Service/ResourceShareDomainService.php","Dtyq\SuperMagic\Domain\Share\Service\ResourceShareDomainService","app/Domain/SuperMagic/Common/Share/Service/ResourceShareDomainService.php","App\Domain\SuperMagic\Common\Share\Service\ResourceShareDomainService","class","Common","ordinary","0"
"vendor/dtyq/super-magic-module/src/Domain/Skill/Entity/SkillCategoryEntity.php","Dtyq\SuperMagic\Domain\Skill\Entity\SkillCategoryEntity","app/Domain/SuperMagic/Skill/Entity/SkillCategoryEntity.php","App\Domain\SuperMagic\Skill\Entity\SkillCategoryEntity","class","Skill","ordinary","0"
"vendor/dtyq/super-magic-module/src/Domain/Skill/Entity/SkillEntity.php","Dtyq\SuperMagic\Domain\Skill\Entity\SkillEntity","app/Domain/SuperMagic/Skill/Entity/SkillEntity.php","App\Domain\SuperMagic\Skill\Entity\SkillEntity","class","Skill","ordinary","0"
"vendor/dtyq/super-magic-module/src/Domain/Skill/Entity/SkillMarketEntity.php","Dtyq\SuperMagic\Domain\Skill\Entity\SkillMarketEntity","app/Domain/SuperMagic/Skill/Entity/SkillMarketEntity.php","App\Domain\SuperMagic\Skill\Entity\SkillMarketEntity","class","Skill","ordinary","0"
"vendor/dtyq/super-magic-module/src/Domain/Skill/Entity/SkillVersionEntity.php","Dtyq\SuperMagic\Domain\Skill\Entity\SkillVersionEntity","app/Domain/SuperMagic/Skill/Entity/SkillVersionEntity.php","App\Domain\SuperMagic\Skill\Entity\SkillVersionEntity","class","Skill","ordinary","0"
"vendor/dtyq/super-magic-module/src/Domain/Skill/Entity/UserSkillEntity.php","Dtyq\SuperMagic\Domain\Skill\Entity\UserSkillEntity","app/Domain/SuperMagic/Skill/Entity/UserSkillEntity.php","App\Domain\SuperMagic\Skill\Entity\UserSkillEntity","class","Skill","ordinary","0"
"vendor/dtyq/super-magic-module/src/Domain/Skill/Entity/ValueObject/BuiltinSkill.php","Dtyq\SuperMagic\Domain\Skill\Entity\ValueObject\BuiltinSkill","app/Domain/SuperMagic/Skill/Entity/ValueObject/BuiltinSkill.php","App\Domain\SuperMagic\Skill\Entity\ValueObject\BuiltinSkill","enum","Skill","ordinary","0"
"vendor/dtyq/super-magic-module/src/Domain/Skill/Entity/ValueObject/PublishStatus.php","Dtyq\SuperMagic\Domain\Skill\Entity\ValueObject\PublishStatus","app/Domain/SuperMagic/Skill/Entity/ValueObject/PublishStatus.php","App\Domain\SuperMagic\Skill\Entity\ValueObject\PublishStatus","enum","Skill","ordinary","0"
"vendor/dtyq/super-magic-module/src/Domain/Skill/Entity/ValueObject/PublishTargetType.php","Dtyq\SuperMagic\Domain\Skill\Entity\ValueObject\PublishTargetType","app/Domain/SuperMagic/Skill/Entity/ValueObject/PublishTargetType.php","App\Domain\SuperMagic\Skill\Entity\ValueObject\PublishTargetType","enum","Skill","ordinary","0"
"vendor/dtyq/super-magic-module/src/Domain/Skill/Entity/ValueObject/PublishTargetValue.php","Dtyq\SuperMagic\Domain\Skill\Entity\ValueObject\PublishTargetValue","app/Domain/SuperMagic/Skill/Entity/ValueObject/PublishTargetValue.php","App\Domain\SuperMagic\Skill\Entity\ValueObject\PublishTargetValue","class","Skill","ordinary","0"
"vendor/dtyq/super-magic-module/src/Domain/Skill/Entity/ValueObject/PublishType.php","Dtyq\SuperMagic\Domain\Skill\Entity\ValueObject\PublishType","app/Domain/SuperMagic/Skill/Entity/ValueObject/PublishType.php","App\Domain\SuperMagic\Skill\Entity\ValueObject\PublishType","enum","Skill","ordinary","0"
"vendor/dtyq/super-magic-module/src/Domain/Skill/Entity/ValueObject/PublisherType.php","Dtyq\SuperMagic\Domain\Skill\Entity\ValueObject\PublisherType","app/Domain/SuperMagic/Skill/Entity/ValueObject/PublisherType.php","App\Domain\SuperMagic\Skill\Entity\ValueObject\PublisherType","enum","Skill","ordinary","0"
"vendor/dtyq/super-magic-module/src/Domain/Skill/Entity/ValueObject/Query/SkillQuery.php","Dtyq\SuperMagic\Domain\Skill\Entity\ValueObject\Query\SkillQuery","app/Domain/SuperMagic/Skill/Entity/ValueObject/Query/SkillQuery.php","App\Domain\SuperMagic\Skill\Entity\ValueObject\Query\SkillQuery","class","Skill","ordinary","0"
"vendor/dtyq/super-magic-module/src/Domain/Skill/Entity/ValueObject/Query/SkillVersionAdminQuery.php","Dtyq\SuperMagic\Domain\Skill\Entity\ValueObject\Query\SkillVersionAdminQuery","app/Domain/SuperMagic/Skill/Entity/ValueObject/Query/SkillVersionAdminQuery.php","App\Domain\SuperMagic\Skill\Entity\ValueObject\Query\SkillVersionAdminQuery","class","Skill","ordinary","0"
"vendor/dtyq/super-magic-module/src/Domain/Skill/Entity/ValueObject/ReviewStatus.php","Dtyq\SuperMagic\Domain\Skill\Entity\ValueObject\ReviewStatus","app/Domain/SuperMagic/Skill/Entity/ValueObject/ReviewStatus.php","App\Domain\SuperMagic\Skill\Entity\ValueObject\ReviewStatus","enum","Skill","ordinary","0"
"vendor/dtyq/super-magic-module/src/Domain/Skill/Entity/ValueObject/SkillDataIsolation.php","Dtyq\SuperMagic\Domain\Skill\Entity\ValueObject\SkillDataIsolation","app/Domain/SuperMagic/Skill/Entity/ValueObject/SkillDataIsolation.php","App\Domain\SuperMagic\Skill\Entity\ValueObject\SkillDataIsolation","class","Skill","ordinary","0"
"vendor/dtyq/super-magic-module/src/Domain/Skill/Entity/ValueObject/SkillMentionSource.php","Dtyq\SuperMagic\Domain\Skill\Entity\ValueObject\SkillMentionSource","app/Domain/SuperMagic/Skill/Entity/ValueObject/SkillMentionSource.php","App\Domain\SuperMagic\Skill\Entity\ValueObject\SkillMentionSource","enum","Skill","ordinary","0"
"vendor/dtyq/super-magic-module/src/Domain/Skill/Entity/ValueObject/SkillSourceType.php","Dtyq\SuperMagic\Domain\Skill\Entity\ValueObject\SkillSourceType","app/Domain/SuperMagic/Skill/Entity/ValueObject/SkillSourceType.php","App\Domain\SuperMagic\Skill\Entity\ValueObject\SkillSourceType","enum","Skill","ordinary","0"
"vendor/dtyq/super-magic-module/src/Domain/Skill/Event/SkillImportedEvent.php","Dtyq\SuperMagic\Domain\Skill\Event\SkillImportedEvent","app/Domain/SuperMagic/Skill/Event/SkillImportedEvent.php","App\Domain\SuperMagic\Skill\Event\SkillImportedEvent","class","Skill","ordinary","0"
"vendor/dtyq/super-magic-module/src/Domain/Skill/Repository/Facade/SkillCategoryRepositoryInterface.php","Dtyq\SuperMagic\Domain\Skill\Repository\Facade\SkillCategoryRepositoryInterface","app/Domain/SuperMagic/Skill/Repository/Facade/SkillCategoryRepositoryInterface.php","App\Domain\SuperMagic\Skill\Repository\Facade\SkillCategoryRepositoryInterface","interface","Skill","RouteHandler","0"
"vendor/dtyq/super-magic-module/src/Domain/Skill/Repository/Facade/SkillMarketRepositoryInterface.php","Dtyq\SuperMagic\Domain\Skill\Repository\Facade\SkillMarketRepositoryInterface","app/Domain/SuperMagic/Skill/Repository/Facade/SkillMarketRepositoryInterface.php","App\Domain\SuperMagic\Skill\Repository\Facade\SkillMarketRepositoryInterface","interface","Skill","RouteHandler","0"
"vendor/dtyq/super-magic-module/src/Domain/Skill/Repository/Facade/SkillRepositoryInterface.php","Dtyq\SuperMagic\Domain\Skill\Repository\Facade\SkillRepositoryInterface","app/Domain/SuperMagic/Skill/Repository/Facade/SkillRepositoryInterface.php","App\Domain\SuperMagic\Skill\Repository\Facade\SkillRepositoryInterface","interface","Skill","RouteHandler","0"
"vendor/dtyq/super-magic-module/src/Domain/Skill/Repository/Facade/SkillVersionRepositoryInterface.php","Dtyq\SuperMagic\Domain\Skill\Repository\Facade\SkillVersionRepositoryInterface","app/Domain/SuperMagic/Skill/Repository/Facade/SkillVersionRepositoryInterface.php","App\Domain\SuperMagic\Skill\Repository\Facade\SkillVersionRepositoryInterface","interface","Skill","RouteHandler","0"
"vendor/dtyq/super-magic-module/src/Domain/Skill/Repository/Facade/UserSkillRepositoryInterface.php","Dtyq\SuperMagic\Domain\Skill\Repository\Facade\UserSkillRepositoryInterface","app/Domain/SuperMagic/Skill/Repository/Facade/UserSkillRepositoryInterface.php","App\Domain\SuperMagic\Skill\Repository\Facade\UserSkillRepositoryInterface","interface","Skill","RouteHandler","0"
"vendor/dtyq/super-magic-module/src/Domain/Skill/Repository/Persistence/Model/SkillCategoryModel.php","Dtyq\SuperMagic\Domain\Skill\Repository\Persistence\Model\SkillCategoryModel","app/Domain/SuperMagic/Skill/Repository/Persistence/Model/SkillCategoryModel.php","App\Domain\SuperMagic\Skill\Repository\Persistence\Model\SkillCategoryModel","class","Skill","ordinary","0"
"vendor/dtyq/super-magic-module/src/Domain/Skill/Repository/Persistence/Model/SkillMarketModel.php","Dtyq\SuperMagic\Domain\Skill\Repository\Persistence\Model\SkillMarketModel","app/Domain/SuperMagic/Skill/Repository/Persistence/Model/SkillMarketModel.php","App\Domain\SuperMagic\Skill\Repository\Persistence\Model\SkillMarketModel","class","Skill","ordinary","0"
"vendor/dtyq/super-magic-module/src/Domain/Skill/Repository/Persistence/Model/SkillModel.php","Dtyq\SuperMagic\Domain\Skill\Repository\Persistence\Model\SkillModel","app/Domain/SuperMagic/Skill/Repository/Persistence/Model/SkillModel.php","App\Domain\SuperMagic\Skill\Repository\Persistence\Model\SkillModel","class","Skill","ordinary","0"
"vendor/dtyq/super-magic-module/src/Domain/Skill/Repository/Persistence/Model/SkillVersionModel.php","Dtyq\SuperMagic\Domain\Skill\Repository\Persistence\Model\SkillVersionModel","app/Domain/SuperMagic/Skill/Repository/Persistence/Model/SkillVersionModel.php","App\Domain\SuperMagic\Skill\Repository\Persistence\Model\SkillVersionModel","class","Skill","ordinary","0"
"vendor/dtyq/super-magic-module/src/Domain/Skill/Repository/Persistence/Model/UserSkillModel.php","Dtyq\SuperMagic\Domain\Skill\Repository\Persistence\Model\UserSkillModel","app/Domain/SuperMagic/Skill/Repository/Persistence/Model/UserSkillModel.php","App\Domain\SuperMagic\Skill\Repository\Persistence\Model\UserSkillModel","class","Skill","ordinary","0"
"vendor/dtyq/super-magic-module/src/Domain/Skill/Repository/Persistence/SkillCategoryRepository.php","Dtyq\SuperMagic\Domain\Skill\Repository\Persistence\SkillCategoryRepository","app/Domain/SuperMagic/Skill/Repository/Persistence/SkillCategoryRepository.php","App\Domain\SuperMagic\Skill\Repository\Persistence\SkillCategoryRepository","class","Skill","ordinary","0"
"vendor/dtyq/super-magic-module/src/Domain/Skill/Repository/Persistence/SkillMarketRepository.php","Dtyq\SuperMagic\Domain\Skill\Repository\Persistence\SkillMarketRepository","app/Domain/SuperMagic/Skill/Repository/Persistence/SkillMarketRepository.php","App\Domain\SuperMagic\Skill\Repository\Persistence\SkillMarketRepository","class","Skill","ordinary","0"
"vendor/dtyq/super-magic-module/src/Domain/Skill/Repository/Persistence/SkillRepository.php","Dtyq\SuperMagic\Domain\Skill\Repository\Persistence\SkillRepository","app/Domain/SuperMagic/Skill/Repository/Persistence/SkillRepository.php","App\Domain\SuperMagic\Skill\Repository\Persistence\SkillRepository","class","Skill","ordinary","0"
"vendor/dtyq/super-magic-module/src/Domain/Skill/Repository/Persistence/SkillVersionRepository.php","Dtyq\SuperMagic\Domain\Skill\Repository\Persistence\SkillVersionRepository","app/Domain/SuperMagic/Skill/Repository/Persistence/SkillVersionRepository.php","App\Domain\SuperMagic\Skill\Repository\Persistence\SkillVersionRepository","class","Skill","ordinary","0"
"vendor/dtyq/super-magic-module/src/Domain/Skill/Repository/Persistence/UserSkillRepository.php","Dtyq\SuperMagic\Domain\Skill\Repository\Persistence\UserSkillRepository","app/Domain/SuperMagic/Skill/Repository/Persistence/UserSkillRepository.php","App\Domain\SuperMagic\Skill\Repository\Persistence\UserSkillRepository","class","Skill","ordinary","0"
"vendor/dtyq/super-magic-module/src/Domain/Skill/Service/SkillCategoryDomainService.php","Dtyq\SuperMagic\Domain\Skill\Service\SkillCategoryDomainService","app/Domain/SuperMagic/Skill/Service/SkillCategoryDomainService.php","App\Domain\SuperMagic\Skill\Service\SkillCategoryDomainService","class","Skill","ordinary","0"
"vendor/dtyq/super-magic-module/src/Domain/Skill/Service/SkillDomainService.php","Dtyq\SuperMagic\Domain\Skill\Service\SkillDomainService","app/Domain/SuperMagic/Skill/Service/SkillDomainService.php","App\Domain\SuperMagic\Skill\Service\SkillDomainService","class","Skill","ordinary","0"
"vendor/dtyq/super-magic-module/src/Domain/Skill/Service/SkillMarketDomainService.php","Dtyq\SuperMagic\Domain\Skill\Service\SkillMarketDomainService","app/Domain/SuperMagic/Skill/Service/SkillMarketDomainService.php","App\Domain\SuperMagic\Skill\Service\SkillMarketDomainService","class","Skill","ordinary","0"
"vendor/dtyq/super-magic-module/src/Domain/Skill/Service/SkillMarketSearchTextBuilder.php","Dtyq\SuperMagic\Domain\Skill\Service\SkillMarketSearchTextBuilder","app/Domain/SuperMagic/Skill/Service/SkillMarketSearchTextBuilder.php","App\Domain\SuperMagic\Skill\Service\SkillMarketSearchTextBuilder","class","Skill","ordinary","0"
"vendor/dtyq/super-magic-module/src/Domain/Skill/Service/SkillVersionDomainService.php","Dtyq\SuperMagic\Domain\Skill\Service\SkillVersionDomainService","app/Domain/SuperMagic/Skill/Service/SkillVersionDomainService.php","App\Domain\SuperMagic\Skill\Service\SkillVersionDomainService","class","Skill","ordinary","0"
"vendor/dtyq/super-magic-module/src/Domain/SuperAgent/Constant/AgentConstant.php","Dtyq\SuperMagic\Domain\SuperAgent\Constant\AgentConstant","app/Domain/SuperMagic/Task/Constant/AgentConstant.php","App\Domain\SuperMagic\Task\Constant\AgentConstant","class","Task","ordinary","0"
"vendor/dtyq/super-magic-module/src/Domain/SuperAgent/Constant/AgentEventEnum.php","Dtyq\SuperMagic\Domain\SuperAgent\Constant\AgentEventEnum","app/Domain/SuperMagic/Task/Constant/AgentEventEnum.php","App\Domain\SuperMagic\Task\Constant\AgentEventEnum","enum","Task","ordinary","0"
"vendor/dtyq/super-magic-module/src/Domain/SuperAgent/Constant/AudioProjectPhaseEnum.php","Dtyq\SuperMagic\Domain\SuperAgent\Constant\AudioProjectPhaseEnum","app/Domain/SuperMagic/File/Constant/AudioProjectPhaseEnum.php","App\Domain\SuperMagic\File\Constant\AudioProjectPhaseEnum","enum","File","ordinary","0"
"vendor/dtyq/super-magic-module/src/Domain/SuperAgent/Constant/AudioProjectPhaseStatusEnum.php","Dtyq\SuperMagic\Domain\SuperAgent\Constant\AudioProjectPhaseStatusEnum","app/Domain/SuperMagic/File/Constant/AudioProjectPhaseStatusEnum.php","App\Domain\SuperMagic\File\Constant\AudioProjectPhaseStatusEnum","enum","File","ordinary","0"
"vendor/dtyq/super-magic-module/src/Domain/SuperAgent/Constant/ConvertStatusEnum.php","Dtyq\SuperMagic\Domain\SuperAgent\Constant\ConvertStatusEnum","app/Domain/SuperMagic/File/Constant/ConvertStatusEnum.php","App\Domain\SuperMagic\File\Constant\ConvertStatusEnum","enum","File","ordinary","0"
"vendor/dtyq/super-magic-module/src/Domain/SuperAgent/Constant/DuplicateStatusEnum.php","Dtyq\SuperMagic\Domain\SuperAgent\Constant\DuplicateStatusEnum","app/Domain/SuperMagic/Common/Constant/DuplicateStatusEnum.php","App\Domain\SuperMagic\Common\Constant\DuplicateStatusEnum","enum","Common","ordinary","0"
"vendor/dtyq/super-magic-module/src/Domain/SuperAgent/Constant/FileConvertConstant.php","Dtyq\SuperMagic\Domain\SuperAgent\Constant\FileConvertConstant","app/Domain/SuperMagic/File/Constant/FileConvertConstant.php","App\Domain\SuperMagic\File\Constant\FileConvertConstant","class","File","ordinary","0"
"vendor/dtyq/super-magic-module/src/Domain/SuperAgent/Constant/ProjectFileConstant.php","Dtyq\SuperMagic\Domain\SuperAgent\Constant\ProjectFileConstant","app/Domain/SuperMagic/File/Constant/ProjectFileConstant.php","App\Domain\SuperMagic\File\Constant\ProjectFileConstant","class","File","ordinary","0"
"vendor/dtyq/super-magic-module/src/Domain/SuperAgent/Constant/TopicDuplicateConstant.php","Dtyq\SuperMagic\Domain\SuperAgent\Constant\TopicDuplicateConstant","app/Domain/SuperMagic/Topic/Constant/TopicDuplicateConstant.php","App\Domain\SuperMagic\Topic\Constant\TopicDuplicateConstant","class","Topic","ordinary","0"
"vendor/dtyq/super-magic-module/src/Domain/SuperAgent/Constants/OperationAction.php","Dtyq\SuperMagic\Domain\SuperAgent\Constants\OperationAction","app/Domain/SuperMagic/Common/Constants/OperationAction.php","App\Domain\SuperMagic\Common\Constants\OperationAction","class","Common","ordinary","0"
"vendor/dtyq/super-magic-module/src/Domain/SuperAgent/Constants/ResourceType.php","Dtyq\SuperMagic\Domain\SuperAgent\Constants\ResourceType","app/Domain/SuperMagic/Common/Constants/ResourceType.php","App\Domain\SuperMagic\Common\Constants\ResourceType","class","Common","ordinary","0"
"vendor/dtyq/super-magic-module/src/Domain/SuperAgent/Entity/AudioMarkerEntity.php","Dtyq\SuperMagic\Domain\SuperAgent\Entity\AudioMarkerEntity","app/Domain/SuperMagic/File/Entity/AudioMarkerEntity.php","App\Domain\SuperMagic\File\Entity\AudioMarkerEntity","class","File","ordinary","0"
"vendor/dtyq/super-magic-module/src/Domain/SuperAgent/Entity/AudioProjectEntity.php","Dtyq\SuperMagic\Domain\SuperAgent\Entity\AudioProjectEntity","app/Domain/SuperMagic/File/Entity/AudioProjectEntity.php","App\Domain\SuperMagic\File\Entity\AudioProjectEntity","class","File","ordinary","0"
"vendor/dtyq/super-magic-module/src/Domain/SuperAgent/Entity/MessageQueueEntity.php","Dtyq\SuperMagic\Domain\SuperAgent\Entity\MessageQueueEntity","app/Domain/SuperMagic/Message/Entity/MessageQueueEntity.php","App\Domain\SuperMagic\Message\Entity\MessageQueueEntity","class","Message","ordinary","0"
"vendor/dtyq/super-magic-module/src/Domain/SuperAgent/Entity/MessageScheduleEntity.php","Dtyq\SuperMagic\Domain\SuperAgent\Entity\MessageScheduleEntity","app/Domain/SuperMagic/Message/Entity/MessageScheduleEntity.php","App\Domain\SuperMagic\Message\Entity\MessageScheduleEntity","class","Message","ordinary","0"
"vendor/dtyq/super-magic-module/src/Domain/SuperAgent/Entity/MessageScheduleLogEntity.php","Dtyq\SuperMagic\Domain\SuperAgent\Entity\MessageScheduleLogEntity","app/Domain/SuperMagic/Message/Entity/MessageScheduleLogEntity.php","App\Domain\SuperMagic\Message\Entity\MessageScheduleLogEntity","class","Message","ordinary","0"
"vendor/dtyq/super-magic-module/src/Domain/SuperAgent/Entity/MicroAppEntity.php","Dtyq\SuperMagic\Domain\SuperAgent\Entity\MicroAppEntity","app/Domain/SuperMagic/Project/Entity/MicroAppEntity.php","App\Domain\SuperMagic\Project\Entity\MicroAppEntity","class","Project","ordinary","0"
"vendor/dtyq/super-magic-module/src/Domain/SuperAgent/Entity/OpenMessageScheduleEntity.php","Dtyq\SuperMagic\Domain\SuperAgent\Entity\OpenMessageScheduleEntity","app/Domain/SuperMagic/Message/Entity/OpenMessageScheduleEntity.php","App\Domain\SuperMagic\Message\Entity\OpenMessageScheduleEntity","class","Message","ordinary","0"
"vendor/dtyq/super-magic-module/src/Domain/SuperAgent/Entity/ProjectEntity.php","Dtyq\SuperMagic\Domain\SuperAgent\Entity\ProjectEntity","app/Domain/SuperMagic/Project/Entity/ProjectEntity.php","App\Domain\SuperMagic\Project\Entity\ProjectEntity","class","Project","ordinary","0"
"vendor/dtyq/super-magic-module/src/Domain/SuperAgent/Entity/ProjectForkEntity.php","Dtyq\SuperMagic\Domain\SuperAgent\Entity\ProjectForkEntity","app/Domain/SuperMagic/Project/Entity/ProjectForkEntity.php","App\Domain\SuperMagic\Project\Entity\ProjectForkEntity","class","Project","ordinary","0"
"vendor/dtyq/super-magic-module/src/Domain/SuperAgent/Entity/ProjectMemberEntity.php","Dtyq\SuperMagic\Domain\SuperAgent\Entity\ProjectMemberEntity","app/Domain/SuperMagic/Project/Entity/ProjectMemberEntity.php","App\Domain\SuperMagic\Project\Entity\ProjectMemberEntity","class","Project","ordinary","0"
"vendor/dtyq/super-magic-module/src/Domain/SuperAgent/Entity/ProjectMemberSettingEntity.php","Dtyq\SuperMagic\Domain\SuperAgent\Entity\ProjectMemberSettingEntity","app/Domain/SuperMagic/Project/Entity/ProjectMemberSettingEntity.php","App\Domain\SuperMagic\Project\Entity\ProjectMemberSettingEntity","class","Project","ordinary","0"
"vendor/dtyq/super-magic-module/src/Domain/SuperAgent/Entity/ProjectOperationLogEntity.php","Dtyq\SuperMagic\Domain\SuperAgent\Entity\ProjectOperationLogEntity","app/Domain/SuperMagic/Project/Entity/ProjectOperationLogEntity.php","App\Domain\SuperMagic\Project\Entity\ProjectOperationLogEntity","class","Project","ordinary","0"
"vendor/dtyq/super-magic-module/src/Domain/SuperAgent/Entity/SandboxKeepAliveEntity.php","Dtyq\SuperMagic\Domain\SuperAgent\Entity\SandboxKeepAliveEntity","app/Domain/SuperMagic/Task/Entity/SandboxKeepAliveEntity.php","App\Domain\SuperMagic\Task\Entity\SandboxKeepAliveEntity","class","Task","ordinary","0"
"vendor/dtyq/super-magic-module/src/Domain/SuperAgent/Entity/ScriptTaskEntity.php","Dtyq\SuperMagic\Domain\SuperAgent\Entity\ScriptTaskEntity","app/Domain/SuperMagic/Task/Entity/ScriptTaskEntity.php","App\Domain\SuperMagic\Task\Entity\ScriptTaskEntity","class","Task","ordinary","0"
"vendor/dtyq/super-magic-module/src/Domain/SuperAgent/Entity/TaskEntity.php","Dtyq\SuperMagic\Domain\SuperAgent\Entity\TaskEntity","app/Domain/SuperMagic/Task/Entity/TaskEntity.php","App\Domain\SuperMagic\Task\Entity\TaskEntity","class","Task","ordinary","0"
"vendor/dtyq/super-magic-module/src/Domain/SuperAgent/Entity/TaskFileEntity.php","Dtyq\SuperMagic\Domain\SuperAgent\Entity\TaskFileEntity","app/Domain/SuperMagic/File/Entity/TaskFileEntity.php","App\Domain\SuperMagic\File\Entity\TaskFileEntity","class","File","ordinary","0"
"vendor/dtyq/super-magic-module/src/Domain/SuperAgent/Entity/TaskFileVersionEntity.php","Dtyq\SuperMagic\Domain\SuperAgent\Entity\TaskFileVersionEntity","app/Domain/SuperMagic/File/Entity/TaskFileVersionEntity.php","App\Domain\SuperMagic\File\Entity\TaskFileVersionEntity","class","File","ordinary","0"
"vendor/dtyq/super-magic-module/src/Domain/SuperAgent/Entity/TaskMessageEntity.php","Dtyq\SuperMagic\Domain\SuperAgent\Entity\TaskMessageEntity","app/Domain/SuperMagic/Message/Entity/TaskMessageEntity.php","App\Domain\SuperMagic\Message\Entity\TaskMessageEntity","class","Message","ordinary","0"
"vendor/dtyq/super-magic-module/src/Domain/SuperAgent/Entity/TokenUsageRecordEntity.php","Dtyq\SuperMagic\Domain\SuperAgent\Entity\TokenUsageRecordEntity","app/Domain/SuperMagic/Message/Entity/TokenUsageRecordEntity.php","App\Domain\SuperMagic\Message\Entity\TokenUsageRecordEntity","class","Message","ordinary","0"
"vendor/dtyq/super-magic-module/src/Domain/SuperAgent/Entity/TopicEntity.php","Dtyq\SuperMagic\Domain\SuperAgent\Entity\TopicEntity","app/Domain/SuperMagic/Topic/Entity/TopicEntity.php","App\Domain\SuperMagic\Topic\Entity\TopicEntity","class","Topic","ordinary","0"
"vendor/dtyq/super-magic-module/src/Domain/SuperAgent/Entity/TransferLogEntity.php","Dtyq\SuperMagic\Domain\SuperAgent\Entity\TransferLogEntity","app/Domain/SuperMagic/Project/Entity/TransferLogEntity.php","App\Domain\SuperMagic\Project\Entity\TransferLogEntity","class","Project","ordinary","0"
"vendor/dtyq/super-magic-module/src/Domain/SuperAgent/Entity/UserAuthorization.php","Dtyq\SuperMagic\Domain\SuperAgent\Entity\UserAuthorization","app/Domain/SuperMagic/Common/Entity/UserAuthorization.php","App\Domain\SuperMagic\Common\Entity\UserAuthorization","class","Common","ordinary","0"
"vendor/dtyq/super-magic-module/src/Domain/SuperAgent/Entity/ValueObject/AgentContext.php","Dtyq\SuperMagic\Domain\SuperAgent\Entity\ValueObject\AgentContext","app/Domain/SuperMagic/Task/Entity/ValueObject/AgentContext.php","App\Domain\SuperMagic\Task\Entity\ValueObject\AgentContext","class","Task","ordinary","0"
"vendor/dtyq/super-magic-module/src/Domain/SuperAgent/Entity/ValueObject/AgentInitContext.php","Dtyq\SuperMagic\Domain\SuperAgent\Entity\ValueObject\AgentInitContext","app/Domain/SuperMagic/Task/Entity/ValueObject/AgentInitContext.php","App\Domain\SuperMagic\Task\Entity\ValueObject\AgentInitContext","class","Task","ordinary","0"
"vendor/dtyq/super-magic-module/src/Domain/SuperAgent/Entity/ValueObject/AgentProfileValueObject.php","Dtyq\SuperMagic\Domain\SuperAgent\Entity\ValueObject\AgentProfileValueObject","app/Domain/SuperMagic/Task/Entity/ValueObject/AgentProfileValueObject.php","App\Domain\SuperMagic\Task\Entity\ValueObject\AgentProfileValueObject","class","Task","ordinary","0"
"vendor/dtyq/super-magic-module/src/Domain/SuperAgent/Entity/ValueObject/AgentRoleValueObject.php","Dtyq\SuperMagic\Domain\SuperAgent\Entity\ValueObject\AgentRoleValueObject","app/Domain/SuperMagic/Task/Entity/ValueObject/AgentRoleValueObject.php","App\Domain\SuperMagic\Task\Entity\ValueObject\AgentRoleValueObject","class","Task","ordinary","0"
"vendor/dtyq/super-magic-module/src/Domain/SuperAgent/Entity/ValueObject/AskUserResponseStatus.php","Dtyq\SuperMagic\Domain\SuperAgent\Entity\ValueObject\AskUserResponseStatus","app/Domain/SuperMagic/Common/Entity/ValueObject/AskUserResponseStatus.php","App\Domain\SuperMagic\Common\Entity\ValueObject\AskUserResponseStatus","enum","Common","ordinary","0"
"vendor/dtyq/super-magic-module/src/Domain/SuperAgent/Entity/ValueObject/AskUserStatus.php","Dtyq\SuperMagic\Domain\SuperAgent\Entity\ValueObject\AskUserStatus","app/Domain/SuperMagic/Common/Entity/ValueObject/AskUserStatus.php","App\Domain\SuperMagic\Common\Entity\ValueObject\AskUserStatus","enum","Common","ordinary","0"
"vendor/dtyq/super-magic-module/src/Domain/SuperAgent/Entity/ValueObject/ChatInstruction.php","Dtyq\SuperMagic\Domain\SuperAgent\Entity\ValueObject\ChatInstruction","app/Domain/SuperMagic/Message/Entity/ValueObject/ChatInstruction.php","App\Domain\SuperMagic\Message\Entity\ValueObject\ChatInstruction","enum","Message","ordinary","0"
"vendor/dtyq/super-magic-module/src/Domain/SuperAgent/Entity/ValueObject/ConvertType.php","Dtyq\SuperMagic\Domain\SuperAgent\Entity\ValueObject\ConvertType","app/Domain/SuperMagic/File/Entity/ValueObject/ConvertType.php","App\Domain\SuperMagic\File\Entity\ValueObject\ConvertType","enum","File","ordinary","0"
"vendor/dtyq/super-magic-module/src/Domain/SuperAgent/Entity/ValueObject/CreationSource.php","Dtyq\SuperMagic\Domain\SuperAgent\Entity\ValueObject\CreationSource","app/Domain/SuperMagic/Common/Entity/ValueObject/CreationSource.php","App\Domain\SuperMagic\Common\Entity\ValueObject\CreationSource","enum","Common","ordinary","0"
"vendor/dtyq/super-magic-module/src/Domain/SuperAgent/Entity/ValueObject/DeleteDataType.php","Dtyq\SuperMagic\Domain\SuperAgent\Entity\ValueObject\DeleteDataType","app/Domain/SuperMagic/Common/Entity/ValueObject/DeleteDataType.php","App\Domain\SuperMagic\Common\Entity\ValueObject\DeleteDataType","enum","Common","ordinary","0"
"vendor/dtyq/super-magic-module/src/Domain/SuperAgent/Entity/ValueObject/DepartmentInfoValueObject.php","Dtyq\SuperMagic\Domain\SuperAgent\Entity\ValueObject\DepartmentInfoValueObject","app/Domain/SuperMagic/Common/Entity/ValueObject/DepartmentInfoValueObject.php","App\Domain\SuperMagic\Common\Entity\ValueObject\DepartmentInfoValueObject","class","Common","ordinary","0"
"vendor/dtyq/super-magic-module/src/Domain/SuperAgent/Entity/ValueObject/DynamicConfig/DynamicConfigManager.php","Dtyq\SuperMagic\Domain\SuperAgent\Entity\ValueObject\DynamicConfig\DynamicConfigManager","app/Domain/SuperMagic/Common/Entity/ValueObject/DynamicConfig/DynamicConfigManager.php","App\Domain\SuperMagic\Common\Entity\ValueObject\DynamicConfig\DynamicConfigManager","class","Common","ordinary","0"
"vendor/dtyq/super-magic-module/src/Domain/SuperAgent/Entity/ValueObject/EditType.php","Dtyq\SuperMagic\Domain\SuperAgent\Entity\ValueObject\EditType","app/Domain/SuperMagic/Common/Entity/ValueObject/EditType.php","App\Domain\SuperMagic\Common\Entity\ValueObject\EditType","enum","Common","ordinary","0"
"vendor/dtyq/super-magic-module/src/Domain/SuperAgent/Entity/ValueObject/FileMoveChangeSet.php","Dtyq\SuperMagic\Domain\SuperAgent\Entity\ValueObject\FileMoveChangeSet","app/Domain/SuperMagic/File/Entity/ValueObject/FileMoveChangeSet.php","App\Domain\SuperMagic\File\Entity\ValueObject\FileMoveChangeSet","class","File","ordinary","0"
"vendor/dtyq/super-magic-module/src/Domain/SuperAgent/Entity/ValueObject/FileType.php","Dtyq\SuperMagic\Domain\SuperAgent\Entity\ValueObject\FileType","app/Domain/SuperMagic/File/Entity/ValueObject/FileType.php","App\Domain\SuperMagic\File\Entity\ValueObject\FileType","enum","File","ordinary","0"
"vendor/dtyq/super-magic-module/src/Domain/SuperAgent/Entity/ValueObject/ForkStatus.php","Dtyq\SuperMagic\Domain\SuperAgent\Entity\ValueObject\ForkStatus","app/Domain/SuperMagic/Project/Entity/ValueObject/ForkStatus.php","App\Domain\SuperMagic\Project\Entity\ValueObject\ForkStatus","enum","Project","ordinary","0"
"vendor/dtyq/super-magic-module/src/Domain/SuperAgent/Entity/ValueObject/HiddenType.php","Dtyq\SuperMagic\Domain\SuperAgent\Entity\ValueObject\HiddenType","app/Domain/SuperMagic/Common/Entity/ValueObject/HiddenType.php","App\Domain\SuperMagic\Common\Entity\ValueObject\HiddenType","enum","Common","ordinary","0"
"vendor/dtyq/super-magic-module/src/Domain/SuperAgent/Entity/ValueObject/InitializationMetadataDTO.php","Dtyq\SuperMagic\Domain\SuperAgent\Entity\ValueObject\InitializationMetadataDTO","app/Domain/SuperMagic/Task/Entity/ValueObject/InitializationMetadataDTO.php","App\Domain\SuperMagic\Task\Entity\ValueObject\InitializationMetadataDTO","class","Task","ordinary","0"
"vendor/dtyq/super-magic-module/src/Domain/SuperAgent/Entity/ValueObject/InputTokensDetails.php","Dtyq\SuperMagic\Domain\SuperAgent\Entity\ValueObject\InputTokensDetails","app/Domain/SuperMagic/Common/Entity/ValueObject/InputTokensDetails.php","App\Domain\SuperMagic\Common\Entity\ValueObject\InputTokensDetails","class","Common","ordinary","0"
"vendor/dtyq/super-magic-module/src/Domain/SuperAgent/Entity/ValueObject/MemberJoinMethod.php","Dtyq\SuperMagic\Domain\SuperAgent\Entity\ValueObject\MemberJoinMethod","app/Domain/SuperMagic/Project/Entity/ValueObject/MemberJoinMethod.php","App\Domain\SuperMagic\Project\Entity\ValueObject\MemberJoinMethod","enum","Project","ordinary","0"
"vendor/dtyq/super-magic-module/src/Domain/SuperAgent/Entity/ValueObject/MemberRole.php","Dtyq\SuperMagic\Domain\SuperAgent\Entity\ValueObject\MemberRole","app/Domain/SuperMagic/Project/Entity/ValueObject/MemberRole.php","App\Domain\SuperMagic\Project\Entity\ValueObject\MemberRole","enum","Project","ordinary","0"
"vendor/dtyq/super-magic-module/src/Domain/SuperAgent/Entity/ValueObject/MemberStatus.php","Dtyq\SuperMagic\Domain\SuperAgent\Entity\ValueObject\MemberStatus","app/Domain/SuperMagic/Project/Entity/ValueObject/MemberStatus.php","App\Domain\SuperMagic\Project\Entity\ValueObject\MemberStatus","enum","Project","ordinary","0"
"vendor/dtyq/super-magic-module/src/Domain/SuperAgent/Entity/ValueObject/MemberType.php","Dtyq\SuperMagic\Domain\SuperAgent\Entity\ValueObject\MemberType","app/Domain/SuperMagic/Project/Entity/ValueObject/MemberType.php","App\Domain\SuperMagic\Project\Entity\ValueObject\MemberType","enum","Project","ordinary","0"
"vendor/dtyq/super-magic-module/src/Domain/SuperAgent/Entity/ValueObject/MessageMetadata.php","Dtyq\SuperMagic\Domain\SuperAgent\Entity\ValueObject\MessageMetadata","app/Domain/SuperMagic/Message/Entity/ValueObject/MessageMetadata.php","App\Domain\SuperMagic\Message\Entity\ValueObject\MessageMetadata","class","Message","ordinary","0"
"vendor/dtyq/super-magic-module/src/Domain/SuperAgent/Entity/ValueObject/MessagePayload.php","Dtyq\SuperMagic\Domain\SuperAgent\Entity\ValueObject\MessagePayload","app/Domain/SuperMagic/Message/Entity/ValueObject/MessagePayload.php","App\Domain\SuperMagic\Message\Entity\ValueObject\MessagePayload","class","Message","ordinary","0"
"vendor/dtyq/super-magic-module/src/Domain/SuperAgent/Entity/ValueObject/MessageQueueStatus.php","Dtyq\SuperMagic\Domain\SuperAgent\Entity\ValueObject\MessageQueueStatus","app/Domain/SuperMagic/Message/Entity/ValueObject/MessageQueueStatus.php","App\Domain\SuperMagic\Message\Entity\ValueObject\MessageQueueStatus","enum","Message","ordinary","0"
"vendor/dtyq/super-magic-module/src/Domain/SuperAgent/Entity/ValueObject/MessageType.php","Dtyq\SuperMagic\Domain\SuperAgent\Entity\ValueObject\MessageType","app/Domain/SuperMagic/Message/Entity/ValueObject/MessageType.php","App\Domain\SuperMagic\Message\Entity\ValueObject\MessageType","enum","Message","ordinary","0"
"vendor/dtyq/super-magic-module/src/Domain/SuperAgent/Entity/ValueObject/MicroAppListScope.php","Dtyq\SuperMagic\Domain\SuperAgent\Entity\ValueObject\MicroAppListScope","app/Domain/SuperMagic/Project/Entity/ValueObject/MicroAppListScope.php","App\Domain\SuperMagic\Project\Entity\ValueObject\MicroAppListScope","enum","Project","ordinary","0"
"vendor/dtyq/super-magic-module/src/Domain/SuperAgent/Entity/ValueObject/MicroAppPublishStatus.php","Dtyq\SuperMagic\Domain\SuperAgent\Entity\ValueObject\MicroAppPublishStatus","app/Domain/SuperMagic/Project/Entity/ValueObject/MicroAppPublishStatus.php","App\Domain\SuperMagic\Project\Entity\ValueObject\MicroAppPublishStatus","enum","Project","ordinary","0"
"vendor/dtyq/super-magic-module/src/Domain/SuperAgent/Entity/ValueObject/OutputTokensDetails.php","Dtyq\SuperMagic\Domain\SuperAgent\Entity\ValueObject\OutputTokensDetails","app/Domain/SuperMagic/Common/Entity/ValueObject/OutputTokensDetails.php","App\Domain\SuperMagic\Common\Entity\ValueObject\OutputTokensDetails","class","Common","ordinary","0"
"vendor/dtyq/super-magic-module/src/Domain/SuperAgent/Entity/ValueObject/ProjectMode.php","Dtyq\SuperMagic\Domain\SuperAgent\Entity\ValueObject\ProjectMode","app/Domain/SuperMagic/Project/Entity/ValueObject/ProjectMode.php","App\Domain\SuperMagic\Project\Entity\ValueObject\ProjectMode","enum","Project","ordinary","0"
"vendor/dtyq/super-magic-module/src/Domain/SuperAgent/Entity/ValueObject/ProjectStatus.php","Dtyq\SuperMagic\Domain\SuperAgent\Entity\ValueObject\ProjectStatus","app/Domain/SuperMagic/Project/Entity/ValueObject/ProjectStatus.php","App\Domain\SuperMagic\Project\Entity\ValueObject\ProjectStatus","enum","Project","ordinary","0"
"vendor/dtyq/super-magic-module/src/Domain/SuperAgent/Entity/ValueObject/Query/OpenMessageScheduleQuery.php","Dtyq\SuperMagic\Domain\SuperAgent\Entity\ValueObject\Query\OpenMessageScheduleQuery","app/Domain/SuperMagic/Message/Entity/ValueObject/Query/OpenMessageScheduleQuery.php","App\Domain\SuperMagic\Message\Entity\ValueObject\Query\OpenMessageScheduleQuery","class","Message","ordinary","0"
"vendor/dtyq/super-magic-module/src/Domain/SuperAgent/Entity/ValueObject/Query/TopicQuery.php","Dtyq\SuperMagic\Domain\SuperAgent\Entity\ValueObject\Query\TopicQuery","app/Domain/SuperMagic/Topic/Entity/ValueObject/Query/TopicQuery.php","App\Domain\SuperMagic\Topic\Entity\ValueObject\Query\TopicQuery","class","Topic","ordinary","0"
"vendor/dtyq/super-magic-module/src/Domain/SuperAgent/Entity/ValueObject/SandboxFileNotificationDataValueObject.php","Dtyq\SuperMagic\Domain\SuperAgent\Entity\ValueObject\SandboxFileNotificationDataValueObject","app/Domain/SuperMagic/File/Entity/ValueObject/SandboxFileNotificationDataValueObject.php","App\Domain\SuperMagic\File\Entity\ValueObject\SandboxFileNotificationDataValueObject","class","File","ordinary","0"
"vendor/dtyq/super-magic-module/src/Domain/SuperAgent/Entity/ValueObject/StorageType.php","Dtyq\SuperMagic\Domain\SuperAgent\Entity\ValueObject\StorageType","app/Domain/SuperMagic/Common/Entity/ValueObject/StorageType.php","App\Domain\SuperMagic\Common\Entity\ValueObject\StorageType","enum","Common","ordinary","0"
"vendor/dtyq/super-magic-module/src/Domain/SuperAgent/Entity/ValueObject/SuperMagicExecutionSource.php","Dtyq\SuperMagic\Domain\SuperAgent\Entity\ValueObject\SuperMagicExecutionSource","app/Domain/SuperMagic/Common/Entity/ValueObject/SuperMagicExecutionSource.php","App\Domain\SuperMagic\Common\Entity\ValueObject\SuperMagicExecutionSource","enum","Common","ordinary","0"
"vendor/dtyq/super-magic-module/src/Domain/SuperAgent/Entity/ValueObject/SuperMagicProductContext.php","Dtyq\SuperMagic\Domain\SuperAgent\Entity\ValueObject\SuperMagicProductContext","app/Domain/SuperMagic/Common/Entity/ValueObject/SuperMagicProductContext.php","App\Domain\SuperMagic\Common\Entity\ValueObject\SuperMagicProductContext","class","Common","ordinary","0"
"vendor/dtyq/super-magic-module/src/Domain/SuperAgent/Entity/ValueObject/SuperMagicProjectContext.php","Dtyq\SuperMagic\Domain\SuperAgent\Entity\ValueObject\SuperMagicProjectContext","app/Domain/SuperMagic/Project/Entity/ValueObject/SuperMagicProjectContext.php","App\Domain\SuperMagic\Project\Entity\ValueObject\SuperMagicProjectContext","class","Project","ordinary","0"
"vendor/dtyq/super-magic-module/src/Domain/SuperAgent/Entity/ValueObject/SuperMagicSandboxContext.php","Dtyq\SuperMagic\Domain\SuperAgent\Entity\ValueObject\SuperMagicSandboxContext","app/Domain/SuperMagic/Task/Entity/ValueObject/SuperMagicSandboxContext.php","App\Domain\SuperMagic\Task\Entity\ValueObject\SuperMagicSandboxContext","class","Task","ordinary","0"
"vendor/dtyq/super-magic-module/src/Domain/SuperAgent/Entity/ValueObject/SuperMagicTopicContext.php","Dtyq\SuperMagic\Domain\SuperAgent\Entity\ValueObject\SuperMagicTopicContext","app/Domain/SuperMagic/Topic/Entity/ValueObject/SuperMagicTopicContext.php","App\Domain\SuperMagic\Topic\Entity\ValueObject\SuperMagicTopicContext","class","Topic","ordinary","0"
"vendor/dtyq/super-magic-module/src/Domain/SuperAgent/Entity/ValueObject/SuperMagicWorkspaceContext.php","Dtyq\SuperMagic\Domain\SuperAgent\Entity\ValueObject\SuperMagicWorkspaceContext","app/Domain/SuperMagic/Workspace/Entity/ValueObject/SuperMagicWorkspaceContext.php","App\Domain\SuperMagic\Workspace\Entity\ValueObject\SuperMagicWorkspaceContext","class","Workspace","ordinary","0"
"vendor/dtyq/super-magic-module/src/Domain/SuperAgent/Entity/ValueObject/TaskContext.php","Dtyq\SuperMagic\Domain\SuperAgent\Entity\ValueObject\TaskContext","app/Domain/SuperMagic/Task/Entity/ValueObject/TaskContext.php","App\Domain\SuperMagic\Task\Entity\ValueObject\TaskContext","class","Task","ordinary","0"
"vendor/dtyq/super-magic-module/src/Domain/SuperAgent/Entity/ValueObject/TaskEvent.php","Dtyq\SuperMagic\Domain\SuperAgent\Entity\ValueObject\TaskEvent","app/Domain/SuperMagic/Task/Entity/ValueObject/TaskEvent.php","App\Domain\SuperMagic\Task\Entity\ValueObject\TaskEvent","enum","Task","ordinary","0"
"vendor/dtyq/super-magic-module/src/Domain/SuperAgent/Entity/ValueObject/TaskFileSource.php","Dtyq\SuperMagic\Domain\SuperAgent\Entity\ValueObject\TaskFileSource","app/Domain/SuperMagic/File/Entity/ValueObject/TaskFileSource.php","App\Domain\SuperMagic\File\Entity\ValueObject\TaskFileSource","enum","File","ordinary","0"
"vendor/dtyq/super-magic-module/src/Domain/SuperAgent/Entity/ValueObject/TaskMode.php","Dtyq\SuperMagic\Domain\SuperAgent\Entity\ValueObject\TaskMode","app/Domain/SuperMagic/Task/Entity/ValueObject/TaskMode.php","App\Domain\SuperMagic\Task\Entity\ValueObject\TaskMode","enum","Task","ordinary","0"
"vendor/dtyq/super-magic-module/src/Domain/SuperAgent/Entity/ValueObject/TaskStatus.php","Dtyq\SuperMagic\Domain\SuperAgent\Entity\ValueObject\TaskStatus","app/Domain/SuperMagic/Task/Entity/ValueObject/TaskStatus.php","App\Domain\SuperMagic\Task\Entity\ValueObject\TaskStatus","enum","Task","ordinary","0"
"vendor/dtyq/super-magic-module/src/Domain/SuperAgent/Entity/ValueObject/TokenUsage.php","Dtyq\SuperMagic\Domain\SuperAgent\Entity\ValueObject\TokenUsage","app/Domain/SuperMagic/Message/Entity/ValueObject/TokenUsage.php","App\Domain\SuperMagic\Message\Entity\ValueObject\TokenUsage","class","Message","ordinary","0"
"vendor/dtyq/super-magic-module/src/Domain/SuperAgent/Entity/ValueObject/TokenUsageDetails.php","Dtyq\SuperMagic\Domain\SuperAgent\Entity\ValueObject\TokenUsageDetails","app/Domain/SuperMagic/Message/Entity/ValueObject/TokenUsageDetails.php","App\Domain\SuperMagic\Message\Entity\ValueObject\TokenUsageDetails","class","Message","ordinary","0"
"vendor/dtyq/super-magic-module/src/Domain/SuperAgent/Entity/ValueObject/TransferOptions.php","Dtyq\SuperMagic\Domain\SuperAgent\Entity\ValueObject\TransferOptions","app/Domain/SuperMagic/Project/Entity/ValueObject/TransferOptions.php","App\Domain\SuperMagic\Project\Entity\ValueObject\TransferOptions","class","Project","ordinary","0"
"vendor/dtyq/super-magic-module/src/Domain/SuperAgent/Entity/ValueObject/TransferResult.php","Dtyq\SuperMagic\Domain\SuperAgent\Entity\ValueObject\TransferResult","app/Domain/SuperMagic/Project/Entity/ValueObject/TransferResult.php","App\Domain\SuperMagic\Project\Entity\ValueObject\TransferResult","class","Project","ordinary","0"
"vendor/dtyq/super-magic-module/src/Domain/SuperAgent/Entity/ValueObject/TransferStatus.php","Dtyq\SuperMagic\Domain\SuperAgent\Entity\ValueObject\TransferStatus","app/Domain/SuperMagic/Project/Entity/ValueObject/TransferStatus.php","App\Domain\SuperMagic\Project\Entity\ValueObject\TransferStatus","enum","Project","ordinary","0"
"vendor/dtyq/super-magic-module/src/Domain/SuperAgent/Entity/ValueObject/TransferType.php","Dtyq\SuperMagic\Domain\SuperAgent\Entity\ValueObject\TransferType","app/Domain/SuperMagic/Project/Entity/ValueObject/TransferType.php","App\Domain\SuperMagic\Project\Entity\ValueObject\TransferType","enum","Project","ordinary","0"
"vendor/dtyq/super-magic-module/src/Domain/SuperAgent/Entity/ValueObject/UserInfoValueObject.php","Dtyq\SuperMagic\Domain\SuperAgent\Entity\ValueObject\UserInfoValueObject","app/Domain/SuperMagic/Common/Entity/ValueObject/UserInfoValueObject.php","App\Domain\SuperMagic\Common\Entity\ValueObject\UserInfoValueObject","class","Common","ordinary","0"
"vendor/dtyq/super-magic-module/src/Domain/SuperAgent/Entity/ValueObject/WarmPoolSandboxStatus.php","Dtyq\SuperMagic\Domain\SuperAgent\Entity\ValueObject\WarmPoolSandboxStatus","app/Domain/SuperMagic/Task/Entity/ValueObject/WarmPoolSandboxStatus.php","App\Domain\SuperMagic\Task\Entity\ValueObject\WarmPoolSandboxStatus","enum","Task","ordinary","0"
"vendor/dtyq/super-magic-module/src/Domain/SuperAgent/Entity/ValueObject/WorkspaceArchiveStatus.php","Dtyq\SuperMagic\Domain\SuperAgent\Entity\ValueObject\WorkspaceArchiveStatus","app/Domain/SuperMagic/Workspace/Entity/ValueObject/WorkspaceArchiveStatus.php","App\Domain\SuperMagic\Workspace\Entity\ValueObject\WorkspaceArchiveStatus","enum","Workspace","ordinary","0"
"vendor/dtyq/super-magic-module/src/Domain/SuperAgent/Entity/ValueObject/WorkspaceCreationParams.php","Dtyq\SuperMagic\Domain\SuperAgent\Entity\ValueObject\WorkspaceCreationParams","app/Domain/SuperMagic/Workspace/Entity/ValueObject/WorkspaceCreationParams.php","App\Domain\SuperMagic\Workspace\Entity\ValueObject\WorkspaceCreationParams","class","Workspace","ordinary","0"
"vendor/dtyq/super-magic-module/src/Domain/SuperAgent/Entity/ValueObject/WorkspaceStatus.php","Dtyq\SuperMagic\Domain\SuperAgent\Entity\ValueObject\WorkspaceStatus","app/Domain/SuperMagic/Workspace/Entity/ValueObject/WorkspaceStatus.php","App\Domain\SuperMagic\Workspace\Entity\ValueObject\WorkspaceStatus","enum","Workspace","ordinary","0"
"vendor/dtyq/super-magic-module/src/Domain/SuperAgent/Entity/ValueObject/WorkspaceType.php","Dtyq\SuperMagic\Domain\SuperAgent\Entity\ValueObject\WorkspaceType","app/Domain/SuperMagic/Workspace/Entity/ValueObject/WorkspaceType.php","App\Domain\SuperMagic\Workspace\Entity\ValueObject\WorkspaceType","enum","Workspace","ordinary","0"
"vendor/dtyq/super-magic-module/src/Domain/SuperAgent/Entity/WarmPoolSandboxEntity.php","Dtyq\SuperMagic\Domain\SuperAgent\Entity\WarmPoolSandboxEntity","app/Domain/SuperMagic/Task/Entity/WarmPoolSandboxEntity.php","App\Domain\SuperMagic\Task\Entity\WarmPoolSandboxEntity","class","Task","ordinary","0"
"vendor/dtyq/super-magic-module/src/Domain/SuperAgent/Entity/WorkspaceEntity.php","Dtyq\SuperMagic\Domain\SuperAgent\Entity\WorkspaceEntity","app/Domain/SuperMagic/Workspace/Entity/WorkspaceEntity.php","App\Domain\SuperMagic\Workspace\Entity\WorkspaceEntity","class","Workspace","ordinary","0"
"vendor/dtyq/super-magic-module/src/Domain/SuperAgent/Entity/WorkspaceVersionEntity.php","Dtyq\SuperMagic\Domain\SuperAgent\Entity\WorkspaceVersionEntity","app/Domain/SuperMagic/Workspace/Entity/WorkspaceVersionEntity.php","App\Domain\SuperMagic\Workspace\Entity\WorkspaceVersionEntity","class","Workspace","ordinary","0"
"vendor/dtyq/super-magic-module/src/Domain/SuperAgent/Event/AbstractEvent.php","Dtyq\SuperMagic\Domain\SuperAgent\Event\AbstractEvent","app/Domain/SuperMagic/Common/Event/AbstractEvent.php","App\Domain\SuperMagic\Common\Event\AbstractEvent","class","Common","ordinary","0"
"vendor/dtyq/super-magic-module/src/Domain/SuperAgent/Event/AttachmentsProcessedEvent.php","Dtyq\SuperMagic\Domain\SuperAgent\Event\AttachmentsProcessedEvent","app/Domain/SuperMagic/File/Event/AttachmentsProcessedEvent.php","App\Domain\SuperMagic\File\Event\AttachmentsProcessedEvent","class","File","ordinary","0"
"vendor/dtyq/super-magic-module/src/Domain/SuperAgent/Event/CheckLongTermMemoryEvent.php","Dtyq\SuperMagic\Domain\SuperAgent\Event\CheckLongTermMemoryEvent","app/Domain/SuperMagic/Common/Event/CheckLongTermMemoryEvent.php","App\Domain\SuperMagic\Common\Event\CheckLongTermMemoryEvent","class","Common","ordinary","0"
"vendor/dtyq/super-magic-module/src/Domain/SuperAgent/Event/CheckpointRollbackFilesChangedEvent.php","Dtyq\SuperMagic\Domain\SuperAgent\Event\CheckpointRollbackFilesChangedEvent","app/Domain/SuperMagic/File/Event/CheckpointRollbackFilesChangedEvent.php","App\Domain\SuperMagic\File\Event\CheckpointRollbackFilesChangedEvent","class","File","ordinary","0"
"vendor/dtyq/super-magic-module/src/Domain/SuperAgent/Event/CheckpointRollbackMessagesChangedEvent.php","Dtyq\SuperMagic\Domain\SuperAgent\Event\CheckpointRollbackMessagesChangedEvent","app/Domain/SuperMagic/Message/Event/CheckpointRollbackMessagesChangedEvent.php","App\Domain\SuperMagic\Message\Event\CheckpointRollbackMessagesChangedEvent","class","Message","ordinary","0"
"vendor/dtyq/super-magic-module/src/Domain/SuperAgent/Event/CreateTopicBeforeEvent.php","Dtyq\SuperMagic\Domain\SuperAgent\Event\CreateTopicBeforeEvent","app/Domain/SuperMagic/Topic/Event/CreateTopicBeforeEvent.php","App\Domain\SuperMagic\Topic\Event\CreateTopicBeforeEvent","class","Topic","ordinary","0"
"vendor/dtyq/super-magic-module/src/Domain/SuperAgent/Event/CreateWorkspaceBeforeEvent.php","Dtyq\SuperMagic\Domain\SuperAgent\Event\CreateWorkspaceBeforeEvent","app/Domain/SuperMagic/Workspace/Event/CreateWorkspaceBeforeEvent.php","App\Domain\SuperMagic\Workspace\Event\CreateWorkspaceBeforeEvent","class","Workspace","ordinary","0"
"vendor/dtyq/super-magic-module/src/Domain/SuperAgent/Event/DeleteEventSource.php","Dtyq\SuperMagic\Domain\SuperAgent\Event\DeleteEventSource","app/Domain/SuperMagic/Common/Event/DeleteEventSource.php","App\Domain\SuperMagic\Common\Event\DeleteEventSource","enum","Common","ordinary","0"
"vendor/dtyq/super-magic-module/src/Domain/SuperAgent/Event/DeleteTopicAfterEvent.php","Dtyq\SuperMagic\Domain\SuperAgent\Event\DeleteTopicAfterEvent","app/Domain/SuperMagic/Topic/Event/DeleteTopicAfterEvent.php","App\Domain\SuperMagic\Topic\Event\DeleteTopicAfterEvent","class","Topic","ordinary","0"
"vendor/dtyq/super-magic-module/src/Domain/SuperAgent/Event/DeleteTopicBeforeEvent.php","Dtyq\SuperMagic\Domain\SuperAgent\Event\DeleteTopicBeforeEvent","app/Domain/SuperMagic/Topic/Event/DeleteTopicBeforeEvent.php","App\Domain\SuperMagic\Topic\Event\DeleteTopicBeforeEvent","class","Topic","ordinary","0"
"vendor/dtyq/super-magic-module/src/Domain/SuperAgent/Event/DeleteWorkspaceAfterEvent.php","Dtyq\SuperMagic\Domain\SuperAgent\Event\DeleteWorkspaceAfterEvent","app/Domain/SuperMagic/Workspace/Event/DeleteWorkspaceAfterEvent.php","App\Domain\SuperMagic\Workspace\Event\DeleteWorkspaceAfterEvent","class","Workspace","ordinary","0"
"vendor/dtyq/super-magic-module/src/Domain/SuperAgent/Event/DirectoryDeletedEvent.php","Dtyq\SuperMagic\Domain\SuperAgent\Event\DirectoryDeletedEvent","app/Domain/SuperMagic/File/Event/DirectoryDeletedEvent.php","App\Domain\SuperMagic\File\Event\DirectoryDeletedEvent","class","File","ordinary","0"
"vendor/dtyq/super-magic-module/src/Domain/SuperAgent/Event/FileBatchCopyEvent.php","Dtyq\SuperMagic\Domain\SuperAgent\Event\FileBatchCopyEvent","app/Domain/SuperMagic/File/Event/FileBatchCopyEvent.php","App\Domain\SuperMagic\File\Event\FileBatchCopyEvent","class","File","ordinary","0"
"vendor/dtyq/super-magic-module/src/Domain/SuperAgent/Event/FileBatchMoveCompletedEvent.php","Dtyq\SuperMagic\Domain\SuperAgent\Event\FileBatchMoveCompletedEvent","app/Domain/SuperMagic/File/Event/FileBatchMoveCompletedEvent.php","App\Domain\SuperMagic\File\Event\FileBatchMoveCompletedEvent","class","File","ordinary","0"
"vendor/dtyq/super-magic-module/src/Domain/SuperAgent/Event/FileBatchMoveEvent.php","Dtyq\SuperMagic\Domain\SuperAgent\Event\FileBatchMoveEvent","app/Domain/SuperMagic/File/Event/FileBatchMoveEvent.php","App\Domain\SuperMagic\File\Event\FileBatchMoveEvent","class","File","ordinary","0"
"vendor/dtyq/super-magic-module/src/Domain/SuperAgent/Event/FileContentSavedEvent.php","Dtyq\SuperMagic\Domain\SuperAgent\Event\FileContentSavedEvent","app/Domain/SuperMagic/File/Event/FileContentSavedEvent.php","App\Domain\SuperMagic\File\Event\FileContentSavedEvent","class","File","ordinary","0"
"vendor/dtyq/super-magic-module/src/Domain/SuperAgent/Event/FileDeletedEvent.php","Dtyq\SuperMagic\Domain\SuperAgent\Event\FileDeletedEvent","app/Domain/SuperMagic/File/Event/FileDeletedEvent.php","App\Domain\SuperMagic\File\Event\FileDeletedEvent","class","File","ordinary","0"
"vendor/dtyq/super-magic-module/src/Domain/SuperAgent/Event/FileMovedEvent.php","Dtyq\SuperMagic\Domain\SuperAgent\Event\FileMovedEvent","app/Domain/SuperMagic/File/Event/FileMovedEvent.php","App\Domain\SuperMagic\File\Event\FileMovedEvent","class","File","ordinary","0"
"vendor/dtyq/super-magic-module/src/Domain/SuperAgent/Event/FileRenamedEvent.php","Dtyq\SuperMagic\Domain\SuperAgent\Event\FileRenamedEvent","app/Domain/SuperMagic/File/Event/FileRenamedEvent.php","App\Domain\SuperMagic\File\Event\FileRenamedEvent","class","File","ordinary","0"
"vendor/dtyq/super-magic-module/src/Domain/SuperAgent/Event/FileReplacedEvent.php","Dtyq\SuperMagic\Domain\SuperAgent\Event\FileReplacedEvent","app/Domain/SuperMagic/File/Event/FileReplacedEvent.php","App\Domain\SuperMagic\File\Event\FileReplacedEvent","class","File","ordinary","0"
"vendor/dtyq/super-magic-module/src/Domain/SuperAgent/Event/FileUploadedEvent.php","Dtyq\SuperMagic\Domain\SuperAgent\Event\FileUploadedEvent","app/Domain/SuperMagic/File/Event/FileUploadedEvent.php","App\Domain\SuperMagic\File\Event\FileUploadedEvent","class","File","ordinary","0"
"vendor/dtyq/super-magic-module/src/Domain/SuperAgent/Event/FilesBatchDeletedEvent.php","Dtyq\SuperMagic\Domain\SuperAgent\Event\FilesBatchDeletedEvent","app/Domain/SuperMagic/File/Event/FilesBatchDeletedEvent.php","App\Domain\SuperMagic\File\Event\FilesBatchDeletedEvent","class","File","ordinary","0"
"vendor/dtyq/super-magic-module/src/Domain/SuperAgent/Event/ForkProjectStartEvent.php","Dtyq\SuperMagic\Domain\SuperAgent\Event\ForkProjectStartEvent","app/Domain/SuperMagic/Project/Event/ForkProjectStartEvent.php","App\Domain\SuperMagic\Project\Event\ForkProjectStartEvent","class","Project","ordinary","0"
"vendor/dtyq/super-magic-module/src/Domain/SuperAgent/Event/MessageQueueConsumedEvent.php","Dtyq\SuperMagic\Domain\SuperAgent\Event\MessageQueueConsumedEvent","app/Domain/SuperMagic/Message/Event/MessageQueueConsumedEvent.php","App\Domain\SuperMagic\Message\Event\MessageQueueConsumedEvent","class","Message","ordinary","0"
"vendor/dtyq/super-magic-module/src/Domain/SuperAgent/Event/MessageQueueCreatedEvent.php","Dtyq\SuperMagic\Domain\SuperAgent\Event\MessageQueueCreatedEvent","app/Domain/SuperMagic/Message/Event/MessageQueueCreatedEvent.php","App\Domain\SuperMagic\Message\Event\MessageQueueCreatedEvent","class","Message","ordinary","0"
"vendor/dtyq/super-magic-module/src/Domain/SuperAgent/Event/MessageQueueDeletedEvent.php","Dtyq\SuperMagic\Domain\SuperAgent\Event\MessageQueueDeletedEvent","app/Domain/SuperMagic/Message/Event/MessageQueueDeletedEvent.php","App\Domain\SuperMagic\Message\Event\MessageQueueDeletedEvent","class","Message","ordinary","0"
"vendor/dtyq/super-magic-module/src/Domain/SuperAgent/Event/MessageQueueUpdatedEvent.php","Dtyq\SuperMagic\Domain\SuperAgent\Event\MessageQueueUpdatedEvent","app/Domain/SuperMagic/Message/Event/MessageQueueUpdatedEvent.php","App\Domain\SuperMagic\Message\Event\MessageQueueUpdatedEvent","class","Message","ordinary","0"
"vendor/dtyq/super-magic-module/src/Domain/SuperAgent/Event/ProjectCreatedEvent.php","Dtyq\SuperMagic\Domain\SuperAgent\Event\ProjectCreatedEvent","app/Domain/SuperMagic/Project/Event/ProjectCreatedEvent.php","App\Domain\SuperMagic\Project\Event\ProjectCreatedEvent","class","Project","ordinary","0"
"vendor/dtyq/super-magic-module/src/Domain/SuperAgent/Event/ProjectDeletedEvent.php","Dtyq\SuperMagic\Domain\SuperAgent\Event\ProjectDeletedEvent","app/Domain/SuperMagic/Project/Event/ProjectDeletedEvent.php","App\Domain\SuperMagic\Project\Event\ProjectDeletedEvent","class","Project","ordinary","0"
"vendor/dtyq/super-magic-module/src/Domain/SuperAgent/Event/ProjectForkEvent.php","Dtyq\SuperMagic\Domain\SuperAgent\Event\ProjectForkEvent","app/Domain/SuperMagic/Project/Event/ProjectForkEvent.php","App\Domain\SuperMagic\Project\Event\ProjectForkEvent","class","Project","ordinary","0"
"vendor/dtyq/super-magic-module/src/Domain/SuperAgent/Event/ProjectHiddenStatusUpdatedEvent.php","Dtyq\SuperMagic\Domain\SuperAgent\Event\ProjectHiddenStatusUpdatedEvent","app/Domain/SuperMagic/Project/Event/ProjectHiddenStatusUpdatedEvent.php","App\Domain\SuperMagic\Project\Event\ProjectHiddenStatusUpdatedEvent","class","Project","ordinary","0"
"vendor/dtyq/super-magic-module/src/Domain/SuperAgent/Event/ProjectMembersUpdatedEvent.php","Dtyq\SuperMagic\Domain\SuperAgent\Event\ProjectMembersUpdatedEvent","app/Domain/SuperMagic/Project/Event/ProjectMembersUpdatedEvent.php","App\Domain\SuperMagic\Project\Event\ProjectMembersUpdatedEvent","class","Project","ordinary","0"
"vendor/dtyq/super-magic-module/src/Domain/SuperAgent/Event/ProjectMovedEvent.php","Dtyq\SuperMagic\Domain\SuperAgent\Event\ProjectMovedEvent","app/Domain/SuperMagic/Project/Event/ProjectMovedEvent.php","App\Domain\SuperMagic\Project\Event\ProjectMovedEvent","class","Project","ordinary","0"
"vendor/dtyq/super-magic-module/src/Domain/SuperAgent/Event/ProjectShortcutCancelledEvent.php","Dtyq\SuperMagic\Domain\SuperAgent\Event\ProjectShortcutCancelledEvent","app/Domain/SuperMagic/Project/Event/ProjectShortcutCancelledEvent.php","App\Domain\SuperMagic\Project\Event\ProjectShortcutCancelledEvent","class","Project","ordinary","0"
"vendor/dtyq/super-magic-module/src/Domain/SuperAgent/Event/ProjectShortcutSetEvent.php","Dtyq\SuperMagic\Domain\SuperAgent\Event\ProjectShortcutSetEvent","app/Domain/SuperMagic/Project/Event/ProjectShortcutSetEvent.php","App\Domain\SuperMagic\Project\Event\ProjectShortcutSetEvent","class","Project","ordinary","0"
"vendor/dtyq/super-magic-module/src/Domain/SuperAgent/Event/ProjectTransferredEvent.php","Dtyq\SuperMagic\Domain\SuperAgent\Event\ProjectTransferredEvent","app/Domain/SuperMagic/Project/Event/ProjectTransferredEvent.php","App\Domain\SuperMagic\Project\Event\ProjectTransferredEvent","class","Project","ordinary","0"
"vendor/dtyq/super-magic-module/src/Domain/SuperAgent/Event/ProjectUpdatedEvent.php","Dtyq\SuperMagic\Domain\SuperAgent\Event\ProjectUpdatedEvent","app/Domain/SuperMagic/Project/Event/ProjectUpdatedEvent.php","App\Domain\SuperMagic\Project\Event\ProjectUpdatedEvent","class","Project","ordinary","0"
"vendor/dtyq/super-magic-module/src/Domain/SuperAgent/Event/ProjectsBatchDeletedEvent.php","Dtyq\SuperMagic\Domain\SuperAgent\Event\ProjectsBatchDeletedEvent","app/Domain/SuperMagic/Project/Event/ProjectsBatchDeletedEvent.php","App\Domain\SuperMagic\Project\Event\ProjectsBatchDeletedEvent","class","Project","ordinary","0"
"vendor/dtyq/super-magic-module/src/Domain/SuperAgent/Event/ProjectsBatchMovedEvent.php","Dtyq\SuperMagic\Domain\SuperAgent\Event\ProjectsBatchMovedEvent","app/Domain/SuperMagic/Project/Event/ProjectsBatchMovedEvent.php","App\Domain\SuperMagic\Project\Event\ProjectsBatchMovedEvent","class","Project","ordinary","0"
"vendor/dtyq/super-magic-module/src/Domain/SuperAgent/Event/RunTaskAfterEvent.php","Dtyq\SuperMagic\Domain\SuperAgent\Event\RunTaskAfterEvent","app/Domain/SuperMagic/Task/Event/RunTaskAfterEvent.php","App\Domain\SuperMagic\Task\Event\RunTaskAfterEvent","class","Task","ordinary","0"
"vendor/dtyq/super-magic-module/src/Domain/SuperAgent/Event/RunTaskBeforeEvent.php","Dtyq\SuperMagic\Domain\SuperAgent\Event\RunTaskBeforeEvent","app/Domain/SuperMagic/Task/Event/RunTaskBeforeEvent.php","App\Domain\SuperMagic\Task\Event\RunTaskBeforeEvent","class","Task","ordinary","0"
"vendor/dtyq/super-magic-module/src/Domain/SuperAgent/Event/RunTaskCallbackEvent.php","Dtyq\SuperMagic\Domain\SuperAgent\Event\RunTaskCallbackEvent","app/Domain/SuperMagic/Task/Event/RunTaskCallbackEvent.php","App\Domain\SuperMagic\Task\Event\RunTaskCallbackEvent","class","Task","ordinary","0"
"vendor/dtyq/super-magic-module/src/Domain/SuperAgent/Event/SandboxImageChangedEvent.php","Dtyq\SuperMagic\Domain\SuperAgent\Event\SandboxImageChangedEvent","app/Domain/SuperMagic/Task/Event/SandboxImageChangedEvent.php","App\Domain\SuperMagic\Task\Event\SandboxImageChangedEvent","class","Task","ordinary","0"
"vendor/dtyq/super-magic-module/src/Domain/SuperAgent/Event/StopRunningTaskEvent.php","Dtyq\SuperMagic\Domain\SuperAgent\Event\StopRunningTaskEvent","app/Domain/SuperMagic/Task/Event/StopRunningTaskEvent.php","App\Domain\SuperMagic\Task\Event\StopRunningTaskEvent","class","Task","ordinary","0"
"vendor/dtyq/super-magic-module/src/Domain/SuperAgent/Event/TaskInitializationEvent.php","Dtyq\SuperMagic\Domain\SuperAgent\Event\TaskInitializationEvent","app/Domain/SuperMagic/Task/Event/TaskInitializationEvent.php","App\Domain\SuperMagic\Task\Event\TaskInitializationEvent","class","Task","ordinary","0"
"vendor/dtyq/super-magic-module/src/Domain/SuperAgent/Event/TopicCreatedEvent.php","Dtyq\SuperMagic\Domain\SuperAgent\Event\TopicCreatedEvent","app/Domain/SuperMagic/Topic/Event/TopicCreatedEvent.php","App\Domain\SuperMagic\Topic\Event\TopicCreatedEvent","class","Topic","ordinary","0"
"vendor/dtyq/super-magic-module/src/Domain/SuperAgent/Event/TopicDeletedEvent.php","Dtyq\SuperMagic\Domain\SuperAgent\Event\TopicDeletedEvent","app/Domain/SuperMagic/Topic/Event/TopicDeletedEvent.php","App\Domain\SuperMagic\Topic\Event\TopicDeletedEvent","class","Topic","ordinary","0"
"vendor/dtyq/super-magic-module/src/Domain/SuperAgent/Event/TopicMessageProcessEvent.php","Dtyq\SuperMagic\Domain\SuperAgent\Event\TopicMessageProcessEvent","app/Domain/SuperMagic/Message/Event/TopicMessageProcessEvent.php","App\Domain\SuperMagic\Message\Event\TopicMessageProcessEvent","class","Message","ordinary","0"
"vendor/dtyq/super-magic-module/src/Domain/SuperAgent/Event/TopicRenamedEvent.php","Dtyq\SuperMagic\Domain\SuperAgent\Event\TopicRenamedEvent","app/Domain/SuperMagic/Topic/Event/TopicRenamedEvent.php","App\Domain\SuperMagic\Topic\Event\TopicRenamedEvent","class","Topic","ordinary","0"
"vendor/dtyq/super-magic-module/src/Domain/SuperAgent/Event/TopicTaskMessageEvent.php","Dtyq\SuperMagic\Domain\SuperAgent\Event\TopicTaskMessageEvent","app/Domain/SuperMagic/Message/Event/TopicTaskMessageEvent.php","App\Domain\SuperMagic\Message\Event\TopicTaskMessageEvent","class","Message","ordinary","0"
"vendor/dtyq/super-magic-module/src/Domain/SuperAgent/Event/TopicUpdatedEvent.php","Dtyq\SuperMagic\Domain\SuperAgent\Event\TopicUpdatedEvent","app/Domain/SuperMagic/Topic/Event/TopicUpdatedEvent.php","App\Domain\SuperMagic\Topic\Event\TopicUpdatedEvent","class","Topic","ordinary","0"
"vendor/dtyq/super-magic-module/src/Domain/SuperAgent/Exception/WorkspaceReadyTimeoutException.php","Dtyq\SuperMagic\Domain\SuperAgent\Exception\WorkspaceReadyTimeoutException","app/Domain/SuperMagic/Workspace/Exception/WorkspaceReadyTimeoutException.php","App\Domain\SuperMagic\Workspace\Exception\WorkspaceReadyTimeoutException","class","Workspace","ordinary","0"
"vendor/dtyq/super-magic-module/src/Domain/SuperAgent/Repository/Facade/AudioMarkerRepositoryInterface.php","Dtyq\SuperMagic\Domain\SuperAgent\Repository\Facade\AudioMarkerRepositoryInterface","app/Domain/SuperMagic/File/Repository/Facade/AudioMarkerRepositoryInterface.php","App\Domain\SuperMagic\File\Repository\Facade\AudioMarkerRepositoryInterface","interface","File","RouteHandler","0"
"vendor/dtyq/super-magic-module/src/Domain/SuperAgent/Repository/Facade/AudioProjectRepositoryInterface.php","Dtyq\SuperMagic\Domain\SuperAgent\Repository\Facade\AudioProjectRepositoryInterface","app/Domain/SuperMagic/File/Repository/Facade/AudioProjectRepositoryInterface.php","App\Domain\SuperMagic\File\Repository\Facade\AudioProjectRepositoryInterface","interface","File","RouteHandler","0"
"vendor/dtyq/super-magic-module/src/Domain/SuperAgent/Repository/Facade/BatchDownloadPackRepositoryInterface.php","Dtyq\SuperMagic\Domain\SuperAgent\Repository\Facade\BatchDownloadPackRepositoryInterface","app/Domain/SuperMagic/File/Repository/Facade/BatchDownloadPackRepositoryInterface.php","App\Domain\SuperMagic\File\Repository\Facade\BatchDownloadPackRepositoryInterface","interface","File","RouteHandler","0"
"vendor/dtyq/super-magic-module/src/Domain/SuperAgent/Repository/Facade/MessageQueueRepositoryInterface.php","Dtyq\SuperMagic\Domain\SuperAgent\Repository\Facade\MessageQueueRepositoryInterface","app/Domain/SuperMagic/Message/Repository/Facade/MessageQueueRepositoryInterface.php","App\Domain\SuperMagic\Message\Repository\Facade\MessageQueueRepositoryInterface","interface","Message","RouteHandler","0"
"vendor/dtyq/super-magic-module/src/Domain/SuperAgent/Repository/Facade/MessageScheduleLogRepositoryInterface.php","Dtyq\SuperMagic\Domain\SuperAgent\Repository\Facade\MessageScheduleLogRepositoryInterface","app/Domain/SuperMagic/Message/Repository/Facade/MessageScheduleLogRepositoryInterface.php","App\Domain\SuperMagic\Message\Repository\Facade\MessageScheduleLogRepositoryInterface","interface","Message","RouteHandler","0"
"vendor/dtyq/super-magic-module/src/Domain/SuperAgent/Repository/Facade/MessageScheduleRepositoryInterface.php","Dtyq\SuperMagic\Domain\SuperAgent\Repository\Facade\MessageScheduleRepositoryInterface","app/Domain/SuperMagic/Message/Repository/Facade/MessageScheduleRepositoryInterface.php","App\Domain\SuperMagic\Message\Repository\Facade\MessageScheduleRepositoryInterface","interface","Message","RouteHandler","0"
"vendor/dtyq/super-magic-module/src/Domain/SuperAgent/Repository/Facade/MicroAppRepositoryInterface.php","Dtyq\SuperMagic\Domain\SuperAgent\Repository\Facade\MicroAppRepositoryInterface","app/Domain/SuperMagic/Project/Repository/Facade/MicroAppRepositoryInterface.php","App\Domain\SuperMagic\Project\Repository\Facade\MicroAppRepositoryInterface","interface","Project","RouteHandler","0"
"vendor/dtyq/super-magic-module/src/Domain/SuperAgent/Repository/Facade/ProjectForkRepositoryInterface.php","Dtyq\SuperMagic\Domain\SuperAgent\Repository\Facade\ProjectForkRepositoryInterface","app/Domain/SuperMagic/Project/Repository/Facade/ProjectForkRepositoryInterface.php","App\Domain\SuperMagic\Project\Repository\Facade\ProjectForkRepositoryInterface","interface","Project","RouteHandler","0"
"vendor/dtyq/super-magic-module/src/Domain/SuperAgent/Repository/Facade/ProjectMemberRepositoryInterface.php","Dtyq\SuperMagic\Domain\SuperAgent\Repository\Facade\ProjectMemberRepositoryInterface","app/Domain/SuperMagic/Project/Repository/Facade/ProjectMemberRepositoryInterface.php","App\Domain\SuperMagic\Project\Repository\Facade\ProjectMemberRepositoryInterface","interface","Project","RouteHandler","0"
"vendor/dtyq/super-magic-module/src/Domain/SuperAgent/Repository/Facade/ProjectMemberSettingRepositoryInterface.php","Dtyq\SuperMagic\Domain\SuperAgent\Repository\Facade\ProjectMemberSettingRepositoryInterface","app/Domain/SuperMagic/Project/Repository/Facade/ProjectMemberSettingRepositoryInterface.php","App\Domain\SuperMagic\Project\Repository\Facade\ProjectMemberSettingRepositoryInterface","interface","Project","RouteHandler","0"
"vendor/dtyq/super-magic-module/src/Domain/SuperAgent/Repository/Facade/ProjectOperationLogRepositoryInterface.php","Dtyq\SuperMagic\Domain\SuperAgent\Repository\Facade\ProjectOperationLogRepositoryInterface","app/Domain/SuperMagic/Project/Repository/Facade/ProjectOperationLogRepositoryInterface.php","App\Domain\SuperMagic\Project\Repository\Facade\ProjectOperationLogRepositoryInterface","interface","Project","RouteHandler","0"
"vendor/dtyq/super-magic-module/src/Domain/SuperAgent/Repository/Facade/ProjectRepositoryInterface.php","Dtyq\SuperMagic\Domain\SuperAgent\Repository\Facade\ProjectRepositoryInterface","app/Domain/SuperMagic/Project/Repository/Facade/ProjectRepositoryInterface.php","App\Domain\SuperMagic\Project\Repository\Facade\ProjectRepositoryInterface","interface","Project","RouteHandler","0"
"vendor/dtyq/super-magic-module/src/Domain/SuperAgent/Repository/Facade/SandboxKeepAliveRepositoryInterface.php","Dtyq\SuperMagic\Domain\SuperAgent\Repository\Facade\SandboxKeepAliveRepositoryInterface","app/Domain/SuperMagic/Task/Repository/Facade/SandboxKeepAliveRepositoryInterface.php","App\Domain\SuperMagic\Task\Repository\Facade\SandboxKeepAliveRepositoryInterface","interface","Task","RouteHandler","0"
"vendor/dtyq/super-magic-module/src/Domain/SuperAgent/Repository/Facade/TaskFileRepositoryInterface.php","Dtyq\SuperMagic\Domain\SuperAgent\Repository\Facade\TaskFileRepositoryInterface","app/Domain/SuperMagic/File/Repository/Facade/TaskFileRepositoryInterface.php","App\Domain\SuperMagic\File\Repository\Facade\TaskFileRepositoryInterface","interface","File","RouteHandler","0"
"vendor/dtyq/super-magic-module/src/Domain/SuperAgent/Repository/Facade/TaskFileVersionRepositoryInterface.php","Dtyq\SuperMagic\Domain\SuperAgent\Repository\Facade\TaskFileVersionRepositoryInterface","app/Domain/SuperMagic/File/Repository/Facade/TaskFileVersionRepositoryInterface.php","App\Domain\SuperMagic\File\Repository\Facade\TaskFileVersionRepositoryInterface","interface","File","RouteHandler","0"
"vendor/dtyq/super-magic-module/src/Domain/SuperAgent/Repository/Facade/TaskMessageRepositoryInterface.php","Dtyq\SuperMagic\Domain\SuperAgent\Repository\Facade\TaskMessageRepositoryInterface","app/Domain/SuperMagic/Message/Repository/Facade/TaskMessageRepositoryInterface.php","App\Domain\SuperMagic\Message\Repository\Facade\TaskMessageRepositoryInterface","interface","Message","RouteHandler","0"
"vendor/dtyq/super-magic-module/src/Domain/SuperAgent/Repository/Facade/TaskRepositoryInterface.php","Dtyq\SuperMagic\Domain\SuperAgent\Repository\Facade\TaskRepositoryInterface","app/Domain/SuperMagic/Task/Repository/Facade/TaskRepositoryInterface.php","App\Domain\SuperMagic\Task\Repository\Facade\TaskRepositoryInterface","interface","Task","RouteHandler","0"
"vendor/dtyq/super-magic-module/src/Domain/SuperAgent/Repository/Facade/TokenUsageRecordRepositoryInterface.php","Dtyq\SuperMagic\Domain\SuperAgent\Repository\Facade\TokenUsageRecordRepositoryInterface","app/Domain/SuperMagic/Message/Repository/Facade/TokenUsageRecordRepositoryInterface.php","App\Domain\SuperMagic\Message\Repository\Facade\TokenUsageRecordRepositoryInterface","interface","Message","RouteHandler","0"
"vendor/dtyq/super-magic-module/src/Domain/SuperAgent/Repository/Facade/TopicRepositoryInterface.php","Dtyq\SuperMagic\Domain\SuperAgent\Repository\Facade\TopicRepositoryInterface","app/Domain/SuperMagic/Topic/Repository/Facade/TopicRepositoryInterface.php","App\Domain\SuperMagic\Topic\Repository\Facade\TopicRepositoryInterface","interface","Topic","RouteHandler","0"
"vendor/dtyq/super-magic-module/src/Domain/SuperAgent/Repository/Facade/TransferLogRepositoryInterface.php","Dtyq\SuperMagic\Domain\SuperAgent\Repository\Facade\TransferLogRepositoryInterface","app/Domain/SuperMagic/Project/Repository/Facade/TransferLogRepositoryInterface.php","App\Domain\SuperMagic\Project\Repository\Facade\TransferLogRepositoryInterface","interface","Project","RouteHandler","0"
"vendor/dtyq/super-magic-module/src/Domain/SuperAgent/Repository/Facade/WarmPoolSandboxRepositoryInterface.php","Dtyq\SuperMagic\Domain\SuperAgent\Repository\Facade\WarmPoolSandboxRepositoryInterface","app/Domain/SuperMagic/Task/Repository/Facade/WarmPoolSandboxRepositoryInterface.php","App\Domain\SuperMagic\Task\Repository\Facade\WarmPoolSandboxRepositoryInterface","interface","Task","RouteHandler","0"
"vendor/dtyq/super-magic-module/src/Domain/SuperAgent/Repository/Facade/WorkspaceRepositoryInterface.php","Dtyq\SuperMagic\Domain\SuperAgent\Repository\Facade\WorkspaceRepositoryInterface","app/Domain/SuperMagic/Workspace/Repository/Facade/WorkspaceRepositoryInterface.php","App\Domain\SuperMagic\Workspace\Repository\Facade\WorkspaceRepositoryInterface","interface","Workspace","RouteHandler","0"
"vendor/dtyq/super-magic-module/src/Domain/SuperAgent/Repository/Facade/WorkspaceVersionRepositoryInterface.php","Dtyq\SuperMagic\Domain\SuperAgent\Repository\Facade\WorkspaceVersionRepositoryInterface","app/Domain/SuperMagic/Workspace/Repository/Facade/WorkspaceVersionRepositoryInterface.php","App\Domain\SuperMagic\Workspace\Repository\Facade\WorkspaceVersionRepositoryInterface","interface","Workspace","RouteHandler","0"
"vendor/dtyq/super-magic-module/src/Domain/SuperAgent/Repository/Model/AudioMarkerModel.php","Dtyq\SuperMagic\Domain\SuperAgent\Repository\Model\AudioMarkerModel","app/Domain/SuperMagic/File/Repository/Model/AudioMarkerModel.php","App\Domain\SuperMagic\File\Repository\Model\AudioMarkerModel","class","File","ordinary","0"
"vendor/dtyq/super-magic-module/src/Domain/SuperAgent/Repository/Model/AudioProjectModel.php","Dtyq\SuperMagic\Domain\SuperAgent\Repository\Model\AudioProjectModel","app/Domain/SuperMagic/File/Repository/Model/AudioProjectModel.php","App\Domain\SuperMagic\File\Repository\Model\AudioProjectModel","class","File","ordinary","0"
"vendor/dtyq/super-magic-module/src/Domain/SuperAgent/Repository/Model/MessageQueueModel.php","Dtyq\SuperMagic\Domain\SuperAgent\Repository\Model\MessageQueueModel","app/Domain/SuperMagic/Message/Repository/Model/MessageQueueModel.php","App\Domain\SuperMagic\Message\Repository\Model\MessageQueueModel","class","Message","ordinary","0"
"vendor/dtyq/super-magic-module/src/Domain/SuperAgent/Repository/Model/MessageScheduleLogModel.php","Dtyq\SuperMagic\Domain\SuperAgent\Repository\Model\MessageScheduleLogModel","app/Domain/SuperMagic/Message/Repository/Model/MessageScheduleLogModel.php","App\Domain\SuperMagic\Message\Repository\Model\MessageScheduleLogModel","class","Message","ordinary","0"
"vendor/dtyq/super-magic-module/src/Domain/SuperAgent/Repository/Model/MessageScheduleModel.php","Dtyq\SuperMagic\Domain\SuperAgent\Repository\Model\MessageScheduleModel","app/Domain/SuperMagic/Message/Repository/Model/MessageScheduleModel.php","App\Domain\SuperMagic\Message\Repository\Model\MessageScheduleModel","class","Message","ordinary","0"
"vendor/dtyq/super-magic-module/src/Domain/SuperAgent/Repository/Model/MicroAppModel.php","Dtyq\SuperMagic\Domain\SuperAgent\Repository\Model\MicroAppModel","app/Domain/SuperMagic/Project/Repository/Model/MicroAppModel.php","App\Domain\SuperMagic\Project\Repository\Model\MicroAppModel","class","Project","ordinary","0"
"vendor/dtyq/super-magic-module/src/Domain/SuperAgent/Repository/Model/ProjectFileModel.php","Dtyq\SuperMagic\Domain\SuperAgent\Repository\Model\ProjectFileModel","app/Domain/SuperMagic/File/Repository/Model/ProjectFileModel.php","App\Domain\SuperMagic\File\Repository\Model\ProjectFileModel","class","File","ordinary","0"
"vendor/dtyq/super-magic-module/src/Domain/SuperAgent/Repository/Model/ProjectForkModel.php","Dtyq\SuperMagic\Domain\SuperAgent\Repository\Model\ProjectForkModel","app/Domain/SuperMagic/Project/Repository/Model/ProjectForkModel.php","App\Domain\SuperMagic\Project\Repository\Model\ProjectForkModel","class","Project","ordinary","0"
"vendor/dtyq/super-magic-module/src/Domain/SuperAgent/Repository/Model/ProjectMemberModel.php","Dtyq\SuperMagic\Domain\SuperAgent\Repository\Model\ProjectMemberModel","app/Domain/SuperMagic/Project/Repository/Model/ProjectMemberModel.php","App\Domain\SuperMagic\Project\Repository\Model\ProjectMemberModel","class","Project","ordinary","0"
"vendor/dtyq/super-magic-module/src/Domain/SuperAgent/Repository/Model/ProjectMemberSettingModel.php","Dtyq\SuperMagic\Domain\SuperAgent\Repository\Model\ProjectMemberSettingModel","app/Domain/SuperMagic/Project/Repository/Model/ProjectMemberSettingModel.php","App\Domain\SuperMagic\Project\Repository\Model\ProjectMemberSettingModel","class","Project","ordinary","0"
"vendor/dtyq/super-magic-module/src/Domain/SuperAgent/Repository/Model/ProjectModel.php","Dtyq\SuperMagic\Domain\SuperAgent\Repository\Model\ProjectModel","app/Domain/SuperMagic/Project/Repository/Model/ProjectModel.php","App\Domain\SuperMagic\Project\Repository\Model\ProjectModel","class","Project","ordinary","0"
"vendor/dtyq/super-magic-module/src/Domain/SuperAgent/Repository/Model/ProjectOperationLogModel.php","Dtyq\SuperMagic\Domain\SuperAgent\Repository\Model\ProjectOperationLogModel","app/Domain/SuperMagic/Project/Repository/Model/ProjectOperationLogModel.php","App\Domain\SuperMagic\Project\Repository\Model\ProjectOperationLogModel","class","Project","ordinary","0"
"vendor/dtyq/super-magic-module/src/Domain/SuperAgent/Repository/Model/SandboxKeepAliveModel.php","Dtyq\SuperMagic\Domain\SuperAgent\Repository\Model\SandboxKeepAliveModel","app/Domain/SuperMagic/Task/Repository/Model/SandboxKeepAliveModel.php","App\Domain\SuperMagic\Task\Repository\Model\SandboxKeepAliveModel","class","Task","ordinary","0"
"vendor/dtyq/super-magic-module/src/Domain/SuperAgent/Repository/Model/TaskFileModel.php","Dtyq\SuperMagic\Domain\SuperAgent\Repository\Model\TaskFileModel","app/Domain/SuperMagic/File/Repository/Model/TaskFileModel.php","App\Domain\SuperMagic\File\Repository\Model\TaskFileModel","class","File","ordinary","0"
"vendor/dtyq/super-magic-module/src/Domain/SuperAgent/Repository/Model/TaskFileVersionModel.php","Dtyq\SuperMagic\Domain\SuperAgent\Repository\Model\TaskFileVersionModel","app/Domain/SuperMagic/File/Repository/Model/TaskFileVersionModel.php","App\Domain\SuperMagic\File\Repository\Model\TaskFileVersionModel","class","File","ordinary","0"
"vendor/dtyq/super-magic-module/src/Domain/SuperAgent/Repository/Model/TaskMessageModel.php","Dtyq\SuperMagic\Domain\SuperAgent\Repository\Model\TaskMessageModel","app/Domain/SuperMagic/Message/Repository/Model/TaskMessageModel.php","App\Domain\SuperMagic\Message\Repository\Model\TaskMessageModel","class","Message","ordinary","0"
"vendor/dtyq/super-magic-module/src/Domain/SuperAgent/Repository/Model/TaskModel.php","Dtyq\SuperMagic\Domain\SuperAgent\Repository\Model\TaskModel","app/Domain/SuperMagic/Task/Repository/Model/TaskModel.php","App\Domain\SuperMagic\Task\Repository\Model\TaskModel","class","Task","ordinary","0"
"vendor/dtyq/super-magic-module/src/Domain/SuperAgent/Repository/Model/TokenUsageRecordModel.php","Dtyq\SuperMagic\Domain\SuperAgent\Repository\Model\TokenUsageRecordModel","app/Domain/SuperMagic/Message/Repository/Model/TokenUsageRecordModel.php","App\Domain\SuperMagic\Message\Repository\Model\TokenUsageRecordModel","class","Message","ordinary","0"
"vendor/dtyq/super-magic-module/src/Domain/SuperAgent/Repository/Model/TopicModel.php","Dtyq\SuperMagic\Domain\SuperAgent\Repository\Model\TopicModel","app/Domain/SuperMagic/Topic/Repository/Model/TopicModel.php","App\Domain\SuperMagic\Topic\Repository\Model\TopicModel","class","Topic","ordinary","0"
"vendor/dtyq/super-magic-module/src/Domain/SuperAgent/Repository/Model/TransferLogModel.php","Dtyq\SuperMagic\Domain\SuperAgent\Repository\Model\TransferLogModel","app/Domain/SuperMagic/Project/Repository/Model/TransferLogModel.php","App\Domain\SuperMagic\Project\Repository\Model\TransferLogModel","class","Project","ordinary","0"
"vendor/dtyq/super-magic-module/src/Domain/SuperAgent/Repository/Model/WarmPoolSandboxModel.php","Dtyq\SuperMagic\Domain\SuperAgent\Repository\Model\WarmPoolSandboxModel","app/Domain/SuperMagic/Task/Repository/Model/WarmPoolSandboxModel.php","App\Domain\SuperMagic\Task\Repository\Model\WarmPoolSandboxModel","class","Task","ordinary","0"
"vendor/dtyq/super-magic-module/src/Domain/SuperAgent/Repository/Model/WorkspaceModel.php","Dtyq\SuperMagic\Domain\SuperAgent\Repository\Model\WorkspaceModel","app/Domain/SuperMagic/Workspace/Repository/Model/WorkspaceModel.php","App\Domain\SuperMagic\Workspace\Repository\Model\WorkspaceModel","class","Workspace","ordinary","0"
"vendor/dtyq/super-magic-module/src/Domain/SuperAgent/Repository/Model/WorkspaceVersionModel.php","Dtyq\SuperMagic\Domain\SuperAgent\Repository\Model\WorkspaceVersionModel","app/Domain/SuperMagic/Workspace/Repository/Model/WorkspaceVersionModel.php","App\Domain\SuperMagic\Workspace\Repository\Model\WorkspaceVersionModel","class","Workspace","ordinary","0"
"vendor/dtyq/super-magic-module/src/Domain/SuperAgent/Repository/Persistence/AudioMarkerRepository.php","Dtyq\SuperMagic\Domain\SuperAgent\Repository\Persistence\AudioMarkerRepository","app/Domain/SuperMagic/File/Repository/Persistence/AudioMarkerRepository.php","App\Domain\SuperMagic\File\Repository\Persistence\AudioMarkerRepository","class","File","ordinary","0"
"vendor/dtyq/super-magic-module/src/Domain/SuperAgent/Repository/Persistence/AudioProjectRepository.php","Dtyq\SuperMagic\Domain\SuperAgent\Repository\Persistence\AudioProjectRepository","app/Domain/SuperMagic/File/Repository/Persistence/AudioProjectRepository.php","App\Domain\SuperMagic\File\Repository\Persistence\AudioProjectRepository","class","File","ordinary","0"
"vendor/dtyq/super-magic-module/src/Domain/SuperAgent/Repository/Persistence/MessageQueueRepository.php","Dtyq\SuperMagic\Domain\SuperAgent\Repository\Persistence\MessageQueueRepository","app/Domain/SuperMagic/Message/Repository/Persistence/MessageQueueRepository.php","App\Domain\SuperMagic\Message\Repository\Persistence\MessageQueueRepository","class","Message","ordinary","0"
"vendor/dtyq/super-magic-module/src/Domain/SuperAgent/Repository/Persistence/MessageScheduleLogRepository.php","Dtyq\SuperMagic\Domain\SuperAgent\Repository\Persistence\MessageScheduleLogRepository","app/Domain/SuperMagic/Message/Repository/Persistence/MessageScheduleLogRepository.php","App\Domain\SuperMagic\Message\Repository\Persistence\MessageScheduleLogRepository","class","Message","ordinary","0"
"vendor/dtyq/super-magic-module/src/Domain/SuperAgent/Repository/Persistence/MessageScheduleRepository.php","Dtyq\SuperMagic\Domain\SuperAgent\Repository\Persistence\MessageScheduleRepository","app/Domain/SuperMagic/Message/Repository/Persistence/MessageScheduleRepository.php","App\Domain\SuperMagic\Message\Repository\Persistence\MessageScheduleRepository","class","Message","ordinary","0"
"vendor/dtyq/super-magic-module/src/Domain/SuperAgent/Repository/Persistence/MicroAppRepository.php","Dtyq\SuperMagic\Domain\SuperAgent\Repository\Persistence\MicroAppRepository","app/Domain/SuperMagic/Project/Repository/Persistence/MicroAppRepository.php","App\Domain\SuperMagic\Project\Repository\Persistence\MicroAppRepository","class","Project","ordinary","0"
"vendor/dtyq/super-magic-module/src/Domain/SuperAgent/Repository/Persistence/ProjectForkRepository.php","Dtyq\SuperMagic\Domain\SuperAgent\Repository\Persistence\ProjectForkRepository","app/Domain/SuperMagic/Project/Repository/Persistence/ProjectForkRepository.php","App\Domain\SuperMagic\Project\Repository\Persistence\ProjectForkRepository","class","Project","ordinary","0"
"vendor/dtyq/super-magic-module/src/Domain/SuperAgent/Repository/Persistence/ProjectMemberRepository.php","Dtyq\SuperMagic\Domain\SuperAgent\Repository\Persistence\ProjectMemberRepository","app/Domain/SuperMagic/Project/Repository/Persistence/ProjectMemberRepository.php","App\Domain\SuperMagic\Project\Repository\Persistence\ProjectMemberRepository","class","Project","ordinary","0"
"vendor/dtyq/super-magic-module/src/Domain/SuperAgent/Repository/Persistence/ProjectMemberSettingRepository.php","Dtyq\SuperMagic\Domain\SuperAgent\Repository\Persistence\ProjectMemberSettingRepository","app/Domain/SuperMagic/Project/Repository/Persistence/ProjectMemberSettingRepository.php","App\Domain\SuperMagic\Project\Repository\Persistence\ProjectMemberSettingRepository","class","Project","ordinary","0"
"vendor/dtyq/super-magic-module/src/Domain/SuperAgent/Repository/Persistence/ProjectOperationLogRepository.php","Dtyq\SuperMagic\Domain\SuperAgent\Repository\Persistence\ProjectOperationLogRepository","app/Domain/SuperMagic/Project/Repository/Persistence/ProjectOperationLogRepository.php","App\Domain\SuperMagic\Project\Repository\Persistence\ProjectOperationLogRepository","class","Project","ordinary","0"
"vendor/dtyq/super-magic-module/src/Domain/SuperAgent/Repository/Persistence/ProjectRepository.php","Dtyq\SuperMagic\Domain\SuperAgent\Repository\Persistence\ProjectRepository","app/Domain/SuperMagic/Project/Repository/Persistence/ProjectRepository.php","App\Domain\SuperMagic\Project\Repository\Persistence\ProjectRepository","class","Project","ordinary","0"
"vendor/dtyq/super-magic-module/src/Domain/SuperAgent/Repository/Persistence/SandboxKeepAliveRepository.php","Dtyq\SuperMagic\Domain\SuperAgent\Repository\Persistence\SandboxKeepAliveRepository","app/Domain/SuperMagic/Task/Repository/Persistence/SandboxKeepAliveRepository.php","App\Domain\SuperMagic\Task\Repository\Persistence\SandboxKeepAliveRepository","class","Task","ordinary","0"
"vendor/dtyq/super-magic-module/src/Domain/SuperAgent/Repository/Persistence/TaskFileRepository.php","Dtyq\SuperMagic\Domain\SuperAgent\Repository\Persistence\TaskFileRepository","app/Domain/SuperMagic/File/Repository/Persistence/TaskFileRepository.php","App\Domain\SuperMagic\File\Repository\Persistence\TaskFileRepository","class","File","ordinary","0"
"vendor/dtyq/super-magic-module/src/Domain/SuperAgent/Repository/Persistence/TaskFileVersionRepository.php","Dtyq\SuperMagic\Domain\SuperAgent\Repository\Persistence\TaskFileVersionRepository","app/Domain/SuperMagic/File/Repository/Persistence/TaskFileVersionRepository.php","App\Domain\SuperMagic\File\Repository\Persistence\TaskFileVersionRepository","class","File","ordinary","0"
"vendor/dtyq/super-magic-module/src/Domain/SuperAgent/Repository/Persistence/TaskMessageRepository.php","Dtyq\SuperMagic\Domain\SuperAgent\Repository\Persistence\TaskMessageRepository","app/Domain/SuperMagic/Message/Repository/Persistence/TaskMessageRepository.php","App\Domain\SuperMagic\Message\Repository\Persistence\TaskMessageRepository","class","Message","ordinary","0"
"vendor/dtyq/super-magic-module/src/Domain/SuperAgent/Repository/Persistence/TaskRepository.php","Dtyq\SuperMagic\Domain\SuperAgent\Repository\Persistence\TaskRepository","app/Domain/SuperMagic/Task/Repository/Persistence/TaskRepository.php","App\Domain\SuperMagic\Task\Repository\Persistence\TaskRepository","class","Task","ordinary","0"
"vendor/dtyq/super-magic-module/src/Domain/SuperAgent/Repository/Persistence/TokenUsageRecordRepository.php","Dtyq\SuperMagic\Domain\SuperAgent\Repository\Persistence\TokenUsageRecordRepository","app/Domain/SuperMagic/Message/Repository/Persistence/TokenUsageRecordRepository.php","App\Domain\SuperMagic\Message\Repository\Persistence\TokenUsageRecordRepository","class","Message","ordinary","0"
"vendor/dtyq/super-magic-module/src/Domain/SuperAgent/Repository/Persistence/TopicRepository.php","Dtyq\SuperMagic\Domain\SuperAgent\Repository\Persistence\TopicRepository","app/Domain/SuperMagic/Topic/Repository/Persistence/TopicRepository.php","App\Domain\SuperMagic\Topic\Repository\Persistence\TopicRepository","class","Topic","ordinary","0"
"vendor/dtyq/super-magic-module/src/Domain/SuperAgent/Repository/Persistence/TransferLogRepository.php","Dtyq\SuperMagic\Domain\SuperAgent\Repository\Persistence\TransferLogRepository","app/Domain/SuperMagic/Project/Repository/Persistence/TransferLogRepository.php","App\Domain\SuperMagic\Project\Repository\Persistence\TransferLogRepository","class","Project","ordinary","0"
"vendor/dtyq/super-magic-module/src/Domain/SuperAgent/Repository/Persistence/WarmPoolSandboxRepository.php","Dtyq\SuperMagic\Domain\SuperAgent\Repository\Persistence\WarmPoolSandboxRepository","app/Domain/SuperMagic/Task/Repository/Persistence/WarmPoolSandboxRepository.php","App\Domain\SuperMagic\Task\Repository\Persistence\WarmPoolSandboxRepository","class","Task","ordinary","0"
"vendor/dtyq/super-magic-module/src/Domain/SuperAgent/Repository/Persistence/WorkspaceRepository.php","Dtyq\SuperMagic\Domain\SuperAgent\Repository\Persistence\WorkspaceRepository","app/Domain/SuperMagic/Workspace/Repository/Persistence/WorkspaceRepository.php","App\Domain\SuperMagic\Workspace\Repository\Persistence\WorkspaceRepository","class","Workspace","ordinary","0"
"vendor/dtyq/super-magic-module/src/Domain/SuperAgent/Repository/Persistence/WorkspaceVersionRepository.php","Dtyq\SuperMagic\Domain\SuperAgent\Repository\Persistence\WorkspaceVersionRepository","app/Domain/SuperMagic/Workspace/Repository/Persistence/WorkspaceVersionRepository.php","App\Domain\SuperMagic\Workspace\Repository\Persistence\WorkspaceVersionRepository","class","Workspace","ordinary","0"
"vendor/dtyq/super-magic-module/src/Domain/SuperAgent/Service/AgentDomainService.php","Dtyq\SuperMagic\Domain\SuperAgent\Service\AgentDomainService","app/Domain/SuperMagic/Task/Service/AgentDomainService.php","App\Domain\SuperMagic\Task\Service\AgentDomainService","class","Task","ordinary","0"
"vendor/dtyq/super-magic-module/src/Domain/SuperAgent/Service/AudioMarkerDomainService.php","Dtyq\SuperMagic\Domain\SuperAgent\Service\AudioMarkerDomainService","app/Domain/SuperMagic/File/Service/AudioMarkerDomainService.php","App\Domain\SuperMagic\File\Service\AudioMarkerDomainService","class","File","ordinary","0"
"vendor/dtyq/super-magic-module/src/Domain/SuperAgent/Service/AudioProjectDomainService.php","Dtyq\SuperMagic\Domain\SuperAgent\Service\AudioProjectDomainService","app/Domain/SuperMagic/File/Service/AudioProjectDomainService.php","App\Domain\SuperMagic\File\Service\AudioProjectDomainService","class","File","ordinary","0"
"vendor/dtyq/super-magic-module/src/Domain/SuperAgent/Service/BatchDownloadPackDomainService.php","Dtyq\SuperMagic\Domain\SuperAgent\Service\BatchDownloadPackDomainService","app/Domain/SuperMagic/File/Service/BatchDownloadPackDomainService.php","App\Domain\SuperMagic\File\Service\BatchDownloadPackDomainService","class","File","ordinary","0"
"vendor/dtyq/super-magic-module/src/Domain/SuperAgent/Service/FileEditingDomainService.php","Dtyq\SuperMagic\Domain\SuperAgent\Service\FileEditingDomainService","app/Domain/SuperMagic/File/Service/FileEditingDomainService.php","App\Domain\SuperMagic\File\Service\FileEditingDomainService","class","File","ordinary","0"
"vendor/dtyq/super-magic-module/src/Domain/SuperAgent/Service/MessageBuilderDomainService.php","Dtyq\SuperMagic\Domain\SuperAgent\Service\MessageBuilderDomainService","app/Domain/SuperMagic/Message/Service/MessageBuilderDomainService.php","App\Domain\SuperMagic\Message\Service\MessageBuilderDomainService","class","Message","ordinary","0"
"vendor/dtyq/super-magic-module/src/Domain/SuperAgent/Service/MessageQueueDomainService.php","Dtyq\SuperMagic\Domain\SuperAgent\Service\MessageQueueDomainService","app/Domain/SuperMagic/Message/Service/MessageQueueDomainService.php","App\Domain\SuperMagic\Message\Service\MessageQueueDomainService","class","Message","ordinary","0"
"vendor/dtyq/super-magic-module/src/Domain/SuperAgent/Service/MessageScheduleDomainService.php","Dtyq\SuperMagic\Domain\SuperAgent\Service\MessageScheduleDomainService","app/Domain/SuperMagic/Message/Service/MessageScheduleDomainService.php","App\Domain\SuperMagic\Message\Service\MessageScheduleDomainService","class","Message","ordinary","0"
"vendor/dtyq/super-magic-module/src/Domain/SuperAgent/Service/ProjectDisplayConfigDomainService.php","Dtyq\SuperMagic\Domain\SuperAgent\Service\ProjectDisplayConfigDomainService","app/Domain/SuperMagic/Project/Service/ProjectDisplayConfigDomainService.php","App\Domain\SuperMagic\Project\Service\ProjectDisplayConfigDomainService","class","Project","ordinary","0"
"vendor/dtyq/super-magic-module/src/Domain/SuperAgent/Service/ProjectDomainService.php","Dtyq\SuperMagic\Domain\SuperAgent\Service\ProjectDomainService","app/Domain/SuperMagic/Project/Service/ProjectDomainService.php","App\Domain\SuperMagic\Project\Service\ProjectDomainService","class","Project","ordinary","0"
"vendor/dtyq/super-magic-module/src/Domain/SuperAgent/Service/ProjectMemberDomainService.php","Dtyq\SuperMagic\Domain\SuperAgent\Service\ProjectMemberDomainService","app/Domain/SuperMagic/Project/Service/ProjectMemberDomainService.php","App\Domain\SuperMagic\Project\Service\ProjectMemberDomainService","class","Project","ordinary","0"
"vendor/dtyq/super-magic-module/src/Domain/SuperAgent/Service/ProjectOperationLogDomainService.php","Dtyq\SuperMagic\Domain\SuperAgent\Service\ProjectOperationLogDomainService","app/Domain/SuperMagic/Project/Service/ProjectOperationLogDomainService.php","App\Domain\SuperMagic\Project\Service\ProjectOperationLogDomainService","class","Project","ordinary","0"
"vendor/dtyq/super-magic-module/src/Domain/SuperAgent/Service/SandboxDomainService.php","Dtyq\SuperMagic\Domain\SuperAgent\Service\SandboxDomainService","app/Domain/SuperMagic/Task/Service/SandboxDomainService.php","App\Domain\SuperMagic\Task\Service\SandboxDomainService","class","Task","ordinary","0"
"vendor/dtyq/super-magic-module/src/Domain/SuperAgent/Service/SandboxKeepAliveDomainService.php","Dtyq\SuperMagic\Domain\SuperAgent\Service\SandboxKeepAliveDomainService","app/Domain/SuperMagic/Task/Service/SandboxKeepAliveDomainService.php","App\Domain\SuperMagic\Task\Service\SandboxKeepAliveDomainService","class","Task","ordinary","0"
"vendor/dtyq/super-magic-module/src/Domain/SuperAgent/Service/SandboxVersionDomainService.php","Dtyq\SuperMagic\Domain\SuperAgent\Service\SandboxVersionDomainService","app/Domain/SuperMagic/Task/Service/SandboxVersionDomainService.php","App\Domain\SuperMagic\Task\Service\SandboxVersionDomainService","class","Task","ordinary","0"
"vendor/dtyq/super-magic-module/src/Domain/SuperAgent/Service/SuperMagicDomainService.php","Dtyq\SuperMagic\Domain\SuperAgent\Service\SuperMagicDomainService","app/Domain/SuperMagic/Common/Service/SuperMagicDomainService.php","App\Domain\SuperMagic\Common\Service\SuperMagicDomainService","class","Common","ordinary","0"
"vendor/dtyq/super-magic-module/src/Domain/SuperAgent/Service/TaskDomainService.php","Dtyq\SuperMagic\Domain\SuperAgent\Service\TaskDomainService","app/Domain/SuperMagic/Task/Service/TaskDomainService.php","App\Domain\SuperMagic\Task\Service\TaskDomainService","class","Task","ordinary","0"
"vendor/dtyq/super-magic-module/src/Domain/SuperAgent/Service/TaskFileDomainService.php","Dtyq\SuperMagic\Domain\SuperAgent\Service\TaskFileDomainService","app/Domain/SuperMagic/File/Service/TaskFileDomainService.php","App\Domain\SuperMagic\File\Service\TaskFileDomainService","class","File","ordinary","0"
"vendor/dtyq/super-magic-module/src/Domain/SuperAgent/Service/TaskFileVersionDomainService.php","Dtyq\SuperMagic\Domain\SuperAgent\Service\TaskFileVersionDomainService","app/Domain/SuperMagic/File/Service/TaskFileVersionDomainService.php","App\Domain\SuperMagic\File\Service\TaskFileVersionDomainService","class","File","ordinary","0"
"vendor/dtyq/super-magic-module/src/Domain/SuperAgent/Service/TaskMessageDomainService.php","Dtyq\SuperMagic\Domain\SuperAgent\Service\TaskMessageDomainService","app/Domain/SuperMagic/Message/Service/TaskMessageDomainService.php","App\Domain\SuperMagic\Message\Service\TaskMessageDomainService","class","Message","ordinary","0"
"vendor/dtyq/super-magic-module/src/Domain/SuperAgent/Service/TokenUsageRecordDomainService.php","Dtyq\SuperMagic\Domain\SuperAgent\Service\TokenUsageRecordDomainService","app/Domain/SuperMagic/Message/Service/TokenUsageRecordDomainService.php","App\Domain\SuperMagic\Message\Service\TokenUsageRecordDomainService","class","Message","ordinary","0"
"vendor/dtyq/super-magic-module/src/Domain/SuperAgent/Service/TopicDomainService.php","Dtyq\SuperMagic\Domain\SuperAgent\Service\TopicDomainService","app/Domain/SuperMagic/Topic/Service/TopicDomainService.php","App\Domain\SuperMagic\Topic\Service\TopicDomainService","class","Topic","ordinary","0"
"vendor/dtyq/super-magic-module/src/Domain/SuperAgent/Service/TransferDomainService.php","Dtyq\SuperMagic\Domain\SuperAgent\Service\TransferDomainService","app/Domain/SuperMagic/Project/Service/TransferDomainService.php","App\Domain\SuperMagic\Project\Service\TransferDomainService","class","Project","ordinary","0"
"vendor/dtyq/super-magic-module/src/Domain/SuperAgent/Service/TransferLogDomainService.php","Dtyq\SuperMagic\Domain\SuperAgent\Service\TransferLogDomainService","app/Domain/SuperMagic/Project/Service/TransferLogDomainService.php","App\Domain\SuperMagic\Project\Service\TransferLogDomainService","class","Project","ordinary","0"
"vendor/dtyq/super-magic-module/src/Domain/SuperAgent/Service/UserDomainService.php","Dtyq\SuperMagic\Domain\SuperAgent\Service\UserDomainService","app/Domain/SuperMagic/Common/Service/UserDomainService.php","App\Domain\SuperMagic\Common\Service\UserDomainService","class","Common","ordinary","0"
"vendor/dtyq/super-magic-module/src/Domain/SuperAgent/Service/WarmPoolSandboxDomainService.php","Dtyq\SuperMagic\Domain\SuperAgent\Service\WarmPoolSandboxDomainService","app/Domain/SuperMagic/Task/Service/WarmPoolSandboxDomainService.php","App\Domain\SuperMagic\Task\Service\WarmPoolSandboxDomainService","class","Task","ordinary","0"
"vendor/dtyq/super-magic-module/src/Domain/SuperAgent/Service/WorkspaceDomainService.php","Dtyq\SuperMagic\Domain\SuperAgent\Service\WorkspaceDomainService","app/Domain/SuperMagic/Workspace/Service/WorkspaceDomainService.php","App\Domain\SuperMagic\Workspace\Service\WorkspaceDomainService","class","Workspace","ordinary","0"
"vendor/dtyq/super-magic-module/src/ErrorCode/MagicFSErrorCode.php","Dtyq\SuperMagic\ErrorCode\MagicFSErrorCode","app/ErrorCode/MagicFSErrorCode.php","App\ErrorCode\MagicFSErrorCode","enum","Common","ErrorCode","0"
"vendor/dtyq/super-magic-module/src/ErrorCode/ShareErrorCode.php","Dtyq\SuperMagic\ErrorCode\ShareErrorCode","app/ErrorCode/ShareErrorCode.php","App\ErrorCode\ShareErrorCode","enum","Common","ErrorCode","0"
"vendor/dtyq/super-magic-module/src/ErrorCode/SkillErrorCode.php","Dtyq\SuperMagic\ErrorCode\SkillErrorCode","app/ErrorCode/SkillErrorCode.php","App\ErrorCode\SkillErrorCode","enum","Common","ErrorCode","0"
"vendor/dtyq/super-magic-module/src/ErrorCode/SuperAgentErrorCode.php","Dtyq\SuperMagic\ErrorCode\SuperAgentErrorCode","app/ErrorCode/SuperAgentErrorCode.php","App\ErrorCode\SuperAgentErrorCode","enum","Common","ErrorCode","0"
"vendor/dtyq/super-magic-module/src/ErrorCode/SuperMagicErrorCode.php","Dtyq\SuperMagic\ErrorCode\SuperMagicErrorCode","app/ErrorCode/SuperMagicErrorCode.php","App\ErrorCode\SuperMagicErrorCode","enum","Common","ErrorCode","0"
"vendor/dtyq/super-magic-module/src/Infrastructure/Database/Migration/ProjectArchitectureIntegrityValidator.php","Dtyq\SuperMagic\Infrastructure\Database\Migration\ProjectArchitectureIntegrityValidator","app/Infrastructure/SuperMagic/Database/Migration/ProjectArchitectureIntegrityValidator.php","App\Infrastructure\SuperMagic\Database\Migration\ProjectArchitectureIntegrityValidator","class","Infrastructure","ordinary","0"
"vendor/dtyq/super-magic-module/src/Infrastructure/ExternalAPI/SandboxOS/AbstractSandboxOS.php","Dtyq\SuperMagic\Infrastructure\ExternalAPI\SandboxOS\AbstractSandboxOS","app/Infrastructure/SuperMagic/ExternalAPI/SandboxOS/AbstractSandboxOS.php","App\Infrastructure\SuperMagic\ExternalAPI\SandboxOS\AbstractSandboxOS","class","Infrastructure","ordinary","0"
"vendor/dtyq/super-magic-module/src/Infrastructure/ExternalAPI/SandboxOS/Agent/Constant/WorkspaceStatus.php","Dtyq\SuperMagic\Infrastructure\ExternalAPI\SandboxOS\Agent\Constant\WorkspaceStatus","app/Infrastructure/SuperMagic/ExternalAPI/SandboxOS/Agent/Constant/WorkspaceStatus.php","App\Infrastructure\SuperMagic\ExternalAPI\SandboxOS\Agent\Constant\WorkspaceStatus","class","Infrastructure","ordinary","0"
"vendor/dtyq/super-magic-module/src/Infrastructure/ExternalAPI/SandboxOS/Agent/Request/AskUserResponseMessageRequest.php","Dtyq\SuperMagic\Infrastructure\ExternalAPI\SandboxOS\Agent\Request\AskUserResponseMessageRequest","app/Infrastructure/SuperMagic/ExternalAPI/SandboxOS/Agent/Request/AskUserResponseMessageRequest.php","App\Infrastructure\SuperMagic\ExternalAPI\SandboxOS\Agent\Request\AskUserResponseMessageRequest","class","Infrastructure","ordinary","0"
"vendor/dtyq/super-magic-module/src/Infrastructure/ExternalAPI/SandboxOS/Agent/Request/ChatMessageRequest.php","Dtyq\SuperMagic\Infrastructure\ExternalAPI\SandboxOS\Agent\Request\ChatMessageRequest","app/Infrastructure/SuperMagic/ExternalAPI/SandboxOS/Agent/Request/ChatMessageRequest.php","App\Infrastructure\SuperMagic\ExternalAPI\SandboxOS\Agent\Request\ChatMessageRequest","class","Infrastructure","ordinary","0"
"vendor/dtyq/super-magic-module/src/Infrastructure/ExternalAPI/SandboxOS/Agent/Request/CheckpointRollbackCheckRequest.php","Dtyq\SuperMagic\Infrastructure\ExternalAPI\SandboxOS\Agent\Request\CheckpointRollbackCheckRequest","app/Infrastructure/SuperMagic/ExternalAPI/SandboxOS/Agent/Request/CheckpointRollbackCheckRequest.php","App\Infrastructure\SuperMagic\ExternalAPI\SandboxOS\Agent\Request\CheckpointRollbackCheckRequest","class","Infrastructure","ordinary","0"
"vendor/dtyq/super-magic-module/src/Infrastructure/ExternalAPI/SandboxOS/Agent/Request/CheckpointRollbackCommitRequest.php","Dtyq\SuperMagic\Infrastructure\ExternalAPI\SandboxOS\Agent\Request\CheckpointRollbackCommitRequest","app/Infrastructure/SuperMagic/ExternalAPI/SandboxOS/Agent/Request/CheckpointRollbackCommitRequest.php","App\Infrastructure\SuperMagic\ExternalAPI\SandboxOS\Agent\Request\CheckpointRollbackCommitRequest","class","Infrastructure","ordinary","0"
"vendor/dtyq/super-magic-module/src/Infrastructure/ExternalAPI/SandboxOS/Agent/Request/CheckpointRollbackRequest.php","Dtyq\SuperMagic\Infrastructure\ExternalAPI\SandboxOS\Agent\Request\CheckpointRollbackRequest","app/Infrastructure/SuperMagic/ExternalAPI/SandboxOS/Agent/Request/CheckpointRollbackRequest.php","App\Infrastructure\SuperMagic\ExternalAPI\SandboxOS\Agent\Request\CheckpointRollbackRequest","class","Infrastructure","ordinary","0"
"vendor/dtyq/super-magic-module/src/Infrastructure/ExternalAPI/SandboxOS/Agent/Request/CheckpointRollbackStartRequest.php","Dtyq\SuperMagic\Infrastructure\ExternalAPI\SandboxOS\Agent\Request\CheckpointRollbackStartRequest","app/Infrastructure/SuperMagic/ExternalAPI/SandboxOS/Agent/Request/CheckpointRollbackStartRequest.php","App\Infrastructure\SuperMagic\ExternalAPI\SandboxOS\Agent\Request\CheckpointRollbackStartRequest","class","Infrastructure","ordinary","0"
"vendor/dtyq/super-magic-module/src/Infrastructure/ExternalAPI/SandboxOS/Agent/Request/CheckpointRollbackUndoRequest.php","Dtyq\SuperMagic\Infrastructure\ExternalAPI\SandboxOS\Agent\Request\CheckpointRollbackUndoRequest","app/Infrastructure/SuperMagic/ExternalAPI/SandboxOS/Agent/Request/CheckpointRollbackUndoRequest.php","App\Infrastructure\SuperMagic\ExternalAPI\SandboxOS\Agent\Request\CheckpointRollbackUndoRequest","class","Infrastructure","ordinary","0"
"vendor/dtyq/super-magic-module/src/Infrastructure/ExternalAPI/SandboxOS/Agent/Request/InitAgentRequest.php","Dtyq\SuperMagic\Infrastructure\ExternalAPI\SandboxOS\Agent\Request\InitAgentRequest","app/Infrastructure/SuperMagic/ExternalAPI/SandboxOS/Agent/Request/InitAgentRequest.php","App\Infrastructure\SuperMagic\ExternalAPI\SandboxOS\Agent\Request\InitAgentRequest","class","Infrastructure","ordinary","0"
"vendor/dtyq/super-magic-module/src/Infrastructure/ExternalAPI/SandboxOS/Agent/Request/InterruptRequest.php","Dtyq\SuperMagic\Infrastructure\ExternalAPI\SandboxOS\Agent\Request\InterruptRequest","app/Infrastructure/SuperMagic/ExternalAPI/SandboxOS/Agent/Request/InterruptRequest.php","App\Infrastructure\SuperMagic\ExternalAPI\SandboxOS\Agent\Request\InterruptRequest","class","Infrastructure","ordinary","0"
"vendor/dtyq/super-magic-module/src/Infrastructure/ExternalAPI/SandboxOS/Agent/Request/SaveFilesRequest.php","Dtyq\SuperMagic\Infrastructure\ExternalAPI\SandboxOS\Agent\Request\SaveFilesRequest","app/Infrastructure/SuperMagic/ExternalAPI/SandboxOS/Agent/Request/SaveFilesRequest.php","App\Infrastructure\SuperMagic\ExternalAPI\SandboxOS\Agent\Request\SaveFilesRequest","class","Infrastructure","ordinary","0"
"vendor/dtyq/super-magic-module/src/Infrastructure/ExternalAPI/SandboxOS/Agent/Request/ScriptTaskRequest.php","Dtyq\SuperMagic\Infrastructure\ExternalAPI\SandboxOS\Agent\Request\ScriptTaskRequest","app/Infrastructure/SuperMagic/ExternalAPI/SandboxOS/Agent/Request/ScriptTaskRequest.php","App\Infrastructure\SuperMagic\ExternalAPI\SandboxOS\Agent\Request\ScriptTaskRequest","class","Infrastructure","ordinary","0"
"vendor/dtyq/super-magic-module/src/Infrastructure/ExternalAPI/SandboxOS/Agent/Request/UserToolCallFeedbackRequest.php","Dtyq\SuperMagic\Infrastructure\ExternalAPI\SandboxOS\Agent\Request\UserToolCallFeedbackRequest","app/Infrastructure/SuperMagic/ExternalAPI/SandboxOS/Agent/Request/UserToolCallFeedbackRequest.php","App\Infrastructure\SuperMagic\ExternalAPI\SandboxOS\Agent\Request\UserToolCallFeedbackRequest","class","Infrastructure","ordinary","0"
"vendor/dtyq/super-magic-module/src/Infrastructure/ExternalAPI/SandboxOS/Agent/Response/AgentResponse.php","Dtyq\SuperMagic\Infrastructure\ExternalAPI\SandboxOS\Agent\Response\AgentResponse","app/Infrastructure/SuperMagic/ExternalAPI/SandboxOS/Agent/Response/AgentResponse.php","App\Infrastructure\SuperMagic\ExternalAPI\SandboxOS\Agent\Response\AgentResponse","class","Infrastructure","ordinary","0"
"vendor/dtyq/super-magic-module/src/Infrastructure/ExternalAPI/SandboxOS/Agent/Response/SaveFilesResponse.php","Dtyq\SuperMagic\Infrastructure\ExternalAPI\SandboxOS\Agent\Response\SaveFilesResponse","app/Infrastructure/SuperMagic/ExternalAPI/SandboxOS/Agent/Response/SaveFilesResponse.php","App\Infrastructure\SuperMagic\ExternalAPI\SandboxOS\Agent\Response\SaveFilesResponse","class","Infrastructure","ordinary","0"
"vendor/dtyq/super-magic-module/src/Infrastructure/ExternalAPI/SandboxOS/Agent/SandboxAgentInterface.php","Dtyq\SuperMagic\Infrastructure\ExternalAPI\SandboxOS\Agent\SandboxAgentInterface","app/Infrastructure/SuperMagic/ExternalAPI/SandboxOS/Agent/SandboxAgentInterface.php","App\Infrastructure\SuperMagic\ExternalAPI\SandboxOS\Agent\SandboxAgentInterface","interface","Infrastructure","ordinary","0"
"vendor/dtyq/super-magic-module/src/Infrastructure/ExternalAPI/SandboxOS/Agent/SandboxAgentService.php","Dtyq\SuperMagic\Infrastructure\ExternalAPI\SandboxOS\Agent\SandboxAgentService","app/Infrastructure/SuperMagic/ExternalAPI/SandboxOS/Agent/SandboxAgentService.php","App\Infrastructure\SuperMagic\ExternalAPI\SandboxOS\Agent\SandboxAgentService","class","Infrastructure","ordinary","0"
"vendor/dtyq/super-magic-module/src/Infrastructure/ExternalAPI/SandboxOS/AsrRecorder/AsrRecorderInterface.php","Dtyq\SuperMagic\Infrastructure\ExternalAPI\SandboxOS\AsrRecorder\AsrRecorderInterface","app/Infrastructure/SuperMagic/ExternalAPI/SandboxOS/AsrRecorder/AsrRecorderInterface.php","App\Infrastructure\SuperMagic\ExternalAPI\SandboxOS\AsrRecorder\AsrRecorderInterface","interface","Infrastructure","ordinary","0"
"vendor/dtyq/super-magic-module/src/Infrastructure/ExternalAPI/SandboxOS/AsrRecorder/AsrRecorderService.php","Dtyq\SuperMagic\Infrastructure\ExternalAPI\SandboxOS\AsrRecorder\AsrRecorderService","app/Infrastructure/SuperMagic/ExternalAPI/SandboxOS/AsrRecorder/AsrRecorderService.php","App\Infrastructure\SuperMagic\ExternalAPI\SandboxOS\AsrRecorder\AsrRecorderService","class","Infrastructure","ordinary","0"
"vendor/dtyq/super-magic-module/src/Infrastructure/ExternalAPI/SandboxOS/AsrRecorder/Config/AsrAudioConfig.php","Dtyq\SuperMagic\Infrastructure\ExternalAPI\SandboxOS\AsrRecorder\Config\AsrAudioConfig","app/Infrastructure/SuperMagic/ExternalAPI/SandboxOS/AsrRecorder/Config/AsrAudioConfig.php","App\Infrastructure\SuperMagic\ExternalAPI\SandboxOS\AsrRecorder\Config\AsrAudioConfig","class","Infrastructure","ordinary","0"
"vendor/dtyq/super-magic-module/src/Infrastructure/ExternalAPI/SandboxOS/AsrRecorder/Config/AsrMarkerFileConfig.php","Dtyq\SuperMagic\Infrastructure\ExternalAPI\SandboxOS\AsrRecorder\Config\AsrMarkerFileConfig","app/Infrastructure/SuperMagic/ExternalAPI/SandboxOS/AsrRecorder/Config/AsrMarkerFileConfig.php","App\Infrastructure\SuperMagic\ExternalAPI\SandboxOS\AsrRecorder\Config\AsrMarkerFileConfig","class","Infrastructure","ordinary","0"
"vendor/dtyq/super-magic-module/src/Infrastructure/ExternalAPI/SandboxOS/AsrRecorder/Config/AsrNoteFileConfig.php","Dtyq\SuperMagic\Infrastructure\ExternalAPI\SandboxOS\AsrRecorder\Config\AsrNoteFileConfig","app/Infrastructure/SuperMagic/ExternalAPI/SandboxOS/AsrRecorder/Config/AsrNoteFileConfig.php","App\Infrastructure\SuperMagic\ExternalAPI\SandboxOS\AsrRecorder\Config\AsrNoteFileConfig","class","Infrastructure","ordinary","0"
"vendor/dtyq/super-magic-module/src/Infrastructure/ExternalAPI/SandboxOS/AsrRecorder/Config/AsrTranscriptFileConfig.php","Dtyq\SuperMagic\Infrastructure\ExternalAPI\SandboxOS\AsrRecorder\Config\AsrTranscriptFileConfig","app/Infrastructure/SuperMagic/ExternalAPI/SandboxOS/AsrRecorder/Config/AsrTranscriptFileConfig.php","App\Infrastructure\SuperMagic\ExternalAPI\SandboxOS\AsrRecorder\Config\AsrTranscriptFileConfig","class","Infrastructure","ordinary","0"
"vendor/dtyq/super-magic-module/src/Infrastructure/ExternalAPI/SandboxOS/AsrRecorder/Response/AsrRecorderResponse.php","Dtyq\SuperMagic\Infrastructure\ExternalAPI\SandboxOS\AsrRecorder\Response\AsrRecorderResponse","app/Infrastructure/SuperMagic/ExternalAPI/SandboxOS/AsrRecorder/Response/AsrRecorderResponse.php","App\Infrastructure\SuperMagic\ExternalAPI\SandboxOS\AsrRecorder\Response\AsrRecorderResponse","class","Infrastructure","ordinary","0"
"vendor/dtyq/super-magic-module/src/Infrastructure/ExternalAPI/SandboxOS/BatchDownloadPack/BatchDownloadPackRepository.php","Dtyq\SuperMagic\Infrastructure\ExternalAPI\SandboxOS\BatchDownloadPack\BatchDownloadPackRepository","app/Infrastructure/SuperMagic/ExternalAPI/SandboxOS/BatchDownloadPack/BatchDownloadPackRepository.php","App\Infrastructure\SuperMagic\ExternalAPI\SandboxOS\BatchDownloadPack\BatchDownloadPackRepository","class","Infrastructure","ordinary","0"
"vendor/dtyq/super-magic-module/src/Infrastructure/ExternalAPI/SandboxOS/Constants/SandboxEndpoints.php","Dtyq\SuperMagic\Infrastructure\ExternalAPI\SandboxOS\Constants\SandboxEndpoints","app/Infrastructure/SuperMagic/ExternalAPI/SandboxOS/Constants/SandboxEndpoints.php","App\Infrastructure\SuperMagic\ExternalAPI\SandboxOS\Constants\SandboxEndpoints","class","Infrastructure","ordinary","0"
"vendor/dtyq/super-magic-module/src/Infrastructure/ExternalAPI/SandboxOS/Contract/RequestInterface.php","Dtyq\SuperMagic\Infrastructure\ExternalAPI\SandboxOS\Contract\RequestInterface","app/Infrastructure/SuperMagic/ExternalAPI/SandboxOS/Contract/RequestInterface.php","App\Infrastructure\SuperMagic\ExternalAPI\SandboxOS\Contract\RequestInterface","interface","Infrastructure","ordinary","0"
"vendor/dtyq/super-magic-module/src/Infrastructure/ExternalAPI/SandboxOS/Contract/ResponseInterface.php","Dtyq\SuperMagic\Infrastructure\ExternalAPI\SandboxOS\Contract\ResponseInterface","app/Infrastructure/SuperMagic/ExternalAPI/SandboxOS/Contract/ResponseInterface.php","App\Infrastructure\SuperMagic\ExternalAPI\SandboxOS\Contract\ResponseInterface","interface","Infrastructure","ordinary","0"
"vendor/dtyq/super-magic-module/src/Infrastructure/ExternalAPI/SandboxOS/Exception/SandboxOperationException.php","Dtyq\SuperMagic\Infrastructure\ExternalAPI\SandboxOS\Exception\SandboxOperationException","app/Infrastructure/SuperMagic/ExternalAPI/SandboxOS/Exception/SandboxOperationException.php","App\Infrastructure\SuperMagic\ExternalAPI\SandboxOS\Exception\SandboxOperationException","class","Infrastructure","ordinary","0"
"vendor/dtyq/super-magic-module/src/Infrastructure/ExternalAPI/SandboxOS/FileConverter/FileConverterInterface.php","Dtyq\SuperMagic\Infrastructure\ExternalAPI\SandboxOS\FileConverter\FileConverterInterface","app/Infrastructure/SuperMagic/ExternalAPI/SandboxOS/FileConverter/FileConverterInterface.php","App\Infrastructure\SuperMagic\ExternalAPI\SandboxOS\FileConverter\FileConverterInterface","interface","Infrastructure","ordinary","0"
"vendor/dtyq/super-magic-module/src/Infrastructure/ExternalAPI/SandboxOS/FileConverter/FileConverterService.php","Dtyq\SuperMagic\Infrastructure\ExternalAPI\SandboxOS\FileConverter\FileConverterService","app/Infrastructure/SuperMagic/ExternalAPI/SandboxOS/FileConverter/FileConverterService.php","App\Infrastructure\SuperMagic\ExternalAPI\SandboxOS\FileConverter\FileConverterService","class","Infrastructure","ordinary","0"
"vendor/dtyq/super-magic-module/src/Infrastructure/ExternalAPI/SandboxOS/FileConverter/Request/FileConverterRequest.php","Dtyq\SuperMagic\Infrastructure\ExternalAPI\SandboxOS\FileConverter\Request\FileConverterRequest","app/Infrastructure/SuperMagic/ExternalAPI/SandboxOS/FileConverter/Request/FileConverterRequest.php","App\Infrastructure\SuperMagic\ExternalAPI\SandboxOS\FileConverter\Request\FileConverterRequest","class","Infrastructure","ordinary","0"
"vendor/dtyq/super-magic-module/src/Infrastructure/ExternalAPI/SandboxOS/FileConverter/Response/ConverterDataDTO.php","Dtyq\SuperMagic\Infrastructure\ExternalAPI\SandboxOS\FileConverter\Response\ConverterDataDTO","app/Infrastructure/SuperMagic/ExternalAPI/SandboxOS/FileConverter/Response/ConverterDataDTO.php","App\Infrastructure\SuperMagic\ExternalAPI\SandboxOS\FileConverter\Response\ConverterDataDTO","class","Infrastructure","ordinary","0"
"vendor/dtyq/super-magic-module/src/Infrastructure/ExternalAPI/SandboxOS/FileConverter/Response/FileConverterResponse.php","Dtyq\SuperMagic\Infrastructure\ExternalAPI\SandboxOS\FileConverter\Response\FileConverterResponse","app/Infrastructure/SuperMagic/ExternalAPI/SandboxOS/FileConverter/Response/FileConverterResponse.php","App\Infrastructure\SuperMagic\ExternalAPI\SandboxOS\FileConverter\Response\FileConverterResponse","class","Infrastructure","ordinary","0"
"vendor/dtyq/super-magic-module/src/Infrastructure/ExternalAPI/SandboxOS/FileConverter/Response/FileItemDTO.php","Dtyq\SuperMagic\Infrastructure\ExternalAPI\SandboxOS\FileConverter\Response\FileItemDTO","app/Infrastructure/SuperMagic/ExternalAPI/SandboxOS/FileConverter/Response/FileItemDTO.php","App\Infrastructure\SuperMagic\ExternalAPI\SandboxOS\FileConverter\Response\FileItemDTO","class","Infrastructure","ordinary","0"
"vendor/dtyq/super-magic-module/src/Infrastructure/ExternalAPI/SandboxOS/Gateway/Constant/ResponseCode.php","Dtyq\SuperMagic\Infrastructure\ExternalAPI\SandboxOS\Gateway\Constant\ResponseCode","app/Infrastructure/SuperMagic/ExternalAPI/SandboxOS/Gateway/Constant/ResponseCode.php","App\Infrastructure\SuperMagic\ExternalAPI\SandboxOS\Gateway\Constant\ResponseCode","class","Infrastructure","ordinary","0"
"vendor/dtyq/super-magic-module/src/Infrastructure/ExternalAPI/SandboxOS/Gateway/Constant/SandboxStatus.php","Dtyq\SuperMagic\Infrastructure\ExternalAPI\SandboxOS\Gateway\Constant\SandboxStatus","app/Infrastructure/SuperMagic/ExternalAPI/SandboxOS/Gateway/Constant/SandboxStatus.php","App\Infrastructure\SuperMagic\ExternalAPI\SandboxOS\Gateway\Constant\SandboxStatus","class","Infrastructure","ordinary","0"
"vendor/dtyq/super-magic-module/src/Infrastructure/ExternalAPI/SandboxOS/Gateway/Result/BatchStatusResult.php","Dtyq\SuperMagic\Infrastructure\ExternalAPI\SandboxOS\Gateway\Result\BatchStatusResult","app/Infrastructure/SuperMagic/ExternalAPI/SandboxOS/Gateway/Result/BatchStatusResult.php","App\Infrastructure\SuperMagic\ExternalAPI\SandboxOS\Gateway\Result\BatchStatusResult","class","Infrastructure","ordinary","0"
"vendor/dtyq/super-magic-module/src/Infrastructure/ExternalAPI/SandboxOS/Gateway/Result/GatewayResult.php","Dtyq\SuperMagic\Infrastructure\ExternalAPI\SandboxOS\Gateway\Result\GatewayResult","app/Infrastructure/SuperMagic/ExternalAPI/SandboxOS/Gateway/Result/GatewayResult.php","App\Infrastructure\SuperMagic\ExternalAPI\SandboxOS\Gateway\Result\GatewayResult","class","Infrastructure","ordinary","0"
"vendor/dtyq/super-magic-module/src/Infrastructure/ExternalAPI/SandboxOS/Gateway/Result/SandboxStatusResult.php","Dtyq\SuperMagic\Infrastructure\ExternalAPI\SandboxOS\Gateway\Result\SandboxStatusResult","app/Infrastructure/SuperMagic/ExternalAPI/SandboxOS/Gateway/Result/SandboxStatusResult.php","App\Infrastructure\SuperMagic\ExternalAPI\SandboxOS\Gateway\Result\SandboxStatusResult","class","Infrastructure","ordinary","0"
"vendor/dtyq/super-magic-module/src/Infrastructure/ExternalAPI/SandboxOS/Gateway/SandboxGatewayInterface.php","Dtyq\SuperMagic\Infrastructure\ExternalAPI\SandboxOS\Gateway\SandboxGatewayInterface","app/Infrastructure/SuperMagic/ExternalAPI/SandboxOS/Gateway/SandboxGatewayInterface.php","App\Infrastructure\SuperMagic\ExternalAPI\SandboxOS\Gateway\SandboxGatewayInterface","interface","Infrastructure","ordinary","0"
"vendor/dtyq/super-magic-module/src/Infrastructure/ExternalAPI/SandboxOS/Gateway/SandboxGatewayService.php","Dtyq\SuperMagic\Infrastructure\ExternalAPI\SandboxOS\Gateway\SandboxGatewayService","app/Infrastructure/SuperMagic/ExternalAPI/SandboxOS/Gateway/SandboxGatewayService.php","App\Infrastructure\SuperMagic\ExternalAPI\SandboxOS\Gateway\SandboxGatewayService","class","Infrastructure","ordinary","0"
"vendor/dtyq/super-magic-module/src/Infrastructure/ExternalAPI/SandboxOS/Workspace/Request/ExportWorkspaceRequest.php","Dtyq\SuperMagic\Infrastructure\ExternalAPI\SandboxOS\Workspace\Request\ExportWorkspaceRequest","app/Infrastructure/SuperMagic/ExternalAPI/SandboxOS/Workspace/Request/ExportWorkspaceRequest.php","App\Infrastructure\SuperMagic\ExternalAPI\SandboxOS\Workspace\Request\ExportWorkspaceRequest","class","Infrastructure","ordinary","0"
"vendor/dtyq/super-magic-module/src/Infrastructure/ExternalAPI/SandboxOS/Workspace/Request/ImportWorkspaceRequest.php","Dtyq\SuperMagic\Infrastructure\ExternalAPI\SandboxOS\Workspace\Request\ImportWorkspaceRequest","app/Infrastructure/SuperMagic/ExternalAPI/SandboxOS/Workspace/Request/ImportWorkspaceRequest.php","App\Infrastructure\SuperMagic\ExternalAPI\SandboxOS\Workspace\Request\ImportWorkspaceRequest","class","Infrastructure","ordinary","0"
"vendor/dtyq/super-magic-module/src/Infrastructure/ExternalAPI/SandboxOS/Workspace/Response/ExportWorkspaceResponse.php","Dtyq\SuperMagic\Infrastructure\ExternalAPI\SandboxOS\Workspace\Response\ExportWorkspaceResponse","app/Infrastructure/SuperMagic/ExternalAPI/SandboxOS/Workspace/Response/ExportWorkspaceResponse.php","App\Infrastructure\SuperMagic\ExternalAPI\SandboxOS\Workspace\Response\ExportWorkspaceResponse","class","Infrastructure","ordinary","0"
"vendor/dtyq/super-magic-module/src/Infrastructure/ExternalAPI/SandboxOS/Workspace/Response/ImportWorkspaceResponse.php","Dtyq\SuperMagic\Infrastructure\ExternalAPI\SandboxOS\Workspace\Response\ImportWorkspaceResponse","app/Infrastructure/SuperMagic/ExternalAPI/SandboxOS/Workspace/Response/ImportWorkspaceResponse.php","App\Infrastructure\SuperMagic\ExternalAPI\SandboxOS\Workspace\Response\ImportWorkspaceResponse","class","Infrastructure","ordinary","0"
"vendor/dtyq/super-magic-module/src/Infrastructure/ExternalAPI/SandboxOS/Workspace/WorkspaceExporterInterface.php","Dtyq\SuperMagic\Infrastructure\ExternalAPI\SandboxOS\Workspace\WorkspaceExporterInterface","app/Infrastructure/SuperMagic/ExternalAPI/SandboxOS/Workspace/WorkspaceExporterInterface.php","App\Infrastructure\SuperMagic\ExternalAPI\SandboxOS\Workspace\WorkspaceExporterInterface","interface","Infrastructure","ordinary","0"
"vendor/dtyq/super-magic-module/src/Infrastructure/ExternalAPI/SandboxOS/Workspace/WorkspaceExporterService.php","Dtyq\SuperMagic\Infrastructure\ExternalAPI\SandboxOS\Workspace\WorkspaceExporterService","app/Infrastructure/SuperMagic/ExternalAPI/SandboxOS/Workspace/WorkspaceExporterService.php","App\Infrastructure\SuperMagic\ExternalAPI\SandboxOS\Workspace\WorkspaceExporterService","class","Infrastructure","ordinary","0"
"vendor/dtyq/super-magic-module/src/Infrastructure/ExternalAPI/SandboxOS/Workspace/WorkspaceImporterInterface.php","Dtyq\SuperMagic\Infrastructure\ExternalAPI\SandboxOS\Workspace\WorkspaceImporterInterface","app/Infrastructure/SuperMagic/ExternalAPI/SandboxOS/Workspace/WorkspaceImporterInterface.php","App\Infrastructure\SuperMagic\ExternalAPI\SandboxOS\Workspace\WorkspaceImporterInterface","interface","Infrastructure","ordinary","0"
"vendor/dtyq/super-magic-module/src/Infrastructure/ExternalAPI/SandboxOS/Workspace/WorkspaceImporterService.php","Dtyq\SuperMagic\Infrastructure\ExternalAPI\SandboxOS\Workspace\WorkspaceImporterService","app/Infrastructure/SuperMagic/ExternalAPI/SandboxOS/Workspace/WorkspaceImporterService.php","App\Infrastructure\SuperMagic\ExternalAPI\SandboxOS\Workspace\WorkspaceImporterService","class","Infrastructure","ordinary","0"
"vendor/dtyq/super-magic-module/src/Infrastructure/ExternalAPI/Sandbox/AbstractSandbox.php","Dtyq\SuperMagic\Infrastructure\ExternalAPI\Sandbox\AbstractSandbox","app/Infrastructure/SuperMagic/ExternalAPI/Sandbox/AbstractSandbox.php","App\Infrastructure\SuperMagic\ExternalAPI\Sandbox\AbstractSandbox","class","Infrastructure","ordinary","0"
"vendor/dtyq/super-magic-module/src/Infrastructure/ExternalAPI/Sandbox/Config/WebSocketConfig.php","Dtyq\SuperMagic\Infrastructure\ExternalAPI\Sandbox\Config\WebSocketConfig","app/Infrastructure/SuperMagic/ExternalAPI/Sandbox/Config/WebSocketConfig.php","App\Infrastructure\SuperMagic\ExternalAPI\Sandbox\Config\WebSocketConfig","class","Infrastructure","ordinary","0"
"vendor/dtyq/super-magic-module/src/Infrastructure/ExternalAPI/Sandbox/SandboxData.php","Dtyq\SuperMagic\Infrastructure\ExternalAPI\Sandbox\SandboxData","app/Infrastructure/SuperMagic/ExternalAPI/Sandbox/SandboxData.php","App\Infrastructure\SuperMagic\ExternalAPI\Sandbox\SandboxData","class","Infrastructure","ordinary","0"
"vendor/dtyq/super-magic-module/src/Infrastructure/ExternalAPI/Sandbox/SandboxInterface.php","Dtyq\SuperMagic\Infrastructure\ExternalAPI\Sandbox\SandboxInterface","app/Infrastructure/SuperMagic/ExternalAPI/Sandbox/SandboxInterface.php","App\Infrastructure\SuperMagic\ExternalAPI\Sandbox\SandboxInterface","interface","Infrastructure","ordinary","0"
"vendor/dtyq/super-magic-module/src/Infrastructure/ExternalAPI/Sandbox/SandboxResult.php","Dtyq\SuperMagic\Infrastructure\ExternalAPI\Sandbox\SandboxResult","app/Infrastructure/SuperMagic/ExternalAPI/Sandbox/SandboxResult.php","App\Infrastructure\SuperMagic\ExternalAPI\Sandbox\SandboxResult","class","Infrastructure","ordinary","0"
"vendor/dtyq/super-magic-module/src/Infrastructure/ExternalAPI/Sandbox/SandboxStruct.php","Dtyq\SuperMagic\Infrastructure\ExternalAPI\Sandbox\SandboxStruct","app/Infrastructure/SuperMagic/ExternalAPI/Sandbox/SandboxStruct.php","App\Infrastructure\SuperMagic\ExternalAPI\Sandbox\SandboxStruct","class","Infrastructure","ordinary","0"
"vendor/dtyq/super-magic-module/src/Infrastructure/ExternalAPI/Sandbox/Volcengine/SandboxService.php","Dtyq\SuperMagic\Infrastructure\ExternalAPI\Sandbox\Volcengine\SandboxService","app/Infrastructure/SuperMagic/ExternalAPI/Sandbox/Volcengine/SandboxService.php","App\Infrastructure\SuperMagic\ExternalAPI\Sandbox\Volcengine\SandboxService","class","Infrastructure","ordinary","0"
"vendor/dtyq/super-magic-module/src/Infrastructure/ExternalAPI/Sandbox/WebSocket/Exception/WebSocketConnectionException.php","Dtyq\SuperMagic\Infrastructure\ExternalAPI\Sandbox\WebSocket\Exception\WebSocketConnectionException","app/Infrastructure/SuperMagic/ExternalAPI/Sandbox/WebSocket/Exception/WebSocketConnectionException.php","App\Infrastructure\SuperMagic\ExternalAPI\Sandbox\WebSocket\Exception\WebSocketConnectionException","class","Infrastructure","ordinary","0"
"vendor/dtyq/super-magic-module/src/Infrastructure/ExternalAPI/Sandbox/WebSocket/Exception/WebSocketMessageException.php","Dtyq\SuperMagic\Infrastructure\ExternalAPI\Sandbox\WebSocket\Exception\WebSocketMessageException","app/Infrastructure/SuperMagic/ExternalAPI/Sandbox/WebSocket/Exception/WebSocketMessageException.php","App\Infrastructure\SuperMagic\ExternalAPI\Sandbox\WebSocket\Exception\WebSocketMessageException","class","Infrastructure","ordinary","0"
"vendor/dtyq/super-magic-module/src/Infrastructure/ExternalAPI/Sandbox/WebSocket/Exception/WebSocketTimeoutException.php","Dtyq\SuperMagic\Infrastructure\ExternalAPI\Sandbox\WebSocket\Exception\WebSocketTimeoutException","app/Infrastructure/SuperMagic/ExternalAPI/Sandbox/WebSocket/Exception/WebSocketTimeoutException.php","App\Infrastructure\SuperMagic\ExternalAPI\Sandbox\WebSocket\Exception\WebSocketTimeoutException","class","Infrastructure","ordinary","0"
"vendor/dtyq/super-magic-module/src/Infrastructure/ExternalAPI/Sandbox/WebSocket/WebSocketClient.php","Dtyq\SuperMagic\Infrastructure\ExternalAPI\Sandbox\WebSocket\WebSocketClient","app/Infrastructure/SuperMagic/ExternalAPI/Sandbox/WebSocket/WebSocketClient.php","App\Infrastructure\SuperMagic\ExternalAPI\Sandbox\WebSocket\WebSocketClient","class","Infrastructure","ordinary","0"
"vendor/dtyq/super-magic-module/src/Infrastructure/ExternalAPI/Sandbox/WebSocket/WebSocketSession.php","Dtyq\SuperMagic\Infrastructure\ExternalAPI\Sandbox\WebSocket\WebSocketSession","app/Infrastructure/SuperMagic/ExternalAPI/Sandbox/WebSocket/WebSocketSession.php","App\Infrastructure\SuperMagic\ExternalAPI\Sandbox\WebSocket\WebSocketSession","class","Infrastructure","ordinary","0"
"vendor/dtyq/super-magic-module/src/Infrastructure/Utils/AccessTokenUtil.php","Dtyq\SuperMagic\Infrastructure\Utils\AccessTokenUtil","app/Infrastructure/SuperMagic/Utils/AccessTokenUtil.php","App\Infrastructure\SuperMagic\Utils\AccessTokenUtil","class","Infrastructure","ordinary","0"
"vendor/dtyq/super-magic-module/src/Infrastructure/Utils/BatchDownloadArchivePathUtil.php","Dtyq\SuperMagic\Infrastructure\Utils\BatchDownloadArchivePathUtil","app/Infrastructure/SuperMagic/Utils/BatchDownloadArchivePathUtil.php","App\Infrastructure\SuperMagic\Utils\BatchDownloadArchivePathUtil","class","Infrastructure","ordinary","0"
"vendor/dtyq/super-magic-module/src/Infrastructure/Utils/ContentTypeUtil.php","Dtyq\SuperMagic\Infrastructure\Utils\ContentTypeUtil","app/Infrastructure/SuperMagic/Utils/ContentTypeUtil.php","App\Infrastructure\SuperMagic\Utils\ContentTypeUtil","class","Infrastructure","ordinary","0"
"vendor/dtyq/super-magic-module/src/Infrastructure/Utils/DateFormatUtil.php","Dtyq\SuperMagic\Infrastructure\Utils\DateFormatUtil","app/Infrastructure/SuperMagic/Utils/DateFormatUtil.php","App\Infrastructure\SuperMagic\Utils\DateFormatUtil","class","Infrastructure","ordinary","0"
"vendor/dtyq/super-magic-module/src/Infrastructure/Utils/EditorJsUtil.php","Dtyq\SuperMagic\Infrastructure\Utils\EditorJsUtil","app/Infrastructure/SuperMagic/Utils/EditorJsUtil.php","App\Infrastructure\SuperMagic\Utils\EditorJsUtil","class","Infrastructure","ordinary","0"
"vendor/dtyq/super-magic-module/src/Infrastructure/Utils/FileBatchOperationStatusManager.php","Dtyq\SuperMagic\Infrastructure\Utils\FileBatchOperationStatusManager","app/Infrastructure/SuperMagic/Utils/FileBatchOperationStatusManager.php","App\Infrastructure\SuperMagic\Utils\FileBatchOperationStatusManager","class","Infrastructure","ordinary","0"
"vendor/dtyq/super-magic-module/src/Infrastructure/Utils/FileDownloadUrlHelper.php","Dtyq\SuperMagic\Infrastructure\Utils\FileDownloadUrlHelper","app/Infrastructure/SuperMagic/Utils/FileDownloadUrlHelper.php","App\Infrastructure\SuperMagic\Utils\FileDownloadUrlHelper","class","Infrastructure","ordinary","0"
"vendor/dtyq/super-magic-module/src/Infrastructure/Utils/FileMetadataUtil.php","Dtyq\SuperMagic\Infrastructure\Utils\FileMetadataUtil","app/Infrastructure/SuperMagic/Utils/FileMetadataUtil.php","App\Infrastructure\SuperMagic\Utils\FileMetadataUtil","class","Infrastructure","ordinary","0"
"vendor/dtyq/super-magic-module/src/Infrastructure/Utils/FileNameSorter.php","Dtyq\SuperMagic\Infrastructure\Utils\FileNameSorter","app/Infrastructure/SuperMagic/Utils/FileNameSorter.php","App\Infrastructure\SuperMagic\Utils\FileNameSorter","class","Infrastructure","ordinary","0"
"vendor/dtyq/super-magic-module/src/Infrastructure/Utils/FileOperationTreeUtil.php","Dtyq\SuperMagic\Infrastructure\Utils\FileOperationTreeUtil","app/Infrastructure/SuperMagic/Utils/FileOperationTreeUtil.php","App\Infrastructure\SuperMagic\Utils\FileOperationTreeUtil","class","Infrastructure","ordinary","0"
"vendor/dtyq/super-magic-module/src/Infrastructure/Utils/FileSortUtil.php","Dtyq\SuperMagic\Infrastructure\Utils\FileSortUtil","app/Infrastructure/SuperMagic/Utils/FileSortUtil.php","App\Infrastructure\SuperMagic\Utils\FileSortUtil","class","Infrastructure","ordinary","0"
"vendor/dtyq/super-magic-module/src/Infrastructure/Utils/FileTreeBuilder.php","Dtyq\SuperMagic\Infrastructure\Utils\FileTreeBuilder","app/Infrastructure/SuperMagic/Utils/FileTreeBuilder.php","App\Infrastructure\SuperMagic\Utils\FileTreeBuilder","class","Infrastructure","ordinary","0"
"vendor/dtyq/super-magic-module/src/Infrastructure/Utils/FileTreeUtil.php","Dtyq\SuperMagic\Infrastructure\Utils\FileTreeUtil","app/Infrastructure/SuperMagic/Utils/FileTreeUtil.php","App\Infrastructure\SuperMagic\Utils\FileTreeUtil","class","Infrastructure","ordinary","0"
"vendor/dtyq/super-magic-module/src/Infrastructure/Utils/FrontmatterParser.php","Dtyq\SuperMagic\Infrastructure\Utils\FrontmatterParser","app/Infrastructure/SuperMagic/Utils/FrontmatterParser.php","App\Infrastructure\SuperMagic\Utils\FrontmatterParser","class","Infrastructure","ordinary","0"
"vendor/dtyq/super-magic-module/src/Infrastructure/Utils/IpUtil.php","Dtyq\SuperMagic\Infrastructure\Utils\IpUtil","app/Infrastructure/SuperMagic/Utils/IpUtil.php","App\Infrastructure\SuperMagic\Utils\IpUtil","class","Infrastructure","ordinary","0"
"vendor/dtyq/super-magic-module/src/Infrastructure/Utils/LockKeyManageUtils.php","Dtyq\SuperMagic\Infrastructure\Utils\LockKeyManageUtils","app/Infrastructure/SuperMagic/Utils/LockKeyManageUtils.php","App\Infrastructure\SuperMagic\Utils\LockKeyManageUtils","class","Infrastructure","ordinary","0"
"vendor/dtyq/super-magic-module/src/Infrastructure/Utils/MentionUtil.php","Dtyq\SuperMagic\Infrastructure\Utils\MentionUtil","app/Infrastructure/SuperMagic/Utils/MentionUtil.php","App\Infrastructure\SuperMagic\Utils\MentionUtil","class","Infrastructure","ordinary","0"
"vendor/dtyq/super-magic-module/src/Infrastructure/Utils/PasswordCrypt.php","Dtyq\SuperMagic\Infrastructure\Utils\PasswordCrypt","app/Infrastructure/SuperMagic/Utils/PasswordCrypt.php","App\Infrastructure\SuperMagic\Utils\PasswordCrypt","class","Infrastructure","ordinary","0"
"vendor/dtyq/super-magic-module/src/Infrastructure/Utils/PasswordHasher.php","Dtyq\SuperMagic\Infrastructure\Utils\PasswordHasher","app/Infrastructure/SuperMagic/Utils/PasswordHasher.php","App\Infrastructure\SuperMagic\Utils\PasswordHasher","class","Infrastructure","ordinary","0"
"vendor/dtyq/super-magic-module/src/Infrastructure/Utils/RelativeFilePathUtil.php","Dtyq\SuperMagic\Infrastructure\Utils\RelativeFilePathUtil","app/Infrastructure/SuperMagic/Utils/RelativeFilePathUtil.php","App\Infrastructure\SuperMagic\Utils\RelativeFilePathUtil","class","Infrastructure","ordinary","0"
"vendor/dtyq/super-magic-module/src/Infrastructure/Utils/ShareCodeGenerator.php","Dtyq\SuperMagic\Infrastructure\Utils\ShareCodeGenerator","app/Infrastructure/SuperMagic/Utils/ShareCodeGenerator.php","App\Infrastructure\SuperMagic\Utils\ShareCodeGenerator","class","Infrastructure","ordinary","0"
"vendor/dtyq/super-magic-module/src/Infrastructure/Utils/ShareUrlBuilder.php","Dtyq\SuperMagic\Infrastructure\Utils\ShareUrlBuilder","app/Infrastructure/SuperMagic/Utils/ShareUrlBuilder.php","App\Infrastructure\SuperMagic\Utils\ShareUrlBuilder","class","Infrastructure","ordinary","0"
"vendor/dtyq/super-magic-module/src/Infrastructure/Utils/SkillProjectConfigUtil.php","Dtyq\SuperMagic\Infrastructure\Utils\SkillProjectConfigUtil","app/Infrastructure/SuperMagic/Utils/SkillProjectConfigUtil.php","App\Infrastructure\SuperMagic\Utils\SkillProjectConfigUtil","class","Infrastructure","ordinary","0"
"vendor/dtyq/super-magic-module/src/Infrastructure/Utils/TaskEventUtil.php","Dtyq\SuperMagic\Infrastructure\Utils\TaskEventUtil","app/Infrastructure/SuperMagic/Utils/TaskEventUtil.php","App\Infrastructure\SuperMagic\Utils\TaskEventUtil","class","Infrastructure","ordinary","0"
"vendor/dtyq/super-magic-module/src/Infrastructure/Utils/TaskStatusValidator.php","Dtyq\SuperMagic\Infrastructure\Utils\TaskStatusValidator","app/Infrastructure/SuperMagic/Utils/TaskStatusValidator.php","App\Infrastructure\SuperMagic\Utils\TaskStatusValidator","class","Infrastructure","ordinary","0"
"vendor/dtyq/super-magic-module/src/Infrastructure/Utils/TaskTerminationUtil.php","Dtyq\SuperMagic\Infrastructure\Utils\TaskTerminationUtil","app/Infrastructure/SuperMagic/Utils/TaskTerminationUtil.php","App\Infrastructure\SuperMagic\Utils\TaskTerminationUtil","class","Infrastructure","ordinary","0"
"vendor/dtyq/super-magic-module/src/Infrastructure/Utils/TempDirectoryCleanupUtil.php","Dtyq\SuperMagic\Infrastructure\Utils\TempDirectoryCleanupUtil","app/Infrastructure/SuperMagic/Utils/TempDirectoryCleanupUtil.php","App\Infrastructure\SuperMagic\Utils\TempDirectoryCleanupUtil","class","Infrastructure","ordinary","0"
"vendor/dtyq/super-magic-module/src/Infrastructure/Utils/TempDirectoryUtil.php","Dtyq\SuperMagic\Infrastructure\Utils\TempDirectoryUtil","app/Infrastructure/SuperMagic/Utils/TempDirectoryUtil.php","App\Infrastructure\SuperMagic\Utils\TempDirectoryUtil","class","Infrastructure","ordinary","0"
"vendor/dtyq/super-magic-module/src/Infrastructure/Utils/TiptapBuilder.php","Dtyq\SuperMagic\Infrastructure\Utils\TiptapBuilder","app/Infrastructure/SuperMagic/Utils/TiptapBuilder.php","App\Infrastructure\SuperMagic\Utils\TiptapBuilder","class","Infrastructure","ordinary","0"
"vendor/dtyq/super-magic-module/src/Infrastructure/Utils/ToolFileIdMatcher.php","Dtyq\SuperMagic\Infrastructure\Utils\ToolFileIdMatcher","app/Infrastructure/SuperMagic/Utils/ToolFileIdMatcher.php","App\Infrastructure\SuperMagic\Utils\ToolFileIdMatcher","class","Infrastructure","ordinary","0"
"vendor/dtyq/super-magic-module/src/Infrastructure/Utils/ToolProcessor.php","Dtyq\SuperMagic\Infrastructure\Utils\ToolProcessor","app/Infrastructure/SuperMagic/Utils/ToolProcessor.php","App\Infrastructure\SuperMagic\Utils\ToolProcessor","class","Infrastructure","ordinary","0"
"vendor/dtyq/super-magic-module/src/Infrastructure/Utils/UnicodeSortUtil.php","Dtyq\SuperMagic\Infrastructure\Utils\UnicodeSortUtil","app/Infrastructure/SuperMagic/Utils/UnicodeSortUtil.php","App\Infrastructure\SuperMagic\Utils\UnicodeSortUtil","class","Infrastructure","ordinary","0"
"vendor/dtyq/super-magic-module/src/Infrastructure/Utils/WorkDirectoryUtil.php","Dtyq\SuperMagic\Infrastructure\Utils\WorkDirectoryUtil","app/Infrastructure/SuperMagic/Utils/WorkDirectoryUtil.php","App\Infrastructure\SuperMagic\Utils\WorkDirectoryUtil","class","Infrastructure","ordinary","0"
"vendor/dtyq/super-magic-module/src/Infrastructure/Utils/WorkFileUtil.php","Dtyq\SuperMagic\Infrastructure\Utils\WorkFileUtil","app/Infrastructure/SuperMagic/Utils/WorkFileUtil.php","App\Infrastructure\SuperMagic\Utils\WorkFileUtil","class","Infrastructure","ordinary","0"
"vendor/dtyq/super-magic-module/src/Interfaces/Agent/Assembler/BuiltinSkillAssembler.php","Dtyq\SuperMagic\Interfaces\Agent\Assembler\BuiltinSkillAssembler","app/Interfaces/SuperMagic/Agent/Assembler/BuiltinSkillAssembler.php","App\Interfaces\SuperMagic\Agent\Assembler\BuiltinSkillAssembler","class","Agent","ordinary","0"
"vendor/dtyq/super-magic-module/src/Interfaces/Agent/Assembler/BuiltinToolAssembler.php","Dtyq\SuperMagic\Interfaces\Agent\Assembler\BuiltinToolAssembler","app/Interfaces/SuperMagic/Agent/Assembler/BuiltinToolAssembler.php","App\Interfaces\SuperMagic\Agent\Assembler\BuiltinToolAssembler","class","Agent","ordinary","0"
"vendor/dtyq/super-magic-module/src/Interfaces/Agent/Assembler/MagicClawAssembler.php","Dtyq\SuperMagic\Interfaces\Agent\Assembler\MagicClawAssembler","app/Interfaces/SuperMagic/Agent/Assembler/MagicClawAssembler.php","App\Interfaces\SuperMagic\Agent\Assembler\MagicClawAssembler","class","Agent","ordinary","0"
"vendor/dtyq/super-magic-module/src/Interfaces/Agent/Assembler/MentionSkillAssembler.php","Dtyq\SuperMagic\Interfaces\Agent\Assembler\MentionSkillAssembler","app/Interfaces/SuperMagic/Agent/Assembler/MentionSkillAssembler.php","App\Interfaces\SuperMagic\Agent\Assembler\MentionSkillAssembler","class","Agent","ordinary","0"
"vendor/dtyq/super-magic-module/src/Interfaces/Agent/Assembler/SuperMagicAgentAssembler.php","Dtyq\SuperMagic\Interfaces\Agent\Assembler\SuperMagicAgentAssembler","app/Interfaces/SuperMagic/Agent/Assembler/SuperMagicAgentAssembler.php","App\Interfaces\SuperMagic\Agent\Assembler\SuperMagicAgentAssembler","class","Agent","ordinary","0"
"vendor/dtyq/super-magic-module/src/Interfaces/Agent/Assembler/SuperMagicAgentMarketAssembler.php","Dtyq\SuperMagic\Interfaces\Agent\Assembler\SuperMagicAgentMarketAssembler","app/Interfaces/SuperMagic/Agent/Assembler/SuperMagicAgentMarketAssembler.php","App\Interfaces\SuperMagic\Agent\Assembler\SuperMagicAgentMarketAssembler","class","Agent","ordinary","0"
"vendor/dtyq/super-magic-module/src/Interfaces/Agent/DTO/BuiltinSkillDTO.php","Dtyq\SuperMagic\Interfaces\Agent\DTO\BuiltinSkillDTO","app/Interfaces/SuperMagic/Agent/DTO/BuiltinSkillDTO.php","App\Interfaces\SuperMagic\Agent\DTO\BuiltinSkillDTO","class","Agent","ordinary","0"
"vendor/dtyq/super-magic-module/src/Interfaces/Agent/DTO/BuiltinToolCategorizedListDTO.php","Dtyq\SuperMagic\Interfaces\Agent\DTO\BuiltinToolCategorizedListDTO","app/Interfaces/SuperMagic/Agent/DTO/BuiltinToolCategorizedListDTO.php","App\Interfaces\SuperMagic\Agent\DTO\BuiltinToolCategorizedListDTO","class","Agent","ordinary","0"
"vendor/dtyq/super-magic-module/src/Interfaces/Agent/DTO/BuiltinToolCategoryDTO.php","Dtyq\SuperMagic\Interfaces\Agent\DTO\BuiltinToolCategoryDTO","app/Interfaces/SuperMagic/Agent/DTO/BuiltinToolCategoryDTO.php","App\Interfaces\SuperMagic\Agent\DTO\BuiltinToolCategoryDTO","class","Agent","ordinary","0"
"vendor/dtyq/super-magic-module/src/Interfaces/Agent/DTO/BuiltinToolDTO.php","Dtyq\SuperMagic\Interfaces\Agent\DTO\BuiltinToolDTO","app/Interfaces/SuperMagic/Agent/DTO/BuiltinToolDTO.php","App\Interfaces\SuperMagic\Agent\DTO\BuiltinToolDTO","class","Agent","ordinary","0"
"vendor/dtyq/super-magic-module/src/Interfaces/Agent/DTO/MentionSkillDTO.php","Dtyq\SuperMagic\Interfaces\Agent\DTO\MentionSkillDTO","app/Interfaces/SuperMagic/Agent/DTO/MentionSkillDTO.php","App\Interfaces\SuperMagic\Agent\DTO\MentionSkillDTO","class","Agent","ordinary","0"
"vendor/dtyq/super-magic-module/src/Interfaces/Agent/DTO/Request/CheckAgentAccessRequestDTO.php","Dtyq\SuperMagic\Interfaces\Agent\DTO\Request\CheckAgentAccessRequestDTO","app/Interfaces/SuperMagic/Agent/DTO/Request/CheckAgentAccessRequestDTO.php","App\Interfaces\SuperMagic\Agent\DTO\Request\CheckAgentAccessRequestDTO","class","Agent","ordinary","0"
"vendor/dtyq/super-magic-module/src/Interfaces/Agent/DTO/Request/CreateAgentCategoryRequestAdminDTO.php","Dtyq\SuperMagic\Interfaces\Agent\DTO\Request\CreateAgentCategoryRequestAdminDTO","app/Interfaces/SuperMagic/Agent/DTO/Request/CreateAgentCategoryRequestAdminDTO.php","App\Interfaces\SuperMagic\Agent\DTO\Request\CreateAgentCategoryRequestAdminDTO","class","Agent","ordinary","0"
"vendor/dtyq/super-magic-module/src/Interfaces/Agent/DTO/Request/CreateAgentRequestDTO.php","Dtyq\SuperMagic\Interfaces\Agent\DTO\Request\CreateAgentRequestDTO","app/Interfaces/SuperMagic/Agent/DTO/Request/CreateAgentRequestDTO.php","App\Interfaces\SuperMagic\Agent\DTO\Request\CreateAgentRequestDTO","class","Agent","ordinary","0"
"vendor/dtyq/super-magic-module/src/Interfaces/Agent/DTO/Request/CreateMagicClawRequestDTO.php","Dtyq\SuperMagic\Interfaces\Agent\DTO\Request\CreateMagicClawRequestDTO","app/Interfaces/SuperMagic/Agent/DTO/Request/CreateMagicClawRequestDTO.php","App\Interfaces\SuperMagic\Agent\DTO\Request\CreateMagicClawRequestDTO","class","Agent","ordinary","0"
"vendor/dtyq/super-magic-module/src/Interfaces/Agent/DTO/Request/CreatePlaybookRequestDTO.php","Dtyq\SuperMagic\Interfaces\Agent\DTO\Request\CreatePlaybookRequestDTO","app/Interfaces/SuperMagic/Agent/DTO/Request/CreatePlaybookRequestDTO.php","App\Interfaces\SuperMagic\Agent\DTO\Request\CreatePlaybookRequestDTO","class","Agent","ordinary","0"
"vendor/dtyq/super-magic-module/src/Interfaces/Agent/DTO/Request/GetMyAvailableAgentsRequestDTO.php","Dtyq\SuperMagic\Interfaces\Agent\DTO\Request\GetMyAvailableAgentsRequestDTO","app/Interfaces/SuperMagic/Agent/DTO/Request/GetMyAvailableAgentsRequestDTO.php","App\Interfaces\SuperMagic\Agent\DTO\Request\GetMyAvailableAgentsRequestDTO","class","Agent","ordinary","0"
"vendor/dtyq/super-magic-module/src/Interfaces/Agent/DTO/Request/PublishAgentRequestDTO.php","Dtyq\SuperMagic\Interfaces\Agent\DTO\Request\PublishAgentRequestDTO","app/Interfaces/SuperMagic/Agent/DTO/Request/PublishAgentRequestDTO.php","App\Interfaces\SuperMagic\Agent\DTO\Request\PublishAgentRequestDTO","class","Agent","ordinary","0"
"vendor/dtyq/super-magic-module/src/Interfaces/Agent/DTO/Request/QueryAgentCategoriesRequestAdminDTO.php","Dtyq\SuperMagic\Interfaces\Agent\DTO\Request\QueryAgentCategoriesRequestAdminDTO","app/Interfaces/SuperMagic/Agent/DTO/Request/QueryAgentCategoriesRequestAdminDTO.php","App\Interfaces\SuperMagic\Agent\DTO\Request\QueryAgentCategoriesRequestAdminDTO","class","Agent","ordinary","0"
"vendor/dtyq/super-magic-module/src/Interfaces/Agent/DTO/Request/QueryAgentListRequestDTO.php","Dtyq\SuperMagic\Interfaces\Agent\DTO\Request\QueryAgentListRequestDTO","app/Interfaces/SuperMagic/Agent/DTO/Request/QueryAgentListRequestDTO.php","App\Interfaces\SuperMagic\Agent\DTO\Request\QueryAgentListRequestDTO","class","Agent","ordinary","0"
"vendor/dtyq/super-magic-module/src/Interfaces/Agent/DTO/Request/QueryAgentMarketsRequestAdminDTO.php","Dtyq\SuperMagic\Interfaces\Agent\DTO\Request\QueryAgentMarketsRequestAdminDTO","app/Interfaces/SuperMagic/Agent/DTO/Request/QueryAgentMarketsRequestAdminDTO.php","App\Interfaces\SuperMagic\Agent\DTO\Request\QueryAgentMarketsRequestAdminDTO","class","Agent","ordinary","0"
"vendor/dtyq/super-magic-module/src/Interfaces/Agent/DTO/Request/QueryAgentMarketsRequestDTO.php","Dtyq\SuperMagic\Interfaces\Agent\DTO\Request\QueryAgentMarketsRequestDTO","app/Interfaces/SuperMagic/Agent/DTO/Request/QueryAgentMarketsRequestDTO.php","App\Interfaces\SuperMagic\Agent\DTO\Request\QueryAgentMarketsRequestDTO","class","Agent","ordinary","0"
"vendor/dtyq/super-magic-module/src/Interfaces/Agent/DTO/Request/QueryAgentVersionsRequestAdminDTO.php","Dtyq\SuperMagic\Interfaces\Agent\DTO\Request\QueryAgentVersionsRequestAdminDTO","app/Interfaces/SuperMagic/Agent/DTO/Request/QueryAgentVersionsRequestAdminDTO.php","App\Interfaces\SuperMagic\Agent\DTO\Request\QueryAgentVersionsRequestAdminDTO","class","Agent","ordinary","0"
"vendor/dtyq/super-magic-module/src/Interfaces/Agent/DTO/Request/QueryAgentVersionsRequestDTO.php","Dtyq\SuperMagic\Interfaces\Agent\DTO\Request\QueryAgentVersionsRequestDTO","app/Interfaces/SuperMagic/Agent/DTO/Request/QueryAgentVersionsRequestDTO.php","App\Interfaces\SuperMagic\Agent\DTO\Request\QueryAgentVersionsRequestDTO","class","Agent","ordinary","0"
"vendor/dtyq/super-magic-module/src/Interfaces/Agent/DTO/Request/QueryAgentsRequestDTO.php","Dtyq\SuperMagic\Interfaces\Agent\DTO\Request\QueryAgentsRequestDTO","app/Interfaces/SuperMagic/Agent/DTO/Request/QueryAgentsRequestDTO.php","App\Interfaces\SuperMagic\Agent\DTO\Request\QueryAgentsRequestDTO","class","Agent","ordinary","0"
"vendor/dtyq/super-magic-module/src/Interfaces/Agent/DTO/Request/QueryMagicClawListRequestDTO.php","Dtyq\SuperMagic\Interfaces\Agent\DTO\Request\QueryMagicClawListRequestDTO","app/Interfaces/SuperMagic/Agent/DTO/Request/QueryMagicClawListRequestDTO.php","App\Interfaces\SuperMagic\Agent\DTO\Request\QueryMagicClawListRequestDTO","class","Agent","ordinary","0"
"vendor/dtyq/super-magic-module/src/Interfaces/Agent/DTO/Request/ReorderPlaybooksRequestDTO.php","Dtyq\SuperMagic\Interfaces\Agent\DTO\Request\ReorderPlaybooksRequestDTO","app/Interfaces/SuperMagic/Agent/DTO/Request/ReorderPlaybooksRequestDTO.php","App\Interfaces\SuperMagic\Agent\DTO\Request\ReorderPlaybooksRequestDTO","class","Agent","ordinary","0"
"vendor/dtyq/super-magic-module/src/Interfaces/Agent/DTO/Request/ReviewAgentVersionRequestDTO.php","Dtyq\SuperMagic\Interfaces\Agent\DTO\Request\ReviewAgentVersionRequestDTO","app/Interfaces/SuperMagic/Agent/DTO/Request/ReviewAgentVersionRequestDTO.php","App\Interfaces\SuperMagic\Agent\DTO\Request\ReviewAgentVersionRequestDTO","class","Agent","ordinary","0"
"vendor/dtyq/super-magic-module/src/Interfaces/Agent/DTO/Request/ReviewOrganizationAgentVersionRequestDTO.php","Dtyq\SuperMagic\Interfaces\Agent\DTO\Request\ReviewOrganizationAgentVersionRequestDTO","app/Interfaces/SuperMagic/Agent/DTO/Request/ReviewOrganizationAgentVersionRequestDTO.php","App\Interfaces\SuperMagic\Agent\DTO\Request\ReviewOrganizationAgentVersionRequestDTO","class","Agent","ordinary","0"
"vendor/dtyq/super-magic-module/src/Interfaces/Agent/DTO/Request/UpdateAgentCategoryRequestAdminDTO.php","Dtyq\SuperMagic\Interfaces\Agent\DTO\Request\UpdateAgentCategoryRequestAdminDTO","app/Interfaces/SuperMagic/Agent/DTO/Request/UpdateAgentCategoryRequestAdminDTO.php","App\Interfaces\SuperMagic\Agent\DTO\Request\UpdateAgentCategoryRequestAdminDTO","class","Agent","ordinary","0"
"vendor/dtyq/super-magic-module/src/Interfaces/Agent/DTO/Request/UpdateAgentInfoRequestDTO.php","Dtyq\SuperMagic\Interfaces\Agent\DTO\Request\UpdateAgentInfoRequestDTO","app/Interfaces/SuperMagic/Agent/DTO/Request/UpdateAgentInfoRequestDTO.php","App\Interfaces\SuperMagic\Agent\DTO\Request\UpdateAgentInfoRequestDTO","class","Agent","ordinary","0"
"vendor/dtyq/super-magic-module/src/Interfaces/Agent/DTO/Request/UpdateAgentMarketCategoryRequestAdminDTO.php","Dtyq\SuperMagic\Interfaces\Agent\DTO\Request\UpdateAgentMarketCategoryRequestAdminDTO","app/Interfaces/SuperMagic/Agent/DTO/Request/UpdateAgentMarketCategoryRequestAdminDTO.php","App\Interfaces\SuperMagic\Agent\DTO\Request\UpdateAgentMarketCategoryRequestAdminDTO","class","Agent","ordinary","0"
"vendor/dtyq/super-magic-module/src/Interfaces/Agent/DTO/Request/UpdateAgentMarketRequestAdminDTO.php","Dtyq\SuperMagic\Interfaces\Agent\DTO\Request\UpdateAgentMarketRequestAdminDTO","app/Interfaces/SuperMagic/Agent/DTO/Request/UpdateAgentMarketRequestAdminDTO.php","App\Interfaces\SuperMagic\Agent\DTO\Request\UpdateAgentMarketRequestAdminDTO","class","Agent","ordinary","0"
"vendor/dtyq/super-magic-module/src/Interfaces/Agent/DTO/Request/UpdateAgentMarketSortOrderRequestAdminDTO.php","Dtyq\SuperMagic\Interfaces\Agent\DTO\Request\UpdateAgentMarketSortOrderRequestAdminDTO","app/Interfaces/SuperMagic/Agent/DTO/Request/UpdateAgentMarketSortOrderRequestAdminDTO.php","App\Interfaces\SuperMagic\Agent\DTO\Request\UpdateAgentMarketSortOrderRequestAdminDTO","class","Agent","ordinary","0"
"vendor/dtyq/super-magic-module/src/Interfaces/Agent/DTO/Request/UpdateMagicClawRequestDTO.php","Dtyq\SuperMagic\Interfaces\Agent\DTO\Request\UpdateMagicClawRequestDTO","app/Interfaces/SuperMagic/Agent/DTO/Request/UpdateMagicClawRequestDTO.php","App\Interfaces\SuperMagic\Agent\DTO\Request\UpdateMagicClawRequestDTO","class","Agent","ordinary","0"
"vendor/dtyq/super-magic-module/src/Interfaces/Agent/DTO/Request/UpdatePlaybookRequestDTO.php","Dtyq\SuperMagic\Interfaces\Agent\DTO\Request\UpdatePlaybookRequestDTO","app/Interfaces/SuperMagic/Agent/DTO/Request/UpdatePlaybookRequestDTO.php","App\Interfaces\SuperMagic\Agent\DTO\Request\UpdatePlaybookRequestDTO","class","Agent","ordinary","0"
"vendor/dtyq/super-magic-module/src/Interfaces/Agent/DTO/Response/AgentListItemDTO.php","Dtyq\SuperMagic\Interfaces\Agent\DTO\Response\AgentListItemDTO","app/Interfaces/SuperMagic/Agent/DTO/Response/AgentListItemDTO.php","App\Interfaces\SuperMagic\Agent\DTO\Response\AgentListItemDTO","class","Agent","ordinary","0"
"vendor/dtyq/super-magic-module/src/Interfaces/Agent/DTO/Response/AgentMarketListItemAdminDTO.php","Dtyq\SuperMagic\Interfaces\Agent\DTO\Response\AgentMarketListItemAdminDTO","app/Interfaces/SuperMagic/Agent/DTO/Response/AgentMarketListItemAdminDTO.php","App\Interfaces\SuperMagic\Agent\DTO\Response\AgentMarketListItemAdminDTO","class","Agent","ordinary","0"
"vendor/dtyq/super-magic-module/src/Interfaces/Agent/DTO/Response/AgentMarketListItemDTO.php","Dtyq\SuperMagic\Interfaces\Agent\DTO\Response\AgentMarketListItemDTO","app/Interfaces/SuperMagic/Agent/DTO/Response/AgentMarketListItemDTO.php","App\Interfaces\SuperMagic\Agent\DTO\Response\AgentMarketListItemDTO","class","Agent","ordinary","0"
"vendor/dtyq/super-magic-module/src/Interfaces/Agent/DTO/Response/AgentPublishPrefillResponseDTO.php","Dtyq\SuperMagic\Interfaces\Agent\DTO\Response\AgentPublishPrefillResponseDTO","app/Interfaces/SuperMagic/Agent/DTO/Response/AgentPublishPrefillResponseDTO.php","App\Interfaces\SuperMagic\Agent\DTO\Response\AgentPublishPrefillResponseDTO","class","Agent","ordinary","0"
"vendor/dtyq/super-magic-module/src/Interfaces/Agent/DTO/Response/AgentVersionListItemAdminDTO.php","Dtyq\SuperMagic\Interfaces\Agent\DTO\Response\AgentVersionListItemAdminDTO","app/Interfaces/SuperMagic/Agent/DTO/Response/AgentVersionListItemAdminDTO.php","App\Interfaces\SuperMagic\Agent\DTO\Response\AgentVersionListItemAdminDTO","class","Agent","ordinary","0"
"vendor/dtyq/super-magic-module/src/Interfaces/Agent/DTO/Response/AgentVersionListItemDTO.php","Dtyq\SuperMagic\Interfaces\Agent\DTO\Response\AgentVersionListItemDTO","app/Interfaces/SuperMagic/Agent/DTO/Response/AgentVersionListItemDTO.php","App\Interfaces\SuperMagic\Agent\DTO\Response\AgentVersionListItemDTO","class","Agent","ordinary","0"
"vendor/dtyq/super-magic-module/src/Interfaces/Agent/DTO/Response/CategoryInfoDTO.php","Dtyq\SuperMagic\Interfaces\Agent\DTO\Response\CategoryInfoDTO","app/Interfaces/SuperMagic/Agent/DTO/Response/CategoryInfoDTO.php","App\Interfaces\SuperMagic\Agent\DTO\Response\CategoryInfoDTO","class","Agent","ordinary","0"
"vendor/dtyq/super-magic-module/src/Interfaces/Agent/DTO/Response/CategoryListItemDTO.php","Dtyq\SuperMagic\Interfaces\Agent\DTO\Response\CategoryListItemDTO","app/Interfaces/SuperMagic/Agent/DTO/Response/CategoryListItemDTO.php","App\Interfaces\SuperMagic\Agent\DTO\Response\CategoryListItemDTO","class","Agent","ordinary","0"
"vendor/dtyq/super-magic-module/src/Interfaces/Agent/DTO/Response/GetAgentDetailResponseDTO.php","Dtyq\SuperMagic\Interfaces\Agent\DTO\Response\GetAgentDetailResponseDTO","app/Interfaces/SuperMagic/Agent/DTO/Response/GetAgentDetailResponseDTO.php","App\Interfaces\SuperMagic\Agent\DTO\Response\GetAgentDetailResponseDTO","class","Agent","ordinary","0"
"vendor/dtyq/super-magic-module/src/Interfaces/Agent/DTO/Response/GetAgentMarketDetailResponseDTO.php","Dtyq\SuperMagic\Interfaces\Agent\DTO\Response\GetAgentMarketDetailResponseDTO","app/Interfaces/SuperMagic/Agent/DTO/Response/GetAgentMarketDetailResponseDTO.php","App\Interfaces\SuperMagic\Agent\DTO\Response\GetAgentMarketDetailResponseDTO","class","Agent","ordinary","0"
"vendor/dtyq/super-magic-module/src/Interfaces/Agent/DTO/Response/GetEmployeeDetailResponseDTO.php","Dtyq\SuperMagic\Interfaces\Agent\DTO\Response\GetEmployeeDetailResponseDTO","app/Interfaces/SuperMagic/Agent/DTO/Response/GetEmployeeDetailResponseDTO.php","App\Interfaces\SuperMagic\Agent\DTO\Response\GetEmployeeDetailResponseDTO","class","Agent","ordinary","0"
"vendor/dtyq/super-magic-module/src/Interfaces/Agent/DTO/Response/PlaybookListItemDTO.php","Dtyq\SuperMagic\Interfaces\Agent\DTO\Response\PlaybookListItemDTO","app/Interfaces/SuperMagic/Agent/DTO/Response/PlaybookListItemDTO.php","App\Interfaces\SuperMagic\Agent\DTO\Response\PlaybookListItemDTO","class","Agent","ordinary","0"
"vendor/dtyq/super-magic-module/src/Interfaces/Agent/DTO/Response/PublishAgentVersionResponseDTO.php","Dtyq\SuperMagic\Interfaces\Agent\DTO\Response\PublishAgentVersionResponseDTO","app/Interfaces/SuperMagic/Agent/DTO/Response/PublishAgentVersionResponseDTO.php","App\Interfaces\SuperMagic\Agent\DTO\Response\PublishAgentVersionResponseDTO","class","Agent","ordinary","0"
"vendor/dtyq/super-magic-module/src/Interfaces/Agent/DTO/Response/QueryAgentMarketsResponseAdminDTO.php","Dtyq\SuperMagic\Interfaces\Agent\DTO\Response\QueryAgentMarketsResponseAdminDTO","app/Interfaces/SuperMagic/Agent/DTO/Response/QueryAgentMarketsResponseAdminDTO.php","App\Interfaces\SuperMagic\Agent\DTO\Response\QueryAgentMarketsResponseAdminDTO","class","Agent","ordinary","0"
"vendor/dtyq/super-magic-module/src/Interfaces/Agent/DTO/Response/QueryAgentMarketsResponseDTO.php","Dtyq\SuperMagic\Interfaces\Agent\DTO\Response\QueryAgentMarketsResponseDTO","app/Interfaces/SuperMagic/Agent/DTO/Response/QueryAgentMarketsResponseDTO.php","App\Interfaces\SuperMagic\Agent\DTO\Response\QueryAgentMarketsResponseDTO","class","Agent","ordinary","0"
"vendor/dtyq/super-magic-module/src/Interfaces/Agent/DTO/Response/QueryAgentVersionsResponseAdminDTO.php","Dtyq\SuperMagic\Interfaces\Agent\DTO\Response\QueryAgentVersionsResponseAdminDTO","app/Interfaces/SuperMagic/Agent/DTO/Response/QueryAgentVersionsResponseAdminDTO.php","App\Interfaces\SuperMagic\Agent\DTO\Response\QueryAgentVersionsResponseAdminDTO","class","Agent","ordinary","0"
"vendor/dtyq/super-magic-module/src/Interfaces/Agent/DTO/Response/QueryAgentVersionsResponseDTO.php","Dtyq\SuperMagic\Interfaces\Agent\DTO\Response\QueryAgentVersionsResponseDTO","app/Interfaces/SuperMagic/Agent/DTO/Response/QueryAgentVersionsResponseDTO.php","App\Interfaces\SuperMagic\Agent\DTO\Response\QueryAgentVersionsResponseDTO","class","Agent","ordinary","0"
"vendor/dtyq/super-magic-module/src/Interfaces/Agent/DTO/Response/QueryAgentsResponseDTO.php","Dtyq\SuperMagic\Interfaces\Agent\DTO\Response\QueryAgentsResponseDTO","app/Interfaces/SuperMagic/Agent/DTO/Response/QueryAgentsResponseDTO.php","App\Interfaces\SuperMagic\Agent\DTO\Response\QueryAgentsResponseDTO","class","Agent","ordinary","0"
"vendor/dtyq/super-magic-module/src/Interfaces/Agent/DTO/Response/SandboxStatusResponseDTO.php","Dtyq\SuperMagic\Interfaces\Agent\DTO\Response\SandboxStatusResponseDTO","app/Interfaces/SuperMagic/Agent/DTO/Response/SandboxStatusResponseDTO.php","App\Interfaces\SuperMagic\Agent\DTO\Response\SandboxStatusResponseDTO","class","Agent","ordinary","0"
"vendor/dtyq/super-magic-module/src/Interfaces/Agent/DTO/SuperMagicAgentCategorizedListDTO.php","Dtyq\SuperMagic\Interfaces\Agent\DTO\SuperMagicAgentCategorizedListDTO","app/Interfaces/SuperMagic/Agent/DTO/SuperMagicAgentCategorizedListDTO.php","App\Interfaces\SuperMagic\Agent\DTO\SuperMagicAgentCategorizedListDTO","class","Agent","ordinary","0"
"vendor/dtyq/super-magic-module/src/Interfaces/Agent/DTO/SuperMagicAgentDTO.php","Dtyq\SuperMagic\Interfaces\Agent\DTO\SuperMagicAgentDTO","app/Interfaces/SuperMagic/Agent/DTO/SuperMagicAgentDTO.php","App\Interfaces\SuperMagic\Agent\DTO\SuperMagicAgentDTO","class","Agent","ordinary","0"
"vendor/dtyq/super-magic-module/src/Interfaces/Agent/DTO/SuperMagicAgentListDTO.php","Dtyq\SuperMagic\Interfaces\Agent\DTO\SuperMagicAgentListDTO","app/Interfaces/SuperMagic/Agent/DTO/SuperMagicAgentListDTO.php","App\Interfaces\SuperMagic\Agent\DTO\SuperMagicAgentListDTO","class","Agent","ordinary","0"
"vendor/dtyq/super-magic-module/src/Interfaces/Agent/Facade/AbstractSuperMagicApi.php","Dtyq\SuperMagic\Interfaces\Agent\Facade\AbstractSuperMagicApi","app/Interfaces/SuperMagic/Agent/Facade/AbstractSuperMagicApi.php","App\Interfaces\SuperMagic\Agent\Facade\AbstractSuperMagicApi","class","Agent","RouteHandler","0"
"vendor/dtyq/super-magic-module/src/Interfaces/Agent/Facade/Admin/AbstractSuperMagicAdminApi.php","Dtyq\SuperMagic\Interfaces\Agent\Facade\Admin\AbstractSuperMagicAdminApi","app/Interfaces/Admin/SuperMagic/Agent/AbstractSuperMagicAdminApi.php","App\Interfaces\Admin\SuperMagic\Agent\AbstractSuperMagicAdminApi","class","Agent","RouteHandler","0"
"vendor/dtyq/super-magic-module/src/Interfaces/Agent/Facade/Admin/AdminSuperMagicAgentApi.php","Dtyq\SuperMagic\Interfaces\Agent\Facade\Admin\AdminSuperMagicAgentApi","app/Interfaces/Admin/SuperMagic/Agent/AdminSuperMagicAgentApi.php","App\Interfaces\Admin\SuperMagic\Agent\AdminSuperMagicAgentApi","class","Agent","RouteHandler","0"
"vendor/dtyq/super-magic-module/src/Interfaces/Agent/Facade/Admin/AdminSuperMagicCategoryApi.php","Dtyq\SuperMagic\Interfaces\Agent\Facade\Admin\AdminSuperMagicCategoryApi","app/Interfaces/Admin/SuperMagic/Agent/AdminSuperMagicCategoryApi.php","App\Interfaces\Admin\SuperMagic\Agent\AdminSuperMagicCategoryApi","class","Agent","RouteHandler","0"
"vendor/dtyq/super-magic-module/src/Interfaces/Agent/Facade/Admin/OrganizationAdminSuperMagicAgentApi.php","Dtyq\SuperMagic\Interfaces\Agent\Facade\Admin\OrganizationAdminSuperMagicAgentApi","app/Interfaces/Admin/SuperMagic/Agent/OrganizationAdminSuperMagicAgentApi.php","App\Interfaces\Admin\SuperMagic\Agent\OrganizationAdminSuperMagicAgentApi","class","Agent","RouteHandler","0"
"vendor/dtyq/super-magic-module/src/Interfaces/Agent/Facade/MagicClawApi.php","Dtyq\SuperMagic\Interfaces\Agent\Facade\MagicClawApi","app/Interfaces/SuperMagic/Agent/Facade/MagicClawApi.php","App\Interfaces\SuperMagic\Agent\Facade\MagicClawApi","class","Agent","RouteHandler","0"
"vendor/dtyq/super-magic-module/src/Interfaces/Agent/Facade/Old/SuperMagicAgentOldApi.php","Dtyq\SuperMagic\Interfaces\Agent\Facade\Old\SuperMagicAgentOldApi","app/Interfaces/SuperMagic/Agent/Facade/Old/SuperMagicAgentOldApi.php","App\Interfaces\SuperMagic\Agent\Facade\Old\SuperMagicAgentOldApi","class","Agent","RouteHandler","0"
"vendor/dtyq/super-magic-module/src/Interfaces/Agent/Facade/OpenApi/OpenSuperMagicAgentApi.php","Dtyq\SuperMagic\Interfaces\Agent\Facade\OpenApi\OpenSuperMagicAgentApi","app/Interfaces/SuperMagic/Agent/Facade/OpenApi/OpenSuperMagicAgentApi.php","App\Interfaces\SuperMagic\Agent\Facade\OpenApi\OpenSuperMagicAgentApi","class","Agent","RouteHandler","0"
"vendor/dtyq/super-magic-module/src/Interfaces/Agent/Facade/Sandbox/AbstractSuperMagicSandboxApi.php","Dtyq\SuperMagic\Interfaces\Agent\Facade\Sandbox\AbstractSuperMagicSandboxApi","app/Interfaces/SuperMagic/Agent/Facade/Sandbox/AbstractSuperMagicSandboxApi.php","App\Interfaces\SuperMagic\Agent\Facade\Sandbox\AbstractSuperMagicSandboxApi","class","Agent","RouteHandler","0"
"vendor/dtyq/super-magic-module/src/Interfaces/Agent/Facade/Sandbox/SkillSandboxApi.php","Dtyq\SuperMagic\Interfaces\Agent\Facade\Sandbox\SkillSandboxApi","app/Interfaces/SuperMagic/Agent/Facade/Sandbox/SkillSandboxApi.php","App\Interfaces\SuperMagic\Agent\Facade\Sandbox\SkillSandboxApi","class","Agent","RouteHandler","0"
"vendor/dtyq/super-magic-module/src/Interfaces/Agent/Facade/Sandbox/SuperMagicAgentSandboxApi.php","Dtyq\SuperMagic\Interfaces\Agent\Facade\Sandbox\SuperMagicAgentSandboxApi","app/Interfaces/SuperMagic/Agent/Facade/Sandbox/SuperMagicAgentSandboxApi.php","App\Interfaces\SuperMagic\Agent\Facade\Sandbox\SuperMagicAgentSandboxApi","class","Agent","RouteHandler","0"
"vendor/dtyq/super-magic-module/src/Interfaces/Agent/Facade/SuperMagicAgentApi.php","Dtyq\SuperMagic\Interfaces\Agent\Facade\SuperMagicAgentApi","app/Interfaces/SuperMagic/Agent/Facade/SuperMagicAgentApi.php","App\Interfaces\SuperMagic\Agent\Facade\SuperMagicAgentApi","class","Agent","RouteHandler","0"
"vendor/dtyq/super-magic-module/src/Interfaces/Agent/Facade/SuperMagicAgentCollaboratorApi.php","Dtyq\SuperMagic\Interfaces\Agent\Facade\SuperMagicAgentCollaboratorApi","app/Interfaces/SuperMagic/Agent/Facade/SuperMagicAgentCollaboratorApi.php","App\Interfaces\SuperMagic\Agent\Facade\SuperMagicAgentCollaboratorApi","class","Agent","RouteHandler","0"
"vendor/dtyq/super-magic-module/src/Interfaces/Agent/Facade/SuperMagicAgentMarketApi.php","Dtyq\SuperMagic\Interfaces\Agent\Facade\SuperMagicAgentMarketApi","app/Interfaces/SuperMagic/Agent/Facade/SuperMagicAgentMarketApi.php","App\Interfaces\SuperMagic\Agent\Facade\SuperMagicAgentMarketApi","class","Agent","RouteHandler","0"
"vendor/dtyq/super-magic-module/src/Interfaces/Agent/Facade/SuperMagicAgentPlaybookApi.php","Dtyq\SuperMagic\Interfaces\Agent\Facade\SuperMagicAgentPlaybookApi","app/Interfaces/SuperMagic/Agent/Facade/SuperMagicAgentPlaybookApi.php","App\Interfaces\SuperMagic\Agent\Facade\SuperMagicAgentPlaybookApi","class","Agent","RouteHandler","0"
"vendor/dtyq/super-magic-module/src/Interfaces/Agent/FormRequest/SuperMagicAgentAiOptimizeFormRequest.php","Dtyq\SuperMagic\Interfaces\Agent\FormRequest\SuperMagicAgentAiOptimizeFormRequest","app/Interfaces/SuperMagic/Agent/FormRequest/SuperMagicAgentAiOptimizeFormRequest.php","App\Interfaces\SuperMagic\Agent\FormRequest\SuperMagicAgentAiOptimizeFormRequest","class","Agent","ordinary","0"
"vendor/dtyq/super-magic-module/src/Interfaces/Agent/FormRequest/SuperMagicAgentOrderFormRequest.php","Dtyq\SuperMagic\Interfaces\Agent\FormRequest\SuperMagicAgentOrderFormRequest","app/Interfaces/SuperMagic/Agent/FormRequest/SuperMagicAgentOrderFormRequest.php","App\Interfaces\SuperMagic\Agent\FormRequest\SuperMagicAgentOrderFormRequest","class","Agent","ordinary","0"
"vendor/dtyq/super-magic-module/src/Interfaces/Agent/FormRequest/SuperMagicAgentQueryFormRequest.php","Dtyq\SuperMagic\Interfaces\Agent\FormRequest\SuperMagicAgentQueryFormRequest","app/Interfaces/SuperMagic/Agent/FormRequest/SuperMagicAgentQueryFormRequest.php","App\Interfaces\SuperMagic\Agent\FormRequest\SuperMagicAgentQueryFormRequest","class","Agent","ordinary","0"
"vendor/dtyq/super-magic-module/src/Interfaces/Agent/FormRequest/SuperMagicAgentSaveFormRequest.php","Dtyq\SuperMagic\Interfaces\Agent\FormRequest\SuperMagicAgentSaveFormRequest","app/Interfaces/SuperMagic/Agent/FormRequest/SuperMagicAgentSaveFormRequest.php","App\Interfaces\SuperMagic\Agent\FormRequest\SuperMagicAgentSaveFormRequest","class","Agent","ordinary","0"
"vendor/dtyq/super-magic-module/src/Interfaces/Common/DTO/Request/BatchGenerateIdRequestDTO.php","Dtyq\SuperMagic\Interfaces\Common\DTO\Request\BatchGenerateIdRequestDTO","app/Interfaces/SuperMagic/Common/DTO/Request/BatchGenerateIdRequestDTO.php","App\Interfaces\SuperMagic\Common\DTO\Request\BatchGenerateIdRequestDTO","class","Common","ordinary","0"
"vendor/dtyq/super-magic-module/src/Interfaces/Common/DTO/Response/BatchGenerateIdResponseDTO.php","Dtyq\SuperMagic\Interfaces\Common\DTO\Response\BatchGenerateIdResponseDTO","app/Interfaces/SuperMagic/Common/DTO/Response/BatchGenerateIdResponseDTO.php","App\Interfaces\SuperMagic\Common\DTO\Response\BatchGenerateIdResponseDTO","class","Common","ordinary","0"
"vendor/dtyq/super-magic-module/src/Interfaces/Common/Facade/AbstractApi.php","Dtyq\SuperMagic\Interfaces\Common\Facade\AbstractApi","app/Interfaces/SuperMagic/Common/Facade/AbstractApi.php","App\Interfaces\SuperMagic\Common\Facade\AbstractApi","class","Common","RouteHandler","0"
"vendor/dtyq/super-magic-module/src/Interfaces/Common/Facade/CommonApi.php","Dtyq\SuperMagic\Interfaces\Common\Facade\CommonApi","app/Interfaces/SuperMagic/Common/Facade/CommonApi.php","App\Interfaces\SuperMagic\Common\Facade\CommonApi","class","Common","RouteHandler","0"
"vendor/dtyq/super-magic-module/src/Interfaces/MagicFS/DTO/Request/CreateFileRequestDTO.php","Dtyq\SuperMagic\Interfaces\MagicFS\DTO\Request\CreateFileRequestDTO","app/Interfaces/SuperMagic/File/MagicFS/DTO/Request/CreateFileRequestDTO.php","App\Interfaces\SuperMagic\File\MagicFS\DTO\Request\CreateFileRequestDTO","class","File","ordinary","0"
"vendor/dtyq/super-magic-module/src/Interfaces/MagicFS/DTO/Request/GetFileTreeRequestDTO.php","Dtyq\SuperMagic\Interfaces\MagicFS\DTO\Request\GetFileTreeRequestDTO","app/Interfaces/SuperMagic/File/MagicFS/DTO/Request/GetFileTreeRequestDTO.php","App\Interfaces\SuperMagic\File\MagicFS\DTO\Request\GetFileTreeRequestDTO","class","File","ordinary","0"
"vendor/dtyq/super-magic-module/src/Interfaces/MagicFS/DTO/Request/GetFileVersionsRequestDTO.php","Dtyq\SuperMagic\Interfaces\MagicFS\DTO\Request\GetFileVersionsRequestDTO","app/Interfaces/SuperMagic/File/MagicFS/DTO/Request/GetFileVersionsRequestDTO.php","App\Interfaces\SuperMagic\File\MagicFS\DTO\Request\GetFileVersionsRequestDTO","class","File","ordinary","0"
"vendor/dtyq/super-magic-module/src/Interfaces/MagicFS/DTO/Request/ListFilesRequestDTO.php","Dtyq\SuperMagic\Interfaces\MagicFS\DTO\Request\ListFilesRequestDTO","app/Interfaces/SuperMagic/File/MagicFS/DTO/Request/ListFilesRequestDTO.php","App\Interfaces\SuperMagic\File\MagicFS\DTO\Request\ListFilesRequestDTO","class","File","ordinary","0"
"vendor/dtyq/super-magic-module/src/Interfaces/MagicFS/DTO/Request/UpdateFileRequestDTO.php","Dtyq\SuperMagic\Interfaces\MagicFS\DTO\Request\UpdateFileRequestDTO","app/Interfaces/SuperMagic/File/MagicFS/DTO/Request/UpdateFileRequestDTO.php","App\Interfaces\SuperMagic\File\MagicFS\DTO\Request\UpdateFileRequestDTO","class","File","ordinary","0"
"vendor/dtyq/super-magic-module/src/Interfaces/MagicFS/DTO/Response/FileInfoResponseDTO.php","Dtyq\SuperMagic\Interfaces\MagicFS\DTO\Response\FileInfoResponseDTO","app/Interfaces/SuperMagic/File/MagicFS/DTO/Response/FileInfoResponseDTO.php","App\Interfaces\SuperMagic\File\MagicFS\DTO\Response\FileInfoResponseDTO","class","File","ordinary","0"
"vendor/dtyq/super-magic-module/src/Interfaces/MagicFS/DTO/Response/FileVersionResponseDTO.php","Dtyq\SuperMagic\Interfaces\MagicFS\DTO\Response\FileVersionResponseDTO","app/Interfaces/SuperMagic/File/MagicFS/DTO/Response/FileVersionResponseDTO.php","App\Interfaces\SuperMagic\File\MagicFS\DTO\Response\FileVersionResponseDTO","class","File","ordinary","0"
"vendor/dtyq/super-magic-module/src/Interfaces/MagicFS/DTO/Response/FileVersionsResponseDTO.php","Dtyq\SuperMagic\Interfaces\MagicFS\DTO\Response\FileVersionsResponseDTO","app/Interfaces/SuperMagic/File/MagicFS/DTO/Response/FileVersionsResponseDTO.php","App\Interfaces\SuperMagic\File\MagicFS\DTO\Response\FileVersionsResponseDTO","class","File","ordinary","0"
"vendor/dtyq/super-magic-module/src/Interfaces/MagicFS/DTO/Response/ListFilesResponseDTO.php","Dtyq\SuperMagic\Interfaces\MagicFS\DTO\Response\ListFilesResponseDTO","app/Interfaces/SuperMagic/File/MagicFS/DTO/Response/ListFilesResponseDTO.php","App\Interfaces\SuperMagic\File\MagicFS\DTO\Response\ListFilesResponseDTO","class","File","ordinary","0"
"vendor/dtyq/super-magic-module/src/Interfaces/MagicFS/DTO/Response/MagicFSFileDTO.php","Dtyq\SuperMagic\Interfaces\MagicFS\DTO\Response\MagicFSFileDTO","app/Interfaces/SuperMagic/File/MagicFS/DTO/Response/MagicFSFileDTO.php","App\Interfaces\SuperMagic\File\MagicFS\DTO\Response\MagicFSFileDTO","class","File","ordinary","0"
"vendor/dtyq/super-magic-module/src/Interfaces/MagicFS/DTO/Response/S3InfoDTO.php","Dtyq\SuperMagic\Interfaces\MagicFS\DTO\Response\S3InfoDTO","app/Interfaces/SuperMagic/File/MagicFS/DTO/Response/S3InfoDTO.php","App\Interfaces\SuperMagic\File\MagicFS\DTO\Response\S3InfoDTO","class","File","ordinary","0"
"vendor/dtyq/super-magic-module/src/Interfaces/MagicFS/Facade/MagicFSApi.php","Dtyq\SuperMagic\Interfaces\MagicFS\Facade\MagicFSApi","app/Interfaces/SuperMagic/File/MagicFS/Facade/MagicFSApi.php","App\Interfaces\SuperMagic\File\MagicFS\Facade\MagicFSApi","class","File","RouteHandler","0"
"vendor/dtyq/super-magic-module/src/Interfaces/RecycleBin/RecycleBinApi.php","Dtyq\SuperMagic\Interfaces\RecycleBin\RecycleBinApi","app/Interfaces/SuperMagic/Common/RecycleBin/RecycleBinApi.php","App\Interfaces\SuperMagic\Common\RecycleBin\RecycleBinApi","class","Common","RouteHandler","0"
"vendor/dtyq/super-magic-module/src/Interfaces/Share/Assembler/ShareAssembler.php","Dtyq\SuperMagic\Interfaces\Share\Assembler\ShareAssembler","app/Interfaces/SuperMagic/Common/Share/Assembler/ShareAssembler.php","App\Interfaces\SuperMagic\Common\Share\Assembler\ShareAssembler","class","Common","ordinary","0"
"vendor/dtyq/super-magic-module/src/Interfaces/Share/DTO/Request/BatchCancelShareRequestDTO.php","Dtyq\SuperMagic\Interfaces\Share\DTO\Request\BatchCancelShareRequestDTO","app/Interfaces/SuperMagic/Common/Share/DTO/Request/BatchCancelShareRequestDTO.php","App\Interfaces\SuperMagic\Common\Share\DTO\Request\BatchCancelShareRequestDTO","class","Common","ordinary","0"
"vendor/dtyq/super-magic-module/src/Interfaces/Share/DTO/Request/BatchCopySharedFilesRequestDTO.php","Dtyq\SuperMagic\Interfaces\Share\DTO\Request\BatchCopySharedFilesRequestDTO","app/Interfaces/SuperMagic/Common/Share/DTO/Request/BatchCopySharedFilesRequestDTO.php","App\Interfaces\SuperMagic\Common\Share\DTO\Request\BatchCopySharedFilesRequestDTO","class","Common","ordinary","0"
"vendor/dtyq/super-magic-module/src/Interfaces/Share/DTO/Request/CopyResourceFilesRequestDTO.php","Dtyq\SuperMagic\Interfaces\Share\DTO\Request\CopyResourceFilesRequestDTO","app/Interfaces/SuperMagic/Common/Share/DTO/Request/CopyResourceFilesRequestDTO.php","App\Interfaces\SuperMagic\Common\Share\DTO\Request\CopyResourceFilesRequestDTO","class","Common","ordinary","0"
"vendor/dtyq/super-magic-module/src/Interfaces/Share/DTO/Request/CreateShareRequestDTO.php","Dtyq\SuperMagic\Interfaces\Share\DTO\Request\CreateShareRequestDTO","app/Interfaces/SuperMagic/Common/Share/DTO/Request/CreateShareRequestDTO.php","App\Interfaces\SuperMagic\Common\Share\DTO\Request\CreateShareRequestDTO","class","Common","ordinary","0"
"vendor/dtyq/super-magic-module/src/Interfaces/Share/DTO/Request/FindSimilarShareRequestDTO.php","Dtyq\SuperMagic\Interfaces\Share\DTO\Request\FindSimilarShareRequestDTO","app/Interfaces/SuperMagic/Common/Share/DTO/Request/FindSimilarShareRequestDTO.php","App\Interfaces\SuperMagic\Common\Share\DTO\Request\FindSimilarShareRequestDTO","class","Common","ordinary","0"
"vendor/dtyq/super-magic-module/src/Interfaces/Share/DTO/Request/GetFilesByIdsRequestDTO.php","Dtyq\SuperMagic\Interfaces\Share\DTO\Request\GetFilesByIdsRequestDTO","app/Interfaces/SuperMagic/Common/Share/DTO/Request/GetFilesByIdsRequestDTO.php","App\Interfaces\SuperMagic\Common\Share\DTO\Request\GetFilesByIdsRequestDTO","class","Common","ordinary","0"
"vendor/dtyq/super-magic-module/src/Interfaces/Share/DTO/Request/GetShareCopyLogsRequestDTO.php","Dtyq\SuperMagic\Interfaces\Share\DTO\Request\GetShareCopyLogsRequestDTO","app/Interfaces/SuperMagic/Common/Share/DTO/Request/GetShareCopyLogsRequestDTO.php","App\Interfaces\SuperMagic\Common\Share\DTO\Request\GetShareCopyLogsRequestDTO","class","Common","ordinary","0"
"vendor/dtyq/super-magic-module/src/Interfaces/Share/DTO/Request/GetShareDetailDTO.php","Dtyq\SuperMagic\Interfaces\Share\DTO\Request\GetShareDetailDTO","app/Interfaces/SuperMagic/Common/Share/DTO/Request/GetShareDetailDTO.php","App\Interfaces\SuperMagic\Common\Share\DTO\Request\GetShareDetailDTO","class","Common","ordinary","0"
"vendor/dtyq/super-magic-module/src/Interfaces/Share/DTO/Request/GetShareFilesRequestDTO.php","Dtyq\SuperMagic\Interfaces\Share\DTO\Request\GetShareFilesRequestDTO","app/Interfaces/SuperMagic/Common/Share/DTO/Request/GetShareFilesRequestDTO.php","App\Interfaces\SuperMagic\Common\Share\DTO\Request\GetShareFilesRequestDTO","class","Common","ordinary","0"
"vendor/dtyq/super-magic-module/src/Interfaces/Share/DTO/Request/GetShareStatisticsRequestDTO.php","Dtyq\SuperMagic\Interfaces\Share\DTO\Request\GetShareStatisticsRequestDTO","app/Interfaces/SuperMagic/Common/Share/DTO/Request/GetShareStatisticsRequestDTO.php","App\Interfaces\SuperMagic\Common\Share\DTO\Request\GetShareStatisticsRequestDTO","class","Common","ordinary","0"
"vendor/dtyq/super-magic-module/src/Interfaces/Share/DTO/Request/GetSharedProjectsTreeRequestDTO.php","Dtyq\SuperMagic\Interfaces\Share\DTO\Request\GetSharedProjectsTreeRequestDTO","app/Interfaces/SuperMagic/Common/Share/DTO/Request/GetSharedProjectsTreeRequestDTO.php","App\Interfaces\SuperMagic\Common\Share\DTO\Request\GetSharedProjectsTreeRequestDTO","class","Common","ordinary","0"
"vendor/dtyq/super-magic-module/src/Interfaces/Share/DTO/Request/ResourceListRequestDTO.php","Dtyq\SuperMagic\Interfaces\Share\DTO\Request\ResourceListRequestDTO","app/Interfaces/SuperMagic/Common/Share/DTO/Request/ResourceListRequestDTO.php","App\Interfaces\SuperMagic\Common\Share\DTO\Request\ResourceListRequestDTO","class","Common","ordinary","0"
"vendor/dtyq/super-magic-module/src/Interfaces/Share/DTO/Response/CopyResourceFilesResponseDTO.php","Dtyq\SuperMagic\Interfaces\Share\DTO\Response\CopyResourceFilesResponseDTO","app/Interfaces/SuperMagic/Common/Share/DTO/Response/CopyResourceFilesResponseDTO.php","App\Interfaces\SuperMagic\Common\Share\DTO\Response\CopyResourceFilesResponseDTO","class","Common","ordinary","0"
"vendor/dtyq/super-magic-module/src/Interfaces/Share/DTO/Response/GenerateResourceIdResponseDTO.php","Dtyq\SuperMagic\Interfaces\Share\DTO\Response\GenerateResourceIdResponseDTO","app/Interfaces/SuperMagic/Common/Share/DTO/Response/GenerateResourceIdResponseDTO.php","App\Interfaces\SuperMagic\Common\Share\DTO\Response\GenerateResourceIdResponseDTO","class","Common","ordinary","0"
"vendor/dtyq/super-magic-module/src/Interfaces/Share/DTO/Response/ShareCopyLogsResponseDTO.php","Dtyq\SuperMagic\Interfaces\Share\DTO\Response\ShareCopyLogsResponseDTO","app/Interfaces/SuperMagic/Common/Share/DTO/Response/ShareCopyLogsResponseDTO.php","App\Interfaces\SuperMagic\Common\Share\DTO\Response\ShareCopyLogsResponseDTO","class","Common","ordinary","0"
"vendor/dtyq/super-magic-module/src/Interfaces/Share/DTO/Response/ShareItemDTO.php","Dtyq\SuperMagic\Interfaces\Share\DTO\Response\ShareItemDTO","app/Interfaces/SuperMagic/Common/Share/DTO/Response/ShareItemDTO.php","App\Interfaces\SuperMagic\Common\Share\DTO\Response\ShareItemDTO","class","Common","ordinary","0"
"vendor/dtyq/super-magic-module/src/Interfaces/Share/DTO/Response/ShareItemWithPasswordDTO.php","Dtyq\SuperMagic\Interfaces\Share\DTO\Response\ShareItemWithPasswordDTO","app/Interfaces/SuperMagic/Common/Share/DTO/Response/ShareItemWithPasswordDTO.php","App\Interfaces\SuperMagic\Common\Share\DTO\Response\ShareItemWithPasswordDTO","class","Common","ordinary","0"
"vendor/dtyq/super-magic-module/src/Interfaces/Share/DTO/Response/ShareMemberItemDTO.php","Dtyq\SuperMagic\Interfaces\Share\DTO\Response\ShareMemberItemDTO","app/Interfaces/SuperMagic/Common/Share/DTO/Response/ShareMemberItemDTO.php","App\Interfaces\SuperMagic\Common\Share\DTO\Response\ShareMemberItemDTO","class","Common","ordinary","0"
"vendor/dtyq/super-magic-module/src/Interfaces/Share/DTO/Response/ShareMembersResponseDTO.php","Dtyq\SuperMagic\Interfaces\Share\DTO\Response\ShareMembersResponseDTO","app/Interfaces/SuperMagic/Common/Share/DTO/Response/ShareMembersResponseDTO.php","App\Interfaces\SuperMagic\Common\Share\DTO\Response\ShareMembersResponseDTO","class","Common","ordinary","0"
"vendor/dtyq/super-magic-module/src/Interfaces/Share/DTO/Response/ShareStatisticsResponseDTO.php","Dtyq\SuperMagic\Interfaces\Share\DTO\Response\ShareStatisticsResponseDTO","app/Interfaces/SuperMagic/Common/Share/DTO/Response/ShareStatisticsResponseDTO.php","App\Interfaces\SuperMagic\Common\Share\DTO\Response\ShareStatisticsResponseDTO","class","Common","ordinary","0"
"vendor/dtyq/super-magic-module/src/Interfaces/Share/DTO/Response/ShareTitleResponseDTO.php","Dtyq\SuperMagic\Interfaces\Share\DTO\Response\ShareTitleResponseDTO","app/Interfaces/SuperMagic/Common/Share/DTO/Response/ShareTitleResponseDTO.php","App\Interfaces\SuperMagic\Common\Share\DTO\Response\ShareTitleResponseDTO","class","Common","ordinary","0"
"vendor/dtyq/super-magic-module/src/Interfaces/Share/Facade/AbstractApi.php","Dtyq\SuperMagic\Interfaces\Share\Facade\AbstractApi","app/Interfaces/SuperMagic/Common/Share/Facade/AbstractApi.php","App\Interfaces\SuperMagic\Common\Share\Facade\AbstractApi","class","Common","RouteHandler","0"
"vendor/dtyq/super-magic-module/src/Interfaces/Share/Facade/InternalShareApi.php","Dtyq\SuperMagic\Interfaces\Share\Facade\InternalShareApi","app/Interfaces/SuperMagic/Common/Share/Facade/InternalShareApi.php","App\Interfaces\SuperMagic\Common\Share\Facade\InternalShareApi","class","Common","RouteHandler","0"
"vendor/dtyq/super-magic-module/src/Interfaces/Share/Facade/ShareApi.php","Dtyq\SuperMagic\Interfaces\Share\Facade\ShareApi","app/Interfaces/SuperMagic/Common/Share/Facade/ShareApi.php","App\Interfaces\SuperMagic\Common\Share\Facade\ShareApi","class","Common","RouteHandler","0"
"vendor/dtyq/super-magic-module/src/Interfaces/Skill/Assembler/SkillAssembler.php","Dtyq\SuperMagic\Interfaces\Skill\Assembler\SkillAssembler","app/Interfaces/SuperMagic/Skill/Assembler/SkillAssembler.php","App\Interfaces\SuperMagic\Skill\Assembler\SkillAssembler","class","Skill","ordinary","0"
"vendor/dtyq/super-magic-module/src/Interfaces/Skill/DTO/Request/AddSkillFromStoreRequestDTO.php","Dtyq\SuperMagic\Interfaces\Skill\DTO\Request\AddSkillFromStoreRequestDTO","app/Interfaces/SuperMagic/Skill/DTO/Request/AddSkillFromStoreRequestDTO.php","App\Interfaces\SuperMagic\Skill\DTO\Request\AddSkillFromStoreRequestDTO","class","Skill","ordinary","0"
"vendor/dtyq/super-magic-module/src/Interfaces/Skill/DTO/Request/GetLatestPublishedSkillVersionsRequestDTO.php","Dtyq\SuperMagic\Interfaces\Skill\DTO\Request\GetLatestPublishedSkillVersionsRequestDTO","app/Interfaces/SuperMagic/Skill/DTO/Request/GetLatestPublishedSkillVersionsRequestDTO.php","App\Interfaces\SuperMagic\Skill\DTO\Request\GetLatestPublishedSkillVersionsRequestDTO","class","Skill","ordinary","0"
"vendor/dtyq/super-magic-module/src/Interfaces/Skill/DTO/Request/GetSkillFileUrlsRequestDTO.php","Dtyq\SuperMagic\Interfaces\Skill\DTO\Request\GetSkillFileUrlsRequestDTO","app/Interfaces/SuperMagic/Skill/DTO/Request/GetSkillFileUrlsRequestDTO.php","App\Interfaces\SuperMagic\Skill\DTO\Request\GetSkillFileUrlsRequestDTO","class","Skill","ordinary","0"
"vendor/dtyq/super-magic-module/src/Interfaces/Skill/DTO/Request/ImportSkillRequestDTO.php","Dtyq\SuperMagic\Interfaces\Skill\DTO\Request\ImportSkillRequestDTO","app/Interfaces/SuperMagic/Skill/DTO/Request/ImportSkillRequestDTO.php","App\Interfaces\SuperMagic\Skill\DTO\Request\ImportSkillRequestDTO","class","Skill","ordinary","0"
"vendor/dtyq/super-magic-module/src/Interfaces/Skill/DTO/Request/ParseFileImportRequestDTO.php","Dtyq\SuperMagic\Interfaces\Skill\DTO\Request\ParseFileImportRequestDTO","app/Interfaces/SuperMagic/Skill/DTO/Request/ParseFileImportRequestDTO.php","App\Interfaces\SuperMagic\Skill\DTO\Request\ParseFileImportRequestDTO","class","Skill","ordinary","0"
"vendor/dtyq/super-magic-module/src/Interfaces/Skill/DTO/Request/PublishSkillRequestDTO.php","Dtyq\SuperMagic\Interfaces\Skill\DTO\Request\PublishSkillRequestDTO","app/Interfaces/SuperMagic/Skill/DTO/Request/PublishSkillRequestDTO.php","App\Interfaces\SuperMagic\Skill\DTO\Request\PublishSkillRequestDTO","class","Skill","ordinary","0"
"vendor/dtyq/super-magic-module/src/Interfaces/Skill/DTO/Request/QuerySkillMarketsRequestAdminDTO.php","Dtyq\SuperMagic\Interfaces\Skill\DTO\Request\QuerySkillMarketsRequestAdminDTO","app/Interfaces/SuperMagic/Skill/DTO/Request/QuerySkillMarketsRequestAdminDTO.php","App\Interfaces\SuperMagic\Skill\DTO\Request\QuerySkillMarketsRequestAdminDTO","class","Skill","ordinary","0"
"vendor/dtyq/super-magic-module/src/Interfaces/Skill/DTO/Request/QuerySkillVersionsRequestAdminDTO.php","Dtyq\SuperMagic\Interfaces\Skill\DTO\Request\QuerySkillVersionsRequestAdminDTO","app/Interfaces/SuperMagic/Skill/DTO/Request/QuerySkillVersionsRequestAdminDTO.php","App\Interfaces\SuperMagic\Skill\DTO\Request\QuerySkillVersionsRequestAdminDTO","class","Skill","ordinary","0"
"vendor/dtyq/super-magic-module/src/Interfaces/Skill/DTO/Request/QuerySkillVersionsRequestDTO.php","Dtyq\SuperMagic\Interfaces\Skill\DTO\Request\QuerySkillVersionsRequestDTO","app/Interfaces/SuperMagic/Skill/DTO/Request/QuerySkillVersionsRequestDTO.php","App\Interfaces\SuperMagic\Skill\DTO\Request\QuerySkillVersionsRequestDTO","class","Skill","ordinary","0"
"vendor/dtyq/super-magic-module/src/Interfaces/Skill/DTO/Request/ReviewOrganizationSkillVersionRequestDTO.php","Dtyq\SuperMagic\Interfaces\Skill\DTO\Request\ReviewOrganizationSkillVersionRequestDTO","app/Interfaces/SuperMagic/Skill/DTO/Request/ReviewOrganizationSkillVersionRequestDTO.php","App\Interfaces\SuperMagic\Skill\DTO\Request\ReviewOrganizationSkillVersionRequestDTO","class","Skill","ordinary","0"
"vendor/dtyq/super-magic-module/src/Interfaces/Skill/DTO/Request/ReviewSkillVersionRequestDTO.php","Dtyq\SuperMagic\Interfaces\Skill\DTO\Request\ReviewSkillVersionRequestDTO","app/Interfaces/SuperMagic/Skill/DTO/Request/ReviewSkillVersionRequestDTO.php","App\Interfaces\SuperMagic\Skill\DTO\Request\ReviewSkillVersionRequestDTO","class","Skill","ordinary","0"
"vendor/dtyq/super-magic-module/src/Interfaces/Skill/DTO/Request/UpdateSkillInfoRequestDTO.php","Dtyq\SuperMagic\Interfaces\Skill\DTO\Request\UpdateSkillInfoRequestDTO","app/Interfaces/SuperMagic/Skill/DTO/Request/UpdateSkillInfoRequestDTO.php","App\Interfaces\SuperMagic\Skill\DTO\Request\UpdateSkillInfoRequestDTO","class","Skill","ordinary","0"
"vendor/dtyq/super-magic-module/src/Interfaces/Skill/DTO/Request/UpdateSkillMarketRequestAdminDTO.php","Dtyq\SuperMagic\Interfaces\Skill\DTO\Request\UpdateSkillMarketRequestAdminDTO","app/Interfaces/SuperMagic/Skill/DTO/Request/UpdateSkillMarketRequestAdminDTO.php","App\Interfaces\SuperMagic\Skill\DTO\Request\UpdateSkillMarketRequestAdminDTO","class","Skill","ordinary","0"
"vendor/dtyq/super-magic-module/src/Interfaces/Skill/DTO/Request/UpdateSkillMarketSortOrderRequestAdminDTO.php","Dtyq\SuperMagic\Interfaces\Skill\DTO\Request\UpdateSkillMarketSortOrderRequestAdminDTO","app/Interfaces/SuperMagic/Skill/DTO/Request/UpdateSkillMarketSortOrderRequestAdminDTO.php","App\Interfaces\SuperMagic\Skill\DTO\Request\UpdateSkillMarketSortOrderRequestAdminDTO","class","Skill","ordinary","0"
"vendor/dtyq/super-magic-module/src/Interfaces/Skill/DTO/Response/LatestPublishedSkillVersionItemDTO.php","Dtyq\SuperMagic\Interfaces\Skill\DTO\Response\LatestPublishedSkillVersionItemDTO","app/Interfaces/SuperMagic/Skill/DTO/Response/LatestPublishedSkillVersionItemDTO.php","App\Interfaces\SuperMagic\Skill\DTO\Response\LatestPublishedSkillVersionItemDTO","class","Skill","ordinary","0"
"vendor/dtyq/super-magic-module/src/Interfaces/Skill/DTO/Response/LatestPublishedSkillVersionsResponseDTO.php","Dtyq\SuperMagic\Interfaces\Skill\DTO\Response\LatestPublishedSkillVersionsResponseDTO","app/Interfaces/SuperMagic/Skill/DTO/Response/LatestPublishedSkillVersionsResponseDTO.php","App\Interfaces\SuperMagic\Skill\DTO\Response\LatestPublishedSkillVersionsResponseDTO","class","Skill","ordinary","0"
"vendor/dtyq/super-magic-module/src/Interfaces/Skill/DTO/Response/OrganizationInfoAdminDTO.php","Dtyq\SuperMagic\Interfaces\Skill\DTO\Response\OrganizationInfoAdminDTO","app/Interfaces/SuperMagic/Skill/DTO/Response/OrganizationInfoAdminDTO.php","App\Interfaces\SuperMagic\Skill\DTO\Response\OrganizationInfoAdminDTO","class","Skill","ordinary","0"
"vendor/dtyq/super-magic-module/src/Interfaces/Skill/DTO/Response/ParseFileImportResponseDTO.php","Dtyq\SuperMagic\Interfaces\Skill\DTO\Response\ParseFileImportResponseDTO","app/Interfaces/SuperMagic/Skill/DTO/Response/ParseFileImportResponseDTO.php","App\Interfaces\SuperMagic\Skill\DTO\Response\ParseFileImportResponseDTO","class","Skill","ordinary","0"
"vendor/dtyq/super-magic-module/src/Interfaces/Skill/DTO/Response/PublishSkillResponseDTO.php","Dtyq\SuperMagic\Interfaces\Skill\DTO\Response\PublishSkillResponseDTO","app/Interfaces/SuperMagic/Skill/DTO/Response/PublishSkillResponseDTO.php","App\Interfaces\SuperMagic\Skill\DTO\Response\PublishSkillResponseDTO","class","Skill","ordinary","0"
"vendor/dtyq/super-magic-module/src/Interfaces/Skill/DTO/Response/PublisherInfoAdminDTO.php","Dtyq\SuperMagic\Interfaces\Skill\DTO\Response\PublisherInfoAdminDTO","app/Interfaces/SuperMagic/Skill/DTO/Response/PublisherInfoAdminDTO.php","App\Interfaces\SuperMagic\Skill\DTO\Response\PublisherInfoAdminDTO","class","Skill","ordinary","0"
"vendor/dtyq/super-magic-module/src/Interfaces/Skill/DTO/Response/QuerySkillMarketsResponseAdminDTO.php","Dtyq\SuperMagic\Interfaces\Skill\DTO\Response\QuerySkillMarketsResponseAdminDTO","app/Interfaces/SuperMagic/Skill/DTO/Response/QuerySkillMarketsResponseAdminDTO.php","App\Interfaces\SuperMagic\Skill\DTO\Response\QuerySkillMarketsResponseAdminDTO","class","Skill","ordinary","0"
"vendor/dtyq/super-magic-module/src/Interfaces/Skill/DTO/Response/QuerySkillVersionsResponseAdminDTO.php","Dtyq\SuperMagic\Interfaces\Skill\DTO\Response\QuerySkillVersionsResponseAdminDTO","app/Interfaces/SuperMagic/Skill/DTO/Response/QuerySkillVersionsResponseAdminDTO.php","App\Interfaces\SuperMagic\Skill\DTO\Response\QuerySkillVersionsResponseAdminDTO","class","Skill","ordinary","0"
"vendor/dtyq/super-magic-module/src/Interfaces/Skill/DTO/Response/QuerySkillVersionsResponseDTO.php","Dtyq\SuperMagic\Interfaces\Skill\DTO\Response\QuerySkillVersionsResponseDTO","app/Interfaces/SuperMagic/Skill/DTO/Response/QuerySkillVersionsResponseDTO.php","App\Interfaces\SuperMagic\Skill\DTO\Response\QuerySkillVersionsResponseDTO","class","Skill","ordinary","0"
"vendor/dtyq/super-magic-module/src/Interfaces/Skill/DTO/Response/SkillDetailResponseDTO.php","Dtyq\SuperMagic\Interfaces\Skill\DTO\Response\SkillDetailResponseDTO","app/Interfaces/SuperMagic/Skill/DTO/Response/SkillDetailResponseDTO.php","App\Interfaces\SuperMagic\Skill\DTO\Response\SkillDetailResponseDTO","class","Skill","ordinary","0"
"vendor/dtyq/super-magic-module/src/Interfaces/Skill/DTO/Response/SkillFileUrlItemDTO.php","Dtyq\SuperMagic\Interfaces\Skill\DTO\Response\SkillFileUrlItemDTO","app/Interfaces/SuperMagic/Skill/DTO/Response/SkillFileUrlItemDTO.php","App\Interfaces\SuperMagic\Skill\DTO\Response\SkillFileUrlItemDTO","class","Skill","ordinary","0"
"vendor/dtyq/super-magic-module/src/Interfaces/Skill/DTO/Response/SkillListItemDTO.php","Dtyq\SuperMagic\Interfaces\Skill\DTO\Response\SkillListItemDTO","app/Interfaces/SuperMagic/Skill/DTO/Response/SkillListItemDTO.php","App\Interfaces\SuperMagic\Skill\DTO\Response\SkillListItemDTO","class","Skill","ordinary","0"
"vendor/dtyq/super-magic-module/src/Interfaces/Skill/DTO/Response/SkillListResponseDTO.php","Dtyq\SuperMagic\Interfaces\Skill\DTO\Response\SkillListResponseDTO","app/Interfaces/SuperMagic/Skill/DTO/Response/SkillListResponseDTO.php","App\Interfaces\SuperMagic\Skill\DTO\Response\SkillListResponseDTO","class","Skill","ordinary","0"
"vendor/dtyq/super-magic-module/src/Interfaces/Skill/DTO/Response/SkillMarketDetailResponseDTO.php","Dtyq\SuperMagic\Interfaces\Skill\DTO\Response\SkillMarketDetailResponseDTO","app/Interfaces/SuperMagic/Skill/DTO/Response/SkillMarketDetailResponseDTO.php","App\Interfaces\SuperMagic\Skill\DTO\Response\SkillMarketDetailResponseDTO","class","Skill","ordinary","0"
"vendor/dtyq/super-magic-module/src/Interfaces/Skill/DTO/Response/SkillMarketListItemAdminDTO.php","Dtyq\SuperMagic\Interfaces\Skill\DTO\Response\SkillMarketListItemAdminDTO","app/Interfaces/SuperMagic/Skill/DTO/Response/SkillMarketListItemAdminDTO.php","App\Interfaces\SuperMagic\Skill\DTO\Response\SkillMarketListItemAdminDTO","class","Skill","ordinary","0"
"vendor/dtyq/super-magic-module/src/Interfaces/Skill/DTO/Response/SkillMarketListItemDTO.php","Dtyq\SuperMagic\Interfaces\Skill\DTO\Response\SkillMarketListItemDTO","app/Interfaces/SuperMagic/Skill/DTO/Response/SkillMarketListItemDTO.php","App\Interfaces\SuperMagic\Skill\DTO\Response\SkillMarketListItemDTO","class","Skill","ordinary","0"
"vendor/dtyq/super-magic-module/src/Interfaces/Skill/DTO/Response/SkillMarketListResponseDTO.php","Dtyq\SuperMagic\Interfaces\Skill\DTO\Response\SkillMarketListResponseDTO","app/Interfaces/SuperMagic/Skill/DTO/Response/SkillMarketListResponseDTO.php","App\Interfaces\SuperMagic\Skill\DTO\Response\SkillMarketListResponseDTO","class","Skill","ordinary","0"
"vendor/dtyq/super-magic-module/src/Interfaces/Skill/DTO/Response/SkillPublishPrefillResponseDTO.php","Dtyq\SuperMagic\Interfaces\Skill\DTO\Response\SkillPublishPrefillResponseDTO","app/Interfaces/SuperMagic/Skill/DTO/Response/SkillPublishPrefillResponseDTO.php","App\Interfaces\SuperMagic\Skill\DTO\Response\SkillPublishPrefillResponseDTO","class","Skill","ordinary","0"
"vendor/dtyq/super-magic-module/src/Interfaces/Skill/DTO/Response/SkillVersionListItemAdminDTO.php","Dtyq\SuperMagic\Interfaces\Skill\DTO\Response\SkillVersionListItemAdminDTO","app/Interfaces/SuperMagic/Skill/DTO/Response/SkillVersionListItemAdminDTO.php","App\Interfaces\SuperMagic\Skill\DTO\Response\SkillVersionListItemAdminDTO","class","Skill","ordinary","0"
"vendor/dtyq/super-magic-module/src/Interfaces/Skill/DTO/Response/SkillVersionListItemDTO.php","Dtyq\SuperMagic\Interfaces\Skill\DTO\Response\SkillVersionListItemDTO","app/Interfaces/SuperMagic/Skill/DTO/Response/SkillVersionListItemDTO.php","App\Interfaces\SuperMagic\Skill\DTO\Response\SkillVersionListItemDTO","class","Skill","ordinary","0"
"vendor/dtyq/super-magic-module/src/Interfaces/Skill/Facade/Admin/AdminSkillApi.php","Dtyq\SuperMagic\Interfaces\Skill\Facade\Admin\AdminSkillApi","app/Interfaces/Admin/SuperMagic/Skill/AdminSkillApi.php","App\Interfaces\Admin\SuperMagic\Skill\AdminSkillApi","class","Skill","RouteHandler","0"
"vendor/dtyq/super-magic-module/src/Interfaces/Skill/Facade/Admin/OrganizationAdminSkillApi.php","Dtyq\SuperMagic\Interfaces\Skill\Facade\Admin\OrganizationAdminSkillApi","app/Interfaces/Admin/SuperMagic/Skill/OrganizationAdminSkillApi.php","App\Interfaces\Admin\SuperMagic\Skill\OrganizationAdminSkillApi","class","Skill","RouteHandler","0"
"vendor/dtyq/super-magic-module/src/Interfaces/Skill/Facade/SkillApi.php","Dtyq\SuperMagic\Interfaces\Skill\Facade\SkillApi","app/Interfaces/SuperMagic/Skill/Facade/SkillApi.php","App\Interfaces\SuperMagic\Skill\Facade\SkillApi","class","Skill","RouteHandler","0"
"vendor/dtyq/super-magic-module/src/Interfaces/Skill/Facade/SkillCollaboratorApi.php","Dtyq\SuperMagic\Interfaces\Skill\Facade\SkillCollaboratorApi","app/Interfaces/SuperMagic/Skill/Facade/SkillCollaboratorApi.php","App\Interfaces\SuperMagic\Skill\Facade\SkillCollaboratorApi","class","Skill","RouteHandler","0"
"vendor/dtyq/super-magic-module/src/Interfaces/Skill/Facade/SkillMarketApi.php","Dtyq\SuperMagic\Interfaces\Skill\Facade\SkillMarketApi","app/Interfaces/SuperMagic/Skill/Facade/SkillMarketApi.php","App\Interfaces\SuperMagic\Skill\Facade\SkillMarketApi","class","Skill","RouteHandler","0"
"vendor/dtyq/super-magic-module/src/Interfaces/Skill/FormRequest/SkillQueryFormRequest.php","Dtyq\SuperMagic\Interfaces\Skill\FormRequest\SkillQueryFormRequest","app/Interfaces/SuperMagic/Skill/FormRequest/SkillQueryFormRequest.php","App\Interfaces\SuperMagic\Skill\FormRequest\SkillQueryFormRequest","class","Skill","ordinary","0"
"vendor/dtyq/super-magic-module/src/Interfaces/SuperAgent/Assembler/OpenMessageScheduleAssembler.php","Dtyq\SuperMagic\Interfaces\SuperAgent\Assembler\OpenMessageScheduleAssembler","app/Interfaces/SuperMagic/Message/Assembler/OpenMessageScheduleAssembler.php","App\Interfaces\SuperMagic\Message\Assembler\OpenMessageScheduleAssembler","class","Message","ordinary","0"
"vendor/dtyq/super-magic-module/src/Interfaces/SuperAgent/Assembler/TopicTaskMessageAssembler.php","Dtyq\SuperMagic\Interfaces\SuperAgent\Assembler\TopicTaskMessageAssembler","app/Interfaces/SuperMagic/Message/Assembler/TopicTaskMessageAssembler.php","App\Interfaces\SuperMagic\Message\Assembler\TopicTaskMessageAssembler","class","Message","ordinary","0"
"vendor/dtyq/super-magic-module/src/Interfaces/SuperAgent/DTO/Request/AudioMarkerListRequestDTO.php","Dtyq\SuperMagic\Interfaces\SuperAgent\DTO\Request\AudioMarkerListRequestDTO","app/Interfaces/SuperMagic/File/DTO/Request/AudioMarkerListRequestDTO.php","App\Interfaces\SuperMagic\File\DTO\Request\AudioMarkerListRequestDTO","class","File","ordinary","0"
"vendor/dtyq/super-magic-module/src/Interfaces/SuperAgent/DTO/Request/BatchCopyFileRequestDTO.php","Dtyq\SuperMagic\Interfaces\SuperAgent\DTO\Request\BatchCopyFileRequestDTO","app/Interfaces/SuperMagic/File/DTO/Request/BatchCopyFileRequestDTO.php","App\Interfaces\SuperMagic\File\DTO\Request\BatchCopyFileRequestDTO","class","File","ordinary","0"
"vendor/dtyq/super-magic-module/src/Interfaces/SuperAgent/DTO/Request/BatchDeleteFilesRequestDTO.php","Dtyq\SuperMagic\Interfaces\SuperAgent\DTO\Request\BatchDeleteFilesRequestDTO","app/Interfaces/SuperMagic/File/DTO/Request/BatchDeleteFilesRequestDTO.php","App\Interfaces\SuperMagic\File\DTO\Request\BatchDeleteFilesRequestDTO","class","File","ordinary","0"
"vendor/dtyq/super-magic-module/src/Interfaces/SuperAgent/DTO/Request/BatchDeleteProjectsRequestDTO.php","Dtyq\SuperMagic\Interfaces\SuperAgent\DTO\Request\BatchDeleteProjectsRequestDTO","app/Interfaces/SuperMagic/Project/DTO/Request/BatchDeleteProjectsRequestDTO.php","App\Interfaces\SuperMagic\Project\DTO\Request\BatchDeleteProjectsRequestDTO","class","Project","ordinary","0"
"vendor/dtyq/super-magic-module/src/Interfaces/SuperAgent/DTO/Request/BatchMoveFileRequestDTO.php","Dtyq\SuperMagic\Interfaces\SuperAgent\DTO\Request\BatchMoveFileRequestDTO","app/Interfaces/SuperMagic/File/DTO/Request/BatchMoveFileRequestDTO.php","App\Interfaces\SuperMagic\File\DTO\Request\BatchMoveFileRequestDTO","class","File","ordinary","0"
"vendor/dtyq/super-magic-module/src/Interfaces/SuperAgent/DTO/Request/BatchMoveProjectsRequestDTO.php","Dtyq\SuperMagic\Interfaces\SuperAgent\DTO\Request\BatchMoveProjectsRequestDTO","app/Interfaces/SuperMagic/Project/DTO/Request/BatchMoveProjectsRequestDTO.php","App\Interfaces\SuperMagic\Project\DTO\Request\BatchMoveProjectsRequestDTO","class","Project","ordinary","0"
"vendor/dtyq/super-magic-module/src/Interfaces/SuperAgent/DTO/Request/BatchSaveFileContentRequestDTO.php","Dtyq\SuperMagic\Interfaces\SuperAgent\DTO\Request\BatchSaveFileContentRequestDTO","app/Interfaces/SuperMagic/File/DTO/Request/BatchSaveFileContentRequestDTO.php","App\Interfaces\SuperMagic\File\DTO\Request\BatchSaveFileContentRequestDTO","class","File","ordinary","0"
"vendor/dtyq/super-magic-module/src/Interfaces/SuperAgent/DTO/Request/BatchSaveProjectFilesRequestDTO.php","Dtyq\SuperMagic\Interfaces\SuperAgent\DTO\Request\BatchSaveProjectFilesRequestDTO","app/Interfaces/SuperMagic/File/DTO/Request/BatchSaveProjectFilesRequestDTO.php","App\Interfaces\SuperMagic\File\DTO\Request\BatchSaveProjectFilesRequestDTO","class","File","ordinary","0"
"vendor/dtyq/super-magic-module/src/Interfaces/SuperAgent/DTO/Request/BatchTopicStatusRequestDTO.php","Dtyq\SuperMagic\Interfaces\SuperAgent\DTO\Request\BatchTopicStatusRequestDTO","app/Interfaces/SuperMagic/Topic/DTO/Request/BatchTopicStatusRequestDTO.php","App\Interfaces\SuperMagic\Topic\DTO\Request\BatchTopicStatusRequestDTO","class","Topic","ordinary","0"
"vendor/dtyq/super-magic-module/src/Interfaces/SuperAgent/DTO/Request/BatchUpdateMembersRequestDTO.php","Dtyq\SuperMagic\Interfaces\SuperAgent\DTO\Request\BatchUpdateMembersRequestDTO","app/Interfaces/SuperMagic/Project/DTO/Request/BatchUpdateMembersRequestDTO.php","App\Interfaces\SuperMagic\Project\DTO\Request\BatchUpdateMembersRequestDTO","class","Project","ordinary","0"
"vendor/dtyq/super-magic-module/src/Interfaces/SuperAgent/DTO/Request/CheckBatchOperationStatusRequestDTO.php","Dtyq\SuperMagic\Interfaces\SuperAgent\DTO\Request\CheckBatchOperationStatusRequestDTO","app/Interfaces/SuperMagic/Common/DTO/Request/CheckBatchOperationStatusRequestDTO.php","App\Interfaces\SuperMagic\Common\DTO\Request\CheckBatchOperationStatusRequestDTO","class","Common","ordinary","0"
"vendor/dtyq/super-magic-module/src/Interfaces/SuperAgent/DTO/Request/CheckForkStatusRequestDTO.php","Dtyq\SuperMagic\Interfaces\SuperAgent\DTO\Request\CheckForkStatusRequestDTO","app/Interfaces/SuperMagic/Project/DTO/Request/CheckForkStatusRequestDTO.php","App\Interfaces\SuperMagic\Project\DTO\Request\CheckForkStatusRequestDTO","class","Project","ordinary","0"
"vendor/dtyq/super-magic-module/src/Interfaces/SuperAgent/DTO/Request/CheckpointRollbackCheckRequestDTO.php","Dtyq\SuperMagic\Interfaces\SuperAgent\DTO\Request\CheckpointRollbackCheckRequestDTO","app/Interfaces/SuperMagic/Common/DTO/Request/CheckpointRollbackCheckRequestDTO.php","App\Interfaces\SuperMagic\Common\DTO\Request\CheckpointRollbackCheckRequestDTO","class","Common","ordinary","0"
"vendor/dtyq/super-magic-module/src/Interfaces/SuperAgent/DTO/Request/CheckpointRollbackRequestDTO.php","Dtyq\SuperMagic\Interfaces\SuperAgent\DTO\Request\CheckpointRollbackRequestDTO","app/Interfaces/SuperMagic/Common/DTO/Request/CheckpointRollbackRequestDTO.php","App\Interfaces\SuperMagic\Common\DTO\Request\CheckpointRollbackRequestDTO","class","Common","ordinary","0"
"vendor/dtyq/super-magic-module/src/Interfaces/SuperAgent/DTO/Request/CheckpointRollbackStartRequestDTO.php","Dtyq\SuperMagic\Interfaces\SuperAgent\DTO\Request\CheckpointRollbackStartRequestDTO","app/Interfaces/SuperMagic/Common/DTO/Request/CheckpointRollbackStartRequestDTO.php","App\Interfaces\SuperMagic\Common\DTO\Request\CheckpointRollbackStartRequestDTO","class","Common","ordinary","0"
"vendor/dtyq/super-magic-module/src/Interfaces/SuperAgent/DTO/Request/ConsumeMessageQueueRequestDTO.php","Dtyq\SuperMagic\Interfaces\SuperAgent\DTO\Request\ConsumeMessageQueueRequestDTO","app/Interfaces/SuperMagic/Message/DTO/Request/ConsumeMessageQueueRequestDTO.php","App\Interfaces\SuperMagic\Message\DTO\Request\ConsumeMessageQueueRequestDTO","class","Message","ordinary","0"
"vendor/dtyq/super-magic-module/src/Interfaces/SuperAgent/DTO/Request/ConvertFilesRequestDTO.php","Dtyq\SuperMagic\Interfaces\SuperAgent\DTO\Request\ConvertFilesRequestDTO","app/Interfaces/SuperMagic/File/DTO/Request/ConvertFilesRequestDTO.php","App\Interfaces\SuperMagic\File\DTO\Request\ConvertFilesRequestDTO","class","File","ordinary","0"
"vendor/dtyq/super-magic-module/src/Interfaces/SuperAgent/DTO/Request/CopyFileRequestDTO.php","Dtyq\SuperMagic\Interfaces\SuperAgent\DTO\Request\CopyFileRequestDTO","app/Interfaces/SuperMagic/File/DTO/Request/CopyFileRequestDTO.php","App\Interfaces\SuperMagic\File\DTO\Request\CopyFileRequestDTO","class","File","ordinary","0"
"vendor/dtyq/super-magic-module/src/Interfaces/SuperAgent/DTO/Request/CreateAgentTaskRequestDTO.php","Dtyq\SuperMagic\Interfaces\SuperAgent\DTO\Request\CreateAgentTaskRequestDTO","app/Interfaces/SuperMagic/Task/DTO/Request/CreateAgentTaskRequestDTO.php","App\Interfaces\SuperMagic\Task\DTO\Request\CreateAgentTaskRequestDTO","class","Task","ordinary","0"
"vendor/dtyq/super-magic-module/src/Interfaces/SuperAgent/DTO/Request/CreateAudioMarkerRequestDTO.php","Dtyq\SuperMagic\Interfaces\SuperAgent\DTO\Request\CreateAudioMarkerRequestDTO","app/Interfaces/SuperMagic/File/DTO/Request/CreateAudioMarkerRequestDTO.php","App\Interfaces\SuperMagic\File\DTO\Request\CreateAudioMarkerRequestDTO","class","File","ordinary","0"
"vendor/dtyq/super-magic-module/src/Interfaces/SuperAgent/DTO/Request/CreateBatchDownloadRequestDTO.php","Dtyq\SuperMagic\Interfaces\SuperAgent\DTO\Request\CreateBatchDownloadRequestDTO","app/Interfaces/SuperMagic/File/DTO/Request/CreateBatchDownloadRequestDTO.php","App\Interfaces\SuperMagic\File\DTO\Request\CreateBatchDownloadRequestDTO","class","File","ordinary","0"
"vendor/dtyq/super-magic-module/src/Interfaces/SuperAgent/DTO/Request/CreateFileRequestDTO.php","Dtyq\SuperMagic\Interfaces\SuperAgent\DTO\Request\CreateFileRequestDTO","app/Interfaces/SuperMagic/File/DTO/Request/CreateFileRequestDTO.php","App\Interfaces\SuperMagic\File\DTO\Request\CreateFileRequestDTO","class","File","ordinary","0"
"vendor/dtyq/super-magic-module/src/Interfaces/SuperAgent/DTO/Request/CreateFileVersionRequestDTO.php","Dtyq\SuperMagic\Interfaces\SuperAgent\DTO\Request\CreateFileVersionRequestDTO","app/Interfaces/SuperMagic/File/DTO/Request/CreateFileVersionRequestDTO.php","App\Interfaces\SuperMagic\File\DTO\Request\CreateFileVersionRequestDTO","class","File","ordinary","0"
"vendor/dtyq/super-magic-module/src/Interfaces/SuperAgent/DTO/Request/CreateMembersRequestDTO.php","Dtyq\SuperMagic\Interfaces\SuperAgent\DTO\Request\CreateMembersRequestDTO","app/Interfaces/SuperMagic/Project/DTO/Request/CreateMembersRequestDTO.php","App\Interfaces\SuperMagic\Project\DTO\Request\CreateMembersRequestDTO","class","Project","ordinary","0"
"vendor/dtyq/super-magic-module/src/Interfaces/SuperAgent/DTO/Request/CreateMessageQueueRequestDTO.php","Dtyq\SuperMagic\Interfaces\SuperAgent\DTO\Request\CreateMessageQueueRequestDTO","app/Interfaces/SuperMagic/Message/DTO/Request/CreateMessageQueueRequestDTO.php","App\Interfaces\SuperMagic\Message\DTO\Request\CreateMessageQueueRequestDTO","class","Message","ordinary","0"
"vendor/dtyq/super-magic-module/src/Interfaces/SuperAgent/DTO/Request/CreateMessageScheduleRequestDTO.php","Dtyq\SuperMagic\Interfaces\SuperAgent\DTO\Request\CreateMessageScheduleRequestDTO","app/Interfaces/SuperMagic/Message/DTO/Request/CreateMessageScheduleRequestDTO.php","App\Interfaces\SuperMagic\Message\DTO\Request\CreateMessageScheduleRequestDTO","class","Message","ordinary","0"
"vendor/dtyq/super-magic-module/src/Interfaces/SuperAgent/DTO/Request/CreateOpenMessageScheduleRequestDTO.php","Dtyq\SuperMagic\Interfaces\SuperAgent\DTO\Request\CreateOpenMessageScheduleRequestDTO","app/Interfaces/SuperMagic/Message/DTO/Request/CreateOpenMessageScheduleRequestDTO.php","App\Interfaces\SuperMagic\Message\DTO\Request\CreateOpenMessageScheduleRequestDTO","class","Message","ordinary","0"
"vendor/dtyq/super-magic-module/src/Interfaces/SuperAgent/DTO/Request/CreateOpenTaskRequestDTO.php","Dtyq\SuperMagic\Interfaces\SuperAgent\DTO\Request\CreateOpenTaskRequestDTO","app/Interfaces/SuperMagic/Task/DTO/Request/CreateOpenTaskRequestDTO.php","App\Interfaces\SuperMagic\Task\DTO\Request\CreateOpenTaskRequestDTO","class","Task","ordinary","0"
"vendor/dtyq/super-magic-module/src/Interfaces/SuperAgent/DTO/Request/CreateProjectRequestDTO.php","Dtyq\SuperMagic\Interfaces\SuperAgent\DTO\Request\CreateProjectRequestDTO","app/Interfaces/SuperMagic/Project/DTO/Request/CreateProjectRequestDTO.php","App\Interfaces\SuperMagic\Project\DTO\Request\CreateProjectRequestDTO","class","Project","ordinary","0"
"vendor/dtyq/super-magic-module/src/Interfaces/SuperAgent/DTO/Request/CreateScriptTaskRequestDTO.php","Dtyq\SuperMagic\Interfaces\SuperAgent\DTO\Request\CreateScriptTaskRequestDTO","app/Interfaces/SuperMagic/Task/DTO/Request/CreateScriptTaskRequestDTO.php","App\Interfaces\SuperMagic\Task\DTO\Request\CreateScriptTaskRequestDTO","class","Task","ordinary","0"
"vendor/dtyq/super-magic-module/src/Interfaces/SuperAgent/DTO/Request/CreateSpecialProjectRequestDTO.php","Dtyq\SuperMagic\Interfaces\SuperAgent\DTO\Request\CreateSpecialProjectRequestDTO","app/Interfaces/SuperMagic/Project/DTO/Request/CreateSpecialProjectRequestDTO.php","App\Interfaces\SuperMagic\Project\DTO\Request\CreateSpecialProjectRequestDTO","class","Project","ordinary","0"
"vendor/dtyq/super-magic-module/src/Interfaces/SuperAgent/DTO/Request/CreateTaskRequestDTO.php","Dtyq\SuperMagic\Interfaces\SuperAgent\DTO\Request\CreateTaskRequestDTO","app/Interfaces/SuperMagic/Task/DTO/Request/CreateTaskRequestDTO.php","App\Interfaces\SuperMagic\Task\DTO\Request\CreateTaskRequestDTO","class","Task","ordinary","0"
"vendor/dtyq/super-magic-module/src/Interfaces/SuperAgent/DTO/Request/CreateTaskShareRequestDTO.php","Dtyq\SuperMagic\Interfaces\SuperAgent\DTO\Request\CreateTaskShareRequestDTO","app/Interfaces/SuperMagic/Task/DTO/Request/CreateTaskShareRequestDTO.php","App\Interfaces\SuperMagic\Task\DTO\Request\CreateTaskShareRequestDTO","class","Task","ordinary","0"
"vendor/dtyq/super-magic-module/src/Interfaces/SuperAgent/DTO/Request/DeleteDirectoryRequestDTO.php","Dtyq\SuperMagic\Interfaces\SuperAgent\DTO\Request\DeleteDirectoryRequestDTO","app/Interfaces/SuperMagic/File/DTO/Request/DeleteDirectoryRequestDTO.php","App\Interfaces\SuperMagic\File\DTO\Request\DeleteDirectoryRequestDTO","class","File","ordinary","0"
"vendor/dtyq/super-magic-module/src/Interfaces/SuperAgent/DTO/Request/DeleteTopicRequestDTO.php","Dtyq\SuperMagic\Interfaces\SuperAgent\DTO\Request\DeleteTopicRequestDTO","app/Interfaces/SuperMagic/Topic/DTO/Request/DeleteTopicRequestDTO.php","App\Interfaces\SuperMagic\Topic\DTO\Request\DeleteTopicRequestDTO","class","Topic","ordinary","0"
"vendor/dtyq/super-magic-module/src/Interfaces/SuperAgent/DTO/Request/DeliverMessageRequestDTO.php","Dtyq\SuperMagic\Interfaces\SuperAgent\DTO\Request\DeliverMessageRequestDTO","app/Interfaces/SuperMagic/Message/DTO/Request/DeliverMessageRequestDTO.php","App\Interfaces\SuperMagic\Message\DTO\Request\DeliverMessageRequestDTO","class","Message","ordinary","0"
"vendor/dtyq/super-magic-module/src/Interfaces/SuperAgent/DTO/Request/DuplicateTopicCheckRequestDTO.php","Dtyq\SuperMagic\Interfaces\SuperAgent\DTO\Request\DuplicateTopicCheckRequestDTO","app/Interfaces/SuperMagic/Topic/DTO/Request/DuplicateTopicCheckRequestDTO.php","App\Interfaces\SuperMagic\Topic\DTO\Request\DuplicateTopicCheckRequestDTO","class","Topic","ordinary","0"
"vendor/dtyq/super-magic-module/src/Interfaces/SuperAgent/DTO/Request/DuplicateTopicRequestDTO.php","Dtyq\SuperMagic\Interfaces\SuperAgent\DTO\Request\DuplicateTopicRequestDTO","app/Interfaces/SuperMagic/Topic/DTO/Request/DuplicateTopicRequestDTO.php","App\Interfaces\SuperMagic\Topic\DTO\Request\DuplicateTopicRequestDTO","class","Topic","ordinary","0"
"vendor/dtyq/super-magic-module/src/Interfaces/SuperAgent/DTO/Request/ForkProjectRequestDTO.php","Dtyq\SuperMagic\Interfaces\SuperAgent\DTO\Request\ForkProjectRequestDTO","app/Interfaces/SuperMagic/Project/DTO/Request/ForkProjectRequestDTO.php","App\Interfaces\SuperMagic\Project\DTO\Request\ForkProjectRequestDTO","class","Project","ordinary","0"
"vendor/dtyq/super-magic-module/src/Interfaces/SuperAgent/DTO/Request/GetCollaborationProjectListRequestDTO.php","Dtyq\SuperMagic\Interfaces\SuperAgent\DTO\Request\GetCollaborationProjectListRequestDTO","app/Interfaces/SuperMagic/Project/DTO/Request/GetCollaborationProjectListRequestDTO.php","App\Interfaces\SuperMagic\Project\DTO\Request\GetCollaborationProjectListRequestDTO","class","Project","ordinary","0"
"vendor/dtyq/super-magic-module/src/Interfaces/SuperAgent/DTO/Request/GetFileTreeRequestDTO.php","Dtyq\SuperMagic\Interfaces\SuperAgent\DTO\Request\GetFileTreeRequestDTO","app/Interfaces/SuperMagic/File/DTO/Request/GetFileTreeRequestDTO.php","App\Interfaces\SuperMagic\File\DTO\Request\GetFileTreeRequestDTO","class","File","ordinary","0"
"vendor/dtyq/super-magic-module/src/Interfaces/SuperAgent/DTO/Request/GetFileUrlsByPathRequestDTO.php","Dtyq\SuperMagic\Interfaces\SuperAgent\DTO\Request\GetFileUrlsByPathRequestDTO","app/Interfaces/SuperMagic/File/DTO/Request/GetFileUrlsByPathRequestDTO.php","App\Interfaces\SuperMagic\File\DTO\Request\GetFileUrlsByPathRequestDTO","class","File","ordinary","0"
"vendor/dtyq/super-magic-module/src/Interfaces/SuperAgent/DTO/Request/GetFileUrlsRequestDTO.php","Dtyq\SuperMagic\Interfaces\SuperAgent\DTO\Request\GetFileUrlsRequestDTO","app/Interfaces/SuperMagic/File/DTO/Request/GetFileUrlsRequestDTO.php","App\Interfaces\SuperMagic\File\DTO\Request\GetFileUrlsRequestDTO","class","File","ordinary","0"
"vendor/dtyq/super-magic-module/src/Interfaces/SuperAgent/DTO/Request/GetFileVersionsRequestDTO.php","Dtyq\SuperMagic\Interfaces\SuperAgent\DTO\Request\GetFileVersionsRequestDTO","app/Interfaces/SuperMagic/File/DTO/Request/GetFileVersionsRequestDTO.php","App\Interfaces\SuperMagic\File\DTO\Request\GetFileVersionsRequestDTO","class","File","ordinary","0"
"vendor/dtyq/super-magic-module/src/Interfaces/SuperAgent/DTO/Request/GetParticipatedProjectsRequestDTO.php","Dtyq\SuperMagic\Interfaces\SuperAgent\DTO\Request\GetParticipatedProjectsRequestDTO","app/Interfaces/SuperMagic/Project/DTO/Request/GetParticipatedProjectsRequestDTO.php","App\Interfaces\SuperMagic\Project\DTO\Request\GetParticipatedProjectsRequestDTO","class","Project","ordinary","0"
"vendor/dtyq/super-magic-module/src/Interfaces/SuperAgent/DTO/Request/GetProjectAttachmentsRequestDTO.php","Dtyq\SuperMagic\Interfaces\SuperAgent\DTO\Request\GetProjectAttachmentsRequestDTO","app/Interfaces/SuperMagic/File/DTO/Request/GetProjectAttachmentsRequestDTO.php","App\Interfaces\SuperMagic\File\DTO\Request\GetProjectAttachmentsRequestDTO","class","File","ordinary","0"
"vendor/dtyq/super-magic-module/src/Interfaces/SuperAgent/DTO/Request/GetProjectAttachmentsV2RequestDTO.php","Dtyq\SuperMagic\Interfaces\SuperAgent\DTO\Request\GetProjectAttachmentsV2RequestDTO","app/Interfaces/SuperMagic/File/DTO/Request/GetProjectAttachmentsV2RequestDTO.php","App\Interfaces\SuperMagic\File\DTO\Request\GetProjectAttachmentsV2RequestDTO","class","File","ordinary","0"
"vendor/dtyq/super-magic-module/src/Interfaces/SuperAgent/DTO/Request/GetProjectListRequestDTO.php","Dtyq\SuperMagic\Interfaces\SuperAgent\DTO\Request\GetProjectListRequestDTO","app/Interfaces/SuperMagic/Project/DTO/Request/GetProjectListRequestDTO.php","App\Interfaces\SuperMagic\Project\DTO\Request\GetProjectListRequestDTO","class","Project","ordinary","0"
"vendor/dtyq/super-magic-module/src/Interfaces/SuperAgent/DTO/Request/GetResourceStatusRequestDTO.php","Dtyq\SuperMagic\Interfaces\SuperAgent\DTO\Request\GetResourceStatusRequestDTO","app/Interfaces/SuperMagic/Common/DTO/Request/GetResourceStatusRequestDTO.php","App\Interfaces\SuperMagic\Common\DTO\Request\GetResourceStatusRequestDTO","class","Common","ordinary","0"
"vendor/dtyq/super-magic-module/src/Interfaces/SuperAgent/DTO/Request/GetSidebarTopicsRequestDTO.php","Dtyq\SuperMagic\Interfaces\SuperAgent\DTO\Request\GetSidebarTopicsRequestDTO","app/Interfaces/SuperMagic/Topic/DTO/Request/GetSidebarTopicsRequestDTO.php","App\Interfaces\SuperMagic\Topic\DTO\Request\GetSidebarTopicsRequestDTO","class","Topic","ordinary","0"
"vendor/dtyq/super-magic-module/src/Interfaces/SuperAgent/DTO/Request/GetTaskFilesRequestDTO.php","Dtyq\SuperMagic\Interfaces\SuperAgent\DTO\Request\GetTaskFilesRequestDTO","app/Interfaces/SuperMagic/File/DTO/Request/GetTaskFilesRequestDTO.php","App\Interfaces\SuperMagic\File\DTO\Request\GetTaskFilesRequestDTO","class","File","ordinary","0"
"vendor/dtyq/super-magic-module/src/Interfaces/SuperAgent/DTO/Request/GetTopicAttachmentsRequestDTO.php","Dtyq\SuperMagic\Interfaces\SuperAgent\DTO\Request\GetTopicAttachmentsRequestDTO","app/Interfaces/SuperMagic/File/DTO/Request/GetTopicAttachmentsRequestDTO.php","App\Interfaces\SuperMagic\File\DTO\Request\GetTopicAttachmentsRequestDTO","class","File","ordinary","0"
"vendor/dtyq/super-magic-module/src/Interfaces/SuperAgent/DTO/Request/GetTopicMessagesByTopicIdRequestDTO.php","Dtyq\SuperMagic\Interfaces\SuperAgent\DTO\Request\GetTopicMessagesByTopicIdRequestDTO","app/Interfaces/SuperMagic/Message/DTO/Request/GetTopicMessagesByTopicIdRequestDTO.php","App\Interfaces\SuperMagic\Message\DTO\Request\GetTopicMessagesByTopicIdRequestDTO","class","Message","ordinary","0"
"vendor/dtyq/super-magic-module/src/Interfaces/SuperAgent/DTO/Request/GetTopicMetricsRequestDTO.php","Dtyq\SuperMagic\Interfaces\SuperAgent\DTO\Request\GetTopicMetricsRequestDTO","app/Interfaces/SuperMagic/Topic/DTO/Request/GetTopicMetricsRequestDTO.php","App\Interfaces\SuperMagic\Topic\DTO\Request\GetTopicMetricsRequestDTO","class","Topic","ordinary","0"
"vendor/dtyq/super-magic-module/src/Interfaces/SuperAgent/DTO/Request/GetUserUsageRequestDTO.php","Dtyq\SuperMagic\Interfaces\SuperAgent\DTO\Request\GetUserUsageRequestDTO","app/Interfaces/SuperMagic/Common/DTO/Request/GetUserUsageRequestDTO.php","App\Interfaces\SuperMagic\Common\DTO\Request\GetUserUsageRequestDTO","class","Common","ordinary","0"
"vendor/dtyq/super-magic-module/src/Interfaces/SuperAgent/DTO/Request/GetWorkspaceDetailRequestDTO.php","Dtyq\SuperMagic\Interfaces\SuperAgent\DTO\Request\GetWorkspaceDetailRequestDTO","app/Interfaces/SuperMagic/Workspace/DTO/Request/GetWorkspaceDetailRequestDTO.php","App\Interfaces\SuperMagic\Workspace\DTO\Request\GetWorkspaceDetailRequestDTO","class","Workspace","ordinary","0"
"vendor/dtyq/super-magic-module/src/Interfaces/SuperAgent/DTO/Request/GetWorkspaceTopicsRequestDTO.php","Dtyq\SuperMagic\Interfaces\SuperAgent\DTO\Request\GetWorkspaceTopicsRequestDTO","app/Interfaces/SuperMagic/Workspace/DTO/Request/GetWorkspaceTopicsRequestDTO.php","App\Interfaces\SuperMagic\Workspace\DTO\Request\GetWorkspaceTopicsRequestDTO","class","Workspace","ordinary","0"
"vendor/dtyq/super-magic-module/src/Interfaces/SuperAgent/DTO/Request/GetWorkspacesRequestDTO.php","Dtyq\SuperMagic\Interfaces\SuperAgent\DTO\Request\GetWorkspacesRequestDTO","app/Interfaces/SuperMagic/Workspace/DTO/Request/GetWorkspacesRequestDTO.php","App\Interfaces\SuperMagic\Workspace\DTO\Request\GetWorkspacesRequestDTO","class","Workspace","ordinary","0"
"vendor/dtyq/super-magic-module/src/Interfaces/SuperAgent/DTO/Request/IngestThirdPartyMessageRequestDTO.php","Dtyq\SuperMagic\Interfaces\SuperAgent\DTO\Request\IngestThirdPartyMessageRequestDTO","app/Interfaces/SuperMagic/Message/DTO/Request/IngestThirdPartyMessageRequestDTO.php","App\Interfaces\SuperMagic\Message\DTO\Request\IngestThirdPartyMessageRequestDTO","class","Message","ordinary","0"
"vendor/dtyq/super-magic-module/src/Interfaces/SuperAgent/DTO/Request/InitSandboxRequestDTO.php","Dtyq\SuperMagic\Interfaces\SuperAgent\DTO\Request\InitSandboxRequestDTO","app/Interfaces/SuperMagic/Task/DTO/Request/InitSandboxRequestDTO.php","App\Interfaces\SuperMagic\Task\DTO\Request\InitSandboxRequestDTO","class","Task","ordinary","0"
"vendor/dtyq/super-magic-module/src/Interfaces/SuperAgent/DTO/Request/InterruptTaskRequestDTO.php","Dtyq\SuperMagic\Interfaces\SuperAgent\DTO\Request\InterruptTaskRequestDTO","app/Interfaces/SuperMagic/Task/DTO/Request/InterruptTaskRequestDTO.php","App\Interfaces\SuperMagic\Task\DTO\Request\InterruptTaskRequestDTO","class","Task","ordinary","0"
"vendor/dtyq/super-magic-module/src/Interfaces/SuperAgent/DTO/Request/MoveFileRequestDTO.php","Dtyq\SuperMagic\Interfaces\SuperAgent\DTO\Request\MoveFileRequestDTO","app/Interfaces/SuperMagic/File/DTO/Request/MoveFileRequestDTO.php","App\Interfaces\SuperMagic\File\DTO\Request\MoveFileRequestDTO","class","File","ordinary","0"
"vendor/dtyq/super-magic-module/src/Interfaces/SuperAgent/DTO/Request/MoveProjectRequestDTO.php","Dtyq\SuperMagic\Interfaces\SuperAgent\DTO\Request\MoveProjectRequestDTO","app/Interfaces/SuperMagic/Project/DTO/Request/MoveProjectRequestDTO.php","App\Interfaces\SuperMagic\Project\DTO\Request\MoveProjectRequestDTO","class","Project","ordinary","0"
"vendor/dtyq/super-magic-module/src/Interfaces/SuperAgent/DTO/Request/ProjectUploadTokenRequestDTO.php","Dtyq\SuperMagic\Interfaces\SuperAgent\DTO\Request\ProjectUploadTokenRequestDTO","app/Interfaces/SuperMagic/Project/DTO/Request/ProjectUploadTokenRequestDTO.php","App\Interfaces\SuperMagic\Project\DTO\Request\ProjectUploadTokenRequestDTO","class","Project","ordinary","0"
"vendor/dtyq/super-magic-module/src/Interfaces/SuperAgent/DTO/Request/QueryMessageQueueRequestDTO.php","Dtyq\SuperMagic\Interfaces\SuperAgent\DTO\Request\QueryMessageQueueRequestDTO","app/Interfaces/SuperMagic/Message/DTO/Request/QueryMessageQueueRequestDTO.php","App\Interfaces\SuperMagic\Message\DTO\Request\QueryMessageQueueRequestDTO","class","Message","ordinary","0"
"vendor/dtyq/super-magic-module/src/Interfaces/SuperAgent/DTO/Request/QueryMessageScheduleLogsRequestDTO.php","Dtyq\SuperMagic\Interfaces\SuperAgent\DTO\Request\QueryMessageScheduleLogsRequestDTO","app/Interfaces/SuperMagic/Message/DTO/Request/QueryMessageScheduleLogsRequestDTO.php","App\Interfaces\SuperMagic\Message\DTO\Request\QueryMessageScheduleLogsRequestDTO","class","Message","ordinary","0"
"vendor/dtyq/super-magic-module/src/Interfaces/SuperAgent/DTO/Request/QueryMessageScheduleRequestDTO.php","Dtyq\SuperMagic\Interfaces\SuperAgent\DTO\Request\QueryMessageScheduleRequestDTO","app/Interfaces/SuperMagic/Message/DTO/Request/QueryMessageScheduleRequestDTO.php","App\Interfaces\SuperMagic\Message\DTO\Request\QueryMessageScheduleRequestDTO","class","Message","ordinary","0"
"vendor/dtyq/super-magic-module/src/Interfaces/SuperAgent/DTO/Request/RefreshStsTokenRequestDTO.php","Dtyq\SuperMagic\Interfaces\SuperAgent\DTO\Request\RefreshStsTokenRequestDTO","app/Interfaces/SuperMagic/File/DTO/Request/RefreshStsTokenRequestDTO.php","App\Interfaces\SuperMagic\File\DTO\Request\RefreshStsTokenRequestDTO","class","File","ordinary","0"
"vendor/dtyq/super-magic-module/src/Interfaces/SuperAgent/DTO/Request/ReplaceFileRequestDTO.php","Dtyq\SuperMagic\Interfaces\SuperAgent\DTO\Request\ReplaceFileRequestDTO","app/Interfaces/SuperMagic/File/DTO/Request/ReplaceFileRequestDTO.php","App\Interfaces\SuperMagic\File\DTO\Request\ReplaceFileRequestDTO","class","File","ordinary","0"
"vendor/dtyq/super-magic-module/src/Interfaces/SuperAgent/DTO/Request/RollbackFileToVersionRequestDTO.php","Dtyq\SuperMagic\Interfaces\SuperAgent\DTO\Request\RollbackFileToVersionRequestDTO","app/Interfaces/SuperMagic/File/DTO/Request/RollbackFileToVersionRequestDTO.php","App\Interfaces\SuperMagic\File\DTO\Request\RollbackFileToVersionRequestDTO","class","File","ordinary","0"
"vendor/dtyq/super-magic-module/src/Interfaces/SuperAgent/DTO/Request/SandboxFileNotificationRequestDTO.php","Dtyq\SuperMagic\Interfaces\SuperAgent\DTO\Request\SandboxFileNotificationRequestDTO","app/Interfaces/SuperMagic/File/DTO/Request/SandboxFileNotificationRequestDTO.php","App\Interfaces\SuperMagic\File\DTO\Request\SandboxFileNotificationRequestDTO","class","File","ordinary","0"
"vendor/dtyq/super-magic-module/src/Interfaces/SuperAgent/DTO/Request/SaveFileContentRequestDTO.php","Dtyq\SuperMagic\Interfaces\SuperAgent\DTO\Request\SaveFileContentRequestDTO","app/Interfaces/SuperMagic/File/DTO/Request/SaveFileContentRequestDTO.php","App\Interfaces\SuperMagic\File\DTO\Request\SaveFileContentRequestDTO","class","File","ordinary","0"
"vendor/dtyq/super-magic-module/src/Interfaces/SuperAgent/DTO/Request/SaveProjectFileRequestDTO.php","Dtyq\SuperMagic\Interfaces\SuperAgent\DTO\Request\SaveProjectFileRequestDTO","app/Interfaces/SuperMagic/File/DTO/Request/SaveProjectFileRequestDTO.php","App\Interfaces\SuperMagic\File\DTO\Request\SaveProjectFileRequestDTO","class","File","ordinary","0"
"vendor/dtyq/super-magic-module/src/Interfaces/SuperAgent/DTO/Request/SaveTopicRequestDTO.php","Dtyq\SuperMagic\Interfaces\SuperAgent\DTO\Request\SaveTopicRequestDTO","app/Interfaces/SuperMagic/Topic/DTO/Request/SaveTopicRequestDTO.php","App\Interfaces\SuperMagic\Topic\DTO\Request\SaveTopicRequestDTO","class","Topic","ordinary","0"
"vendor/dtyq/super-magic-module/src/Interfaces/SuperAgent/DTO/Request/SaveWorkspaceRequestDTO.php","Dtyq\SuperMagic\Interfaces\SuperAgent\DTO\Request\SaveWorkspaceRequestDTO","app/Interfaces/SuperMagic/Workspace/DTO/Request/SaveWorkspaceRequestDTO.php","App\Interfaces\SuperMagic\Workspace\DTO\Request\SaveWorkspaceRequestDTO","class","Workspace","ordinary","0"
"vendor/dtyq/super-magic-module/src/Interfaces/SuperAgent/DTO/Request/ScanWavFilesRequestDTO.php","Dtyq\SuperMagic\Interfaces\SuperAgent\DTO\Request\ScanWavFilesRequestDTO","app/Interfaces/SuperMagic/File/DTO/Request/ScanWavFilesRequestDTO.php","App\Interfaces\SuperMagic\File\DTO\Request\ScanWavFilesRequestDTO","class","File","ordinary","0"
"vendor/dtyq/super-magic-module/src/Interfaces/SuperAgent/DTO/Request/TimeConfigDTO.php","Dtyq\SuperMagic\Interfaces\SuperAgent\DTO\Request\TimeConfigDTO","app/Interfaces/SuperMagic/Common/DTO/Request/TimeConfigDTO.php","App\Interfaces\SuperMagic\Common\DTO\Request\TimeConfigDTO","class","Common","ordinary","0"
"vendor/dtyq/super-magic-module/src/Interfaces/SuperAgent/DTO/Request/TopicUploadTokenRequestDTO.php","Dtyq\SuperMagic\Interfaces\SuperAgent\DTO\Request\TopicUploadTokenRequestDTO","app/Interfaces/SuperMagic/Topic/DTO/Request/TopicUploadTokenRequestDTO.php","App\Interfaces\SuperMagic\Topic\DTO\Request\TopicUploadTokenRequestDTO","class","Topic","ordinary","0"
"vendor/dtyq/super-magic-module/src/Interfaces/SuperAgent/DTO/Request/TransferProjectsRequestDTO.php","Dtyq\SuperMagic\Interfaces\SuperAgent\DTO\Request\TransferProjectsRequestDTO","app/Interfaces/SuperMagic/Project/DTO/Request/TransferProjectsRequestDTO.php","App\Interfaces\SuperMagic\Project\DTO\Request\TransferProjectsRequestDTO","class","Project","ordinary","0"
"vendor/dtyq/super-magic-module/src/Interfaces/SuperAgent/DTO/Request/TransferWorkspacesRequestDTO.php","Dtyq\SuperMagic\Interfaces\SuperAgent\DTO\Request\TransferWorkspacesRequestDTO","app/Interfaces/SuperMagic/Workspace/DTO/Request/TransferWorkspacesRequestDTO.php","App\Interfaces\SuperMagic\Workspace\DTO\Request\TransferWorkspacesRequestDTO","class","Workspace","ordinary","0"
"vendor/dtyq/super-magic-module/src/Interfaces/SuperAgent/DTO/Request/UpdateAudioMarkerRequestDTO.php","Dtyq\SuperMagic\Interfaces\SuperAgent\DTO\Request\UpdateAudioMarkerRequestDTO","app/Interfaces/SuperMagic/File/DTO/Request/UpdateAudioMarkerRequestDTO.php","App\Interfaces\SuperMagic\File\DTO\Request\UpdateAudioMarkerRequestDTO","class","File","ordinary","0"
"vendor/dtyq/super-magic-module/src/Interfaces/SuperAgent/DTO/Request/UpdateFileSourceRequestDTO.php","Dtyq\SuperMagic\Interfaces\SuperAgent\DTO\Request\UpdateFileSourceRequestDTO","app/Interfaces/SuperMagic/File/DTO/Request/UpdateFileSourceRequestDTO.php","App\Interfaces\SuperMagic\File\DTO\Request\UpdateFileSourceRequestDTO","class","File","ordinary","0"
"vendor/dtyq/super-magic-module/src/Interfaces/SuperAgent/DTO/Request/UpdateMessageQueueRequestDTO.php","Dtyq\SuperMagic\Interfaces\SuperAgent\DTO\Request\UpdateMessageQueueRequestDTO","app/Interfaces/SuperMagic/Message/DTO/Request/UpdateMessageQueueRequestDTO.php","App\Interfaces\SuperMagic\Message\DTO\Request\UpdateMessageQueueRequestDTO","class","Message","ordinary","0"
"vendor/dtyq/super-magic-module/src/Interfaces/SuperAgent/DTO/Request/UpdateMessageScheduleRequestDTO.php","Dtyq\SuperMagic\Interfaces\SuperAgent\DTO\Request\UpdateMessageScheduleRequestDTO","app/Interfaces/SuperMagic/Message/DTO/Request/UpdateMessageScheduleRequestDTO.php","App\Interfaces\SuperMagic\Message\DTO\Request\UpdateMessageScheduleRequestDTO","class","Message","ordinary","0"
"vendor/dtyq/super-magic-module/src/Interfaces/SuperAgent/DTO/Request/UpdateOpenMessageScheduleRequestDTO.php","Dtyq\SuperMagic\Interfaces\SuperAgent\DTO\Request\UpdateOpenMessageScheduleRequestDTO","app/Interfaces/SuperMagic/Message/DTO/Request/UpdateOpenMessageScheduleRequestDTO.php","App\Interfaces\SuperMagic\Message\DTO\Request\UpdateOpenMessageScheduleRequestDTO","class","Message","ordinary","0"
"vendor/dtyq/super-magic-module/src/Interfaces/SuperAgent/DTO/Request/UpdateProjectMembersRequestDTO.php","Dtyq\SuperMagic\Interfaces\SuperAgent\DTO\Request\UpdateProjectMembersRequestDTO","app/Interfaces/SuperMagic/Project/DTO/Request/UpdateProjectMembersRequestDTO.php","App\Interfaces\SuperMagic\Project\DTO\Request\UpdateProjectMembersRequestDTO","class","Project","ordinary","0"
"vendor/dtyq/super-magic-module/src/Interfaces/SuperAgent/DTO/Request/UpdateProjectPinRequestDTO.php","Dtyq\SuperMagic\Interfaces\SuperAgent\DTO\Request\UpdateProjectPinRequestDTO","app/Interfaces/SuperMagic/Project/DTO/Request/UpdateProjectPinRequestDTO.php","App\Interfaces\SuperMagic\Project\DTO\Request\UpdateProjectPinRequestDTO","class","Project","ordinary","0"
"vendor/dtyq/super-magic-module/src/Interfaces/SuperAgent/DTO/Request/UpdateProjectRequestDTO.php","Dtyq\SuperMagic\Interfaces\SuperAgent\DTO\Request\UpdateProjectRequestDTO","app/Interfaces/SuperMagic/Project/DTO/Request/UpdateProjectRequestDTO.php","App\Interfaces\SuperMagic\Project\DTO\Request\UpdateProjectRequestDTO","class","Project","ordinary","0"
"vendor/dtyq/super-magic-module/src/Interfaces/SuperAgent/DTO/Request/UpdateProjectShortcutRequestDTO.php","Dtyq\SuperMagic\Interfaces\SuperAgent\DTO\Request\UpdateProjectShortcutRequestDTO","app/Interfaces/SuperMagic/Project/DTO/Request/UpdateProjectShortcutRequestDTO.php","App\Interfaces\SuperMagic\Project\DTO\Request\UpdateProjectShortcutRequestDTO","class","Project","ordinary","0"
"vendor/dtyq/super-magic-module/src/Interfaces/SuperAgent/DTO/Request/UpdateTaskStatusRequestDTO.php","Dtyq\SuperMagic\Interfaces\SuperAgent\DTO\Request\UpdateTaskStatusRequestDTO","app/Interfaces/SuperMagic/Task/DTO/Request/UpdateTaskStatusRequestDTO.php","App\Interfaces\SuperMagic\Task\DTO\Request\UpdateTaskStatusRequestDTO","class","Task","ordinary","0"
"vendor/dtyq/super-magic-module/src/Interfaces/SuperAgent/DTO/Request/UpdateTopicReadProgressRequestDTO.php","Dtyq\SuperMagic\Interfaces\SuperAgent\DTO\Request\UpdateTopicReadProgressRequestDTO","app/Interfaces/SuperMagic/Topic/DTO/Request/UpdateTopicReadProgressRequestDTO.php","App\Interfaces\SuperMagic\Topic\DTO\Request\UpdateTopicReadProgressRequestDTO","class","Topic","ordinary","0"
"vendor/dtyq/super-magic-module/src/Interfaces/SuperAgent/DTO/Request/UpgradeSandboxRequestDTO.php","Dtyq\SuperMagic\Interfaces\SuperAgent\DTO\Request\UpgradeSandboxRequestDTO","app/Interfaces/SuperMagic/Task/DTO/Request/UpgradeSandboxRequestDTO.php","App\Interfaces\SuperMagic\Task\DTO\Request\UpgradeSandboxRequestDTO","class","Task","ordinary","0"
"vendor/dtyq/super-magic-module/src/Interfaces/SuperAgent/DTO/Request/UserInfoRequestDTO.php","Dtyq\SuperMagic\Interfaces\SuperAgent\DTO\Request\UserInfoRequestDTO","app/Interfaces/SuperMagic/Common/DTO/Request/UserInfoRequestDTO.php","App\Interfaces\SuperMagic\Common\DTO\Request\UserInfoRequestDTO","class","Common","ordinary","0"
"vendor/dtyq/super-magic-module/src/Interfaces/SuperAgent/DTO/Request/WorkspaceAttachmentsRequestDTO.php","Dtyq\SuperMagic\Interfaces\SuperAgent\DTO\Request\WorkspaceAttachmentsRequestDTO","app/Interfaces/SuperMagic/File/DTO/Request/WorkspaceAttachmentsRequestDTO.php","App\Interfaces\SuperMagic\File\DTO\Request\WorkspaceAttachmentsRequestDTO","class","File","ordinary","0"
"vendor/dtyq/super-magic-module/src/Interfaces/SuperAgent/DTO/Request/WorkspaceListRequestDTO.php","Dtyq\SuperMagic\Interfaces\SuperAgent\DTO\Request\WorkspaceListRequestDTO","app/Interfaces/SuperMagic/Workspace/DTO/Request/WorkspaceListRequestDTO.php","App\Interfaces\SuperMagic\Workspace\DTO\Request\WorkspaceListRequestDTO","class","Workspace","ordinary","0"
"vendor/dtyq/super-magic-module/src/Interfaces/SuperAgent/DTO/Response/AudioMarkerItemDTO.php","Dtyq\SuperMagic\Interfaces\SuperAgent\DTO\Response\AudioMarkerItemDTO","app/Interfaces/SuperMagic/File/DTO/Response/AudioMarkerItemDTO.php","App\Interfaces\SuperMagic\File\DTO\Response\AudioMarkerItemDTO","class","File","ordinary","0"
"vendor/dtyq/super-magic-module/src/Interfaces/SuperAgent/DTO/Response/AudioMarkerListResponseDTO.php","Dtyq\SuperMagic\Interfaces\SuperAgent\DTO\Response\AudioMarkerListResponseDTO","app/Interfaces/SuperMagic/File/DTO/Response/AudioMarkerListResponseDTO.php","App\Interfaces\SuperMagic\File\DTO\Response\AudioMarkerListResponseDTO","class","File","ordinary","0"
"vendor/dtyq/super-magic-module/src/Interfaces/SuperAgent/DTO/Response/BatchDeleteProjectsResponseDTO.php","Dtyq\SuperMagic\Interfaces\SuperAgent\DTO\Response\BatchDeleteProjectsResponseDTO","app/Interfaces/SuperMagic/Project/DTO/Response/BatchDeleteProjectsResponseDTO.php","App\Interfaces\SuperMagic\Project\DTO\Response\BatchDeleteProjectsResponseDTO","class","Project","ordinary","0"
"vendor/dtyq/super-magic-module/src/Interfaces/SuperAgent/DTO/Response/BatchDeleteResultItemDTO.php","Dtyq\SuperMagic\Interfaces\SuperAgent\DTO\Response\BatchDeleteResultItemDTO","app/Interfaces/SuperMagic/Common/DTO/Response/BatchDeleteResultItemDTO.php","App\Interfaces\SuperMagic\Common\DTO\Response\BatchDeleteResultItemDTO","class","Common","ordinary","0"
"vendor/dtyq/super-magic-module/src/Interfaces/SuperAgent/DTO/Response/CheckBatchDownloadResponseDTO.php","Dtyq\SuperMagic\Interfaces\SuperAgent\DTO\Response\CheckBatchDownloadResponseDTO","app/Interfaces/SuperMagic/File/DTO/Response/CheckBatchDownloadResponseDTO.php","App\Interfaces\SuperMagic\File\DTO\Response\CheckBatchDownloadResponseDTO","class","File","ordinary","0"
"vendor/dtyq/super-magic-module/src/Interfaces/SuperAgent/DTO/Response/CheckpointRollbackCheckResponseDTO.php","Dtyq\SuperMagic\Interfaces\SuperAgent\DTO\Response\CheckpointRollbackCheckResponseDTO","app/Interfaces/SuperMagic/Common/DTO/Response/CheckpointRollbackCheckResponseDTO.php","App\Interfaces\SuperMagic\Common\DTO\Response\CheckpointRollbackCheckResponseDTO","class","Common","ordinary","0"
"vendor/dtyq/super-magic-module/src/Interfaces/SuperAgent/DTO/Response/CheckpointRollbackResponseDTO.php","Dtyq\SuperMagic\Interfaces\SuperAgent\DTO\Response\CheckpointRollbackResponseDTO","app/Interfaces/SuperMagic/Common/DTO/Response/CheckpointRollbackResponseDTO.php","App\Interfaces\SuperMagic\Common\DTO\Response\CheckpointRollbackResponseDTO","class","Common","ordinary","0"
"vendor/dtyq/super-magic-module/src/Interfaces/SuperAgent/DTO/Response/CollaborationCreatorItemDTO.php","Dtyq\SuperMagic\Interfaces\SuperAgent\DTO\Response\CollaborationCreatorItemDTO","app/Interfaces/SuperMagic/Project/DTO/Response/CollaborationCreatorItemDTO.php","App\Interfaces\SuperMagic\Project\DTO\Response\CollaborationCreatorItemDTO","class","Project","ordinary","0"
"vendor/dtyq/super-magic-module/src/Interfaces/SuperAgent/DTO/Response/CollaborationCreatorListResponseDTO.php","Dtyq\SuperMagic\Interfaces\SuperAgent\DTO\Response\CollaborationCreatorListResponseDTO","app/Interfaces/SuperMagic/Project/DTO/Response/CollaborationCreatorListResponseDTO.php","App\Interfaces\SuperMagic\Project\DTO\Response\CollaborationCreatorListResponseDTO","class","Project","ordinary","0"
"vendor/dtyq/super-magic-module/src/Interfaces/SuperAgent/DTO/Response/CollaborationProjectItemDTO.php","Dtyq\SuperMagic\Interfaces\SuperAgent\DTO\Response\CollaborationProjectItemDTO","app/Interfaces/SuperMagic/Project/DTO/Response/CollaborationProjectItemDTO.php","App\Interfaces\SuperMagic\Project\DTO\Response\CollaborationProjectItemDTO","class","Project","ordinary","0"
"vendor/dtyq/super-magic-module/src/Interfaces/SuperAgent/DTO/Response/CollaborationProjectListResponseDTO.php","Dtyq\SuperMagic\Interfaces\SuperAgent\DTO\Response\CollaborationProjectListResponseDTO","app/Interfaces/SuperMagic/Project/DTO/Response/CollaborationProjectListResponseDTO.php","App\Interfaces\SuperMagic\Project\DTO\Response\CollaborationProjectListResponseDTO","class","Project","ordinary","0"
"vendor/dtyq/super-magic-module/src/Interfaces/SuperAgent/DTO/Response/CollaboratorListItemDTO.php","Dtyq\SuperMagic\Interfaces\SuperAgent\DTO\Response\CollaboratorListItemDTO","app/Interfaces/SuperMagic/Common/DTO/Response/CollaboratorListItemDTO.php","App\Interfaces\SuperMagic\Common\DTO\Response\CollaboratorListItemDTO","class","Common","ordinary","0"
"vendor/dtyq/super-magic-module/src/Interfaces/SuperAgent/DTO/Response/CollaboratorListResponseDTO.php","Dtyq\SuperMagic\Interfaces\SuperAgent\DTO\Response\CollaboratorListResponseDTO","app/Interfaces/SuperMagic/Common/DTO/Response/CollaboratorListResponseDTO.php","App\Interfaces\SuperMagic\Common\DTO\Response\CollaboratorListResponseDTO","class","Common","ordinary","0"
"vendor/dtyq/super-magic-module/src/Interfaces/SuperAgent/DTO/Response/CollaboratorMemberDTO.php","Dtyq\SuperMagic\Interfaces\SuperAgent\DTO\Response\CollaboratorMemberDTO","app/Interfaces/SuperMagic/Project/DTO/Response/CollaboratorMemberDTO.php","App\Interfaces\SuperMagic\Project\DTO\Response\CollaboratorMemberDTO","class","Project","ordinary","0"
"vendor/dtyq/super-magic-module/src/Interfaces/SuperAgent/DTO/Response/CreateBatchDownloadResponseDTO.php","Dtyq\SuperMagic\Interfaces\SuperAgent\DTO\Response\CreateBatchDownloadResponseDTO","app/Interfaces/SuperMagic/File/DTO/Response/CreateBatchDownloadResponseDTO.php","App\Interfaces\SuperMagic\File\DTO\Response\CreateBatchDownloadResponseDTO","class","File","ordinary","0"
"vendor/dtyq/super-magic-module/src/Interfaces/SuperAgent/DTO/Response/CreateFileVersionResponseDTO.php","Dtyq\SuperMagic\Interfaces\SuperAgent\DTO\Response\CreateFileVersionResponseDTO","app/Interfaces/SuperMagic/File/DTO/Response/CreateFileVersionResponseDTO.php","App\Interfaces\SuperMagic\File\DTO\Response\CreateFileVersionResponseDTO","class","File","ordinary","0"
"vendor/dtyq/super-magic-module/src/Interfaces/SuperAgent/DTO/Response/CreateTaskResponseDTO.php","Dtyq\SuperMagic\Interfaces\SuperAgent\DTO\Response\CreateTaskResponseDTO","app/Interfaces/SuperMagic/Task/DTO/Response/CreateTaskResponseDTO.php","App\Interfaces\SuperMagic\Task\DTO\Response\CreateTaskResponseDTO","class","Task","ordinary","0"
"vendor/dtyq/super-magic-module/src/Interfaces/SuperAgent/DTO/Response/CreatorInfoDTO.php","Dtyq\SuperMagic\Interfaces\SuperAgent\DTO\Response\CreatorInfoDTO","app/Interfaces/SuperMagic/Common/DTO/Response/CreatorInfoDTO.php","App\Interfaces\SuperMagic\Common\DTO\Response\CreatorInfoDTO","class","Common","ordinary","0"
"vendor/dtyq/super-magic-module/src/Interfaces/SuperAgent/DTO/Response/DeleteTopicResultDTO.php","Dtyq\SuperMagic\Interfaces\SuperAgent\DTO\Response\DeleteTopicResultDTO","app/Interfaces/SuperMagic/Topic/DTO/Response/DeleteTopicResultDTO.php","App\Interfaces\SuperMagic\Topic\DTO\Response\DeleteTopicResultDTO","class","Topic","ordinary","0"
"vendor/dtyq/super-magic-module/src/Interfaces/SuperAgent/DTO/Response/DeliverMessageResponseDTO.php","Dtyq\SuperMagic\Interfaces\SuperAgent\DTO\Response\DeliverMessageResponseDTO","app/Interfaces/SuperMagic/Message/DTO/Response/DeliverMessageResponseDTO.php","App\Interfaces\SuperMagic\Message\DTO\Response\DeliverMessageResponseDTO","class","Message","ordinary","0"
"vendor/dtyq/super-magic-module/src/Interfaces/SuperAgent/DTO/Response/DuplicateTopicResponseDTO.php","Dtyq\SuperMagic\Interfaces\SuperAgent\DTO\Response\DuplicateTopicResponseDTO","app/Interfaces/SuperMagic/Topic/DTO/Response/DuplicateTopicResponseDTO.php","App\Interfaces\SuperMagic\Topic\DTO\Response\DuplicateTopicResponseDTO","class","Topic","ordinary","0"
"vendor/dtyq/super-magic-module/src/Interfaces/SuperAgent/DTO/Response/DuplicateTopicStatusResponseDTO.php","Dtyq\SuperMagic\Interfaces\SuperAgent\DTO\Response\DuplicateTopicStatusResponseDTO","app/Interfaces/SuperMagic/Topic/DTO/Response/DuplicateTopicStatusResponseDTO.php","App\Interfaces\SuperMagic\Topic\DTO\Response\DuplicateTopicStatusResponseDTO","class","Topic","ordinary","0"
"vendor/dtyq/super-magic-module/src/Interfaces/SuperAgent/DTO/Response/FileBatchOperationResponseDTO.php","Dtyq\SuperMagic\Interfaces\SuperAgent\DTO\Response\FileBatchOperationResponseDTO","app/Interfaces/SuperMagic/File/DTO/Response/FileBatchOperationResponseDTO.php","App\Interfaces\SuperMagic\File\DTO\Response\FileBatchOperationResponseDTO","class","File","ordinary","0"
"vendor/dtyq/super-magic-module/src/Interfaces/SuperAgent/DTO/Response/FileBatchOperationStatusResponseDTO.php","Dtyq\SuperMagic\Interfaces\SuperAgent\DTO\Response\FileBatchOperationStatusResponseDTO","app/Interfaces/SuperMagic/File/DTO/Response/FileBatchOperationStatusResponseDTO.php","App\Interfaces\SuperMagic\File\DTO\Response\FileBatchOperationStatusResponseDTO","class","File","ordinary","0"
"vendor/dtyq/super-magic-module/src/Interfaces/SuperAgent/DTO/Response/FileConvertStatusResponseDTO.php","Dtyq\SuperMagic\Interfaces\SuperAgent\DTO\Response\FileConvertStatusResponseDTO","app/Interfaces/SuperMagic/File/DTO/Response/FileConvertStatusResponseDTO.php","App\Interfaces\SuperMagic\File\DTO\Response\FileConvertStatusResponseDTO","class","File","ordinary","0"
"vendor/dtyq/super-magic-module/src/Interfaces/SuperAgent/DTO/Response/FileInfoResponseDTO.php","Dtyq\SuperMagic\Interfaces\SuperAgent\DTO\Response\FileInfoResponseDTO","app/Interfaces/SuperMagic/File/DTO/Response/FileInfoResponseDTO.php","App\Interfaces\SuperMagic\File\DTO\Response\FileInfoResponseDTO","class","File","ordinary","0"
"vendor/dtyq/super-magic-module/src/Interfaces/SuperAgent/DTO/Response/FileNameResponseDTO.php","Dtyq\SuperMagic\Interfaces\SuperAgent\DTO\Response\FileNameResponseDTO","app/Interfaces/SuperMagic/File/DTO/Response/FileNameResponseDTO.php","App\Interfaces\SuperMagic\File\DTO\Response\FileNameResponseDTO","class","File","ordinary","0"
"vendor/dtyq/super-magic-module/src/Interfaces/SuperAgent/DTO/Response/FileUrlItemDTO.php","Dtyq\SuperMagic\Interfaces\SuperAgent\DTO\Response\FileUrlItemDTO","app/Interfaces/SuperMagic/File/DTO/Response/FileUrlItemDTO.php","App\Interfaces\SuperMagic\File\DTO\Response\FileUrlItemDTO","class","File","ordinary","0"
"vendor/dtyq/super-magic-module/src/Interfaces/SuperAgent/DTO/Response/ForkProjectResponseDTO.php","Dtyq\SuperMagic\Interfaces\SuperAgent\DTO\Response\ForkProjectResponseDTO","app/Interfaces/SuperMagic/Project/DTO/Response/ForkProjectResponseDTO.php","App\Interfaces\SuperMagic\Project\DTO\Response\ForkProjectResponseDTO","class","Project","ordinary","0"
"vendor/dtyq/super-magic-module/src/Interfaces/SuperAgent/DTO/Response/ForkStatusResponseDTO.php","Dtyq\SuperMagic\Interfaces\SuperAgent\DTO\Response\ForkStatusResponseDTO","app/Interfaces/SuperMagic/Project/DTO/Response/ForkStatusResponseDTO.php","App\Interfaces\SuperMagic\Project\DTO\Response\ForkStatusResponseDTO","class","Project","ordinary","0"
"vendor/dtyq/super-magic-module/src/Interfaces/SuperAgent/DTO/Response/GetFileTreeResponseDTO.php","Dtyq\SuperMagic\Interfaces\SuperAgent\DTO\Response\GetFileTreeResponseDTO","app/Interfaces/SuperMagic/File/DTO/Response/GetFileTreeResponseDTO.php","App\Interfaces\SuperMagic\File\DTO\Response\GetFileTreeResponseDTO","class","File","ordinary","0"
"vendor/dtyq/super-magic-module/src/Interfaces/SuperAgent/DTO/Response/GetFileVersionsResponseDTO.php","Dtyq\SuperMagic\Interfaces\SuperAgent\DTO\Response\GetFileVersionsResponseDTO","app/Interfaces/SuperMagic/File/DTO/Response/GetFileVersionsResponseDTO.php","App\Interfaces\SuperMagic\File\DTO\Response\GetFileVersionsResponseDTO","class","File","ordinary","0"
"vendor/dtyq/super-magic-module/src/Interfaces/SuperAgent/DTO/Response/GetLatestFileVersionResponseDTO.php","Dtyq\SuperMagic\Interfaces\SuperAgent\DTO\Response\GetLatestFileVersionResponseDTO","app/Interfaces/SuperMagic/File/DTO/Response/GetLatestFileVersionResponseDTO.php","App\Interfaces\SuperMagic\File\DTO\Response\GetLatestFileVersionResponseDTO","class","File","ordinary","0"
"vendor/dtyq/super-magic-module/src/Interfaces/SuperAgent/DTO/Response/InitSandboxResponseDTO.php","Dtyq\SuperMagic\Interfaces\SuperAgent\DTO\Response\InitSandboxResponseDTO","app/Interfaces/SuperMagic/Task/DTO/Response/InitSandboxResponseDTO.php","App\Interfaces\SuperMagic\Task\DTO\Response\InitSandboxResponseDTO","class","Task","ordinary","0"
"vendor/dtyq/super-magic-module/src/Interfaces/SuperAgent/DTO/Response/InvitationDetailResponseDTO.php","Dtyq\SuperMagic\Interfaces\SuperAgent\DTO\Response\InvitationDetailResponseDTO","app/Interfaces/SuperMagic/Project/DTO/Response/InvitationDetailResponseDTO.php","App\Interfaces\SuperMagic\Project\DTO\Response\InvitationDetailResponseDTO","class","Project","ordinary","0"
"vendor/dtyq/super-magic-module/src/Interfaces/SuperAgent/DTO/Response/InvitationLinkResponseDTO.php","Dtyq\SuperMagic\Interfaces\SuperAgent\DTO\Response\InvitationLinkResponseDTO","app/Interfaces/SuperMagic/Project/DTO/Response/InvitationLinkResponseDTO.php","App\Interfaces\SuperMagic\Project\DTO\Response\InvitationLinkResponseDTO","class","Project","ordinary","0"
"vendor/dtyq/super-magic-module/src/Interfaces/SuperAgent/DTO/Response/JoinProjectResponseDTO.php","Dtyq\SuperMagic\Interfaces\SuperAgent\DTO\Response\JoinProjectResponseDTO","app/Interfaces/SuperMagic/Project/DTO/Response/JoinProjectResponseDTO.php","App\Interfaces\SuperMagic\Project\DTO\Response\JoinProjectResponseDTO","class","Project","ordinary","0"
"vendor/dtyq/super-magic-module/src/Interfaces/SuperAgent/DTO/Response/MessageItemDTO.php","Dtyq\SuperMagic\Interfaces\SuperAgent\DTO\Response\MessageItemDTO","app/Interfaces/SuperMagic/Message/DTO/Response/MessageItemDTO.php","App\Interfaces\SuperMagic\Message\DTO\Response\MessageItemDTO","class","Message","ordinary","0"
"vendor/dtyq/super-magic-module/src/Interfaces/SuperAgent/DTO/Response/MessageScheduleItemDTO.php","Dtyq\SuperMagic\Interfaces\SuperAgent\DTO\Response\MessageScheduleItemDTO","app/Interfaces/SuperMagic/Message/DTO/Response/MessageScheduleItemDTO.php","App\Interfaces\SuperMagic\Message\DTO\Response\MessageScheduleItemDTO","class","Message","ordinary","0"
"vendor/dtyq/super-magic-module/src/Interfaces/SuperAgent/DTO/Response/MessageScheduleListItemDTO.php","Dtyq\SuperMagic\Interfaces\SuperAgent\DTO\Response\MessageScheduleListItemDTO","app/Interfaces/SuperMagic/Message/DTO/Response/MessageScheduleListItemDTO.php","App\Interfaces\SuperMagic\Message\DTO\Response\MessageScheduleListItemDTO","class","Message","ordinary","0"
"vendor/dtyq/super-magic-module/src/Interfaces/SuperAgent/DTO/Response/MessageScheduleLogItemDTO.php","Dtyq\SuperMagic\Interfaces\SuperAgent\DTO\Response\MessageScheduleLogItemDTO","app/Interfaces/SuperMagic/Message/DTO/Response/MessageScheduleLogItemDTO.php","App\Interfaces\SuperMagic\Message\DTO\Response\MessageScheduleLogItemDTO","class","Message","ordinary","0"
"vendor/dtyq/super-magic-module/src/Interfaces/SuperAgent/DTO/Response/OpenMessageScheduleContentExtractor.php","Dtyq\SuperMagic\Interfaces\SuperAgent\DTO\Response\OpenMessageScheduleContentExtractor","app/Interfaces/SuperMagic/Message/DTO/Response/OpenMessageScheduleContentExtractor.php","App\Interfaces\SuperMagic\Message\DTO\Response\OpenMessageScheduleContentExtractor","class","Message","ordinary","0"
"vendor/dtyq/super-magic-module/src/Interfaces/SuperAgent/DTO/Response/OpenMessageScheduleDetailDTO.php","Dtyq\SuperMagic\Interfaces\SuperAgent\DTO\Response\OpenMessageScheduleDetailDTO","app/Interfaces/SuperMagic/Message/DTO/Response/OpenMessageScheduleDetailDTO.php","App\Interfaces\SuperMagic\Message\DTO\Response\OpenMessageScheduleDetailDTO","class","Message","ordinary","0"
"vendor/dtyq/super-magic-module/src/Interfaces/SuperAgent/DTO/Response/OpenMessageScheduleListItemDTO.php","Dtyq\SuperMagic\Interfaces\SuperAgent\DTO\Response\OpenMessageScheduleListItemDTO","app/Interfaces/SuperMagic/Message/DTO/Response/OpenMessageScheduleListItemDTO.php","App\Interfaces\SuperMagic\Message\DTO\Response\OpenMessageScheduleListItemDTO","class","Message","ordinary","0"
"vendor/dtyq/super-magic-module/src/Interfaces/SuperAgent/DTO/Response/ParticipatedProjectItemDTO.php","Dtyq\SuperMagic\Interfaces\SuperAgent\DTO\Response\ParticipatedProjectItemDTO","app/Interfaces/SuperMagic/Project/DTO/Response/ParticipatedProjectItemDTO.php","App\Interfaces\SuperMagic\Project\DTO\Response\ParticipatedProjectItemDTO","class","Project","ordinary","0"
"vendor/dtyq/super-magic-module/src/Interfaces/SuperAgent/DTO/Response/ParticipatedProjectListResponseDTO.php","Dtyq\SuperMagic\Interfaces\SuperAgent\DTO\Response\ParticipatedProjectListResponseDTO","app/Interfaces/SuperMagic/Project/DTO/Response/ParticipatedProjectListResponseDTO.php","App\Interfaces\SuperMagic\Project\DTO\Response\ParticipatedProjectListResponseDTO","class","Project","ordinary","0"
"vendor/dtyq/super-magic-module/src/Interfaces/SuperAgent/DTO/Response/ProjectItemDTO.php","Dtyq\SuperMagic\Interfaces\SuperAgent\DTO\Response\ProjectItemDTO","app/Interfaces/SuperMagic/Project/DTO/Response/ProjectItemDTO.php","App\Interfaces\SuperMagic\Project\DTO\Response\ProjectItemDTO","class","Project","ordinary","0"
"vendor/dtyq/super-magic-module/src/Interfaces/SuperAgent/DTO/Response/ProjectListResponseDTO.php","Dtyq\SuperMagic\Interfaces\SuperAgent\DTO\Response\ProjectListResponseDTO","app/Interfaces/SuperMagic/Project/DTO/Response/ProjectListResponseDTO.php","App\Interfaces\SuperMagic\Project\DTO\Response\ProjectListResponseDTO","class","Project","ordinary","0"
"vendor/dtyq/super-magic-module/src/Interfaces/SuperAgent/DTO/Response/ProjectMemberItemDTO.php","Dtyq\SuperMagic\Interfaces\SuperAgent\DTO\Response\ProjectMemberItemDTO","app/Interfaces/SuperMagic/Project/DTO/Response/ProjectMemberItemDTO.php","App\Interfaces\SuperMagic\Project\DTO\Response\ProjectMemberItemDTO","class","Project","ordinary","0"
"vendor/dtyq/super-magic-module/src/Interfaces/SuperAgent/DTO/Response/ProjectMembersResponseDTO.php","Dtyq\SuperMagic\Interfaces\SuperAgent\DTO\Response\ProjectMembersResponseDTO","app/Interfaces/SuperMagic/Project/DTO/Response/ProjectMembersResponseDTO.php","App\Interfaces\SuperMagic\Project\DTO\Response\ProjectMembersResponseDTO","class","Project","ordinary","0"
"vendor/dtyq/super-magic-module/src/Interfaces/SuperAgent/DTO/Response/ResourceStatusResponseDTO.php","Dtyq\SuperMagic\Interfaces\SuperAgent\DTO\Response\ResourceStatusResponseDTO","app/Interfaces/SuperMagic/Common/DTO/Response/ResourceStatusResponseDTO.php","App\Interfaces\SuperMagic\Common\DTO\Response\ResourceStatusResponseDTO","class","Common","ordinary","0"
"vendor/dtyq/super-magic-module/src/Interfaces/SuperAgent/DTO/Response/RollbackFileToVersionResponseDTO.php","Dtyq\SuperMagic\Interfaces\SuperAgent\DTO\Response\RollbackFileToVersionResponseDTO","app/Interfaces/SuperMagic/File/DTO/Response/RollbackFileToVersionResponseDTO.php","App\Interfaces\SuperMagic\File\DTO\Response\RollbackFileToVersionResponseDTO","class","File","ordinary","0"
"vendor/dtyq/super-magic-module/src/Interfaces/SuperAgent/DTO/Response/SaveTopicResultDTO.php","Dtyq\SuperMagic\Interfaces\SuperAgent\DTO\Response\SaveTopicResultDTO","app/Interfaces/SuperMagic/Topic/DTO/Response/SaveTopicResultDTO.php","App\Interfaces\SuperMagic\Topic\DTO\Response\SaveTopicResultDTO","class","Topic","ordinary","0"
"vendor/dtyq/super-magic-module/src/Interfaces/SuperAgent/DTO/Response/SaveWorkspaceResultDTO.php","Dtyq\SuperMagic\Interfaces\SuperAgent\DTO\Response\SaveWorkspaceResultDTO","app/Interfaces/SuperMagic/Workspace/DTO/Response/SaveWorkspaceResultDTO.php","App\Interfaces\SuperMagic\Workspace\DTO\Response\SaveWorkspaceResultDTO","class","Workspace","ordinary","0"
"vendor/dtyq/super-magic-module/src/Interfaces/SuperAgent/DTO/Response/SidebarTopicItemDTO.php","Dtyq\SuperMagic\Interfaces\SuperAgent\DTO\Response\SidebarTopicItemDTO","app/Interfaces/SuperMagic/Topic/DTO/Response/SidebarTopicItemDTO.php","App\Interfaces\SuperMagic\Topic\DTO\Response\SidebarTopicItemDTO","class","Topic","ordinary","0"
"vendor/dtyq/super-magic-module/src/Interfaces/SuperAgent/DTO/Response/SidebarTopicListResponseDTO.php","Dtyq\SuperMagic\Interfaces\SuperAgent\DTO\Response\SidebarTopicListResponseDTO","app/Interfaces/SuperMagic/Topic/DTO/Response/SidebarTopicListResponseDTO.php","App\Interfaces\SuperMagic\Topic\DTO\Response\SidebarTopicListResponseDTO","class","Topic","ordinary","0"
"vendor/dtyq/super-magic-module/src/Interfaces/SuperAgent/DTO/Response/StatusMetricsDTO.php","Dtyq\SuperMagic\Interfaces\SuperAgent\DTO\Response\StatusMetricsDTO","app/Interfaces/SuperMagic/Common/DTO/Response/StatusMetricsDTO.php","App\Interfaces\SuperMagic\Common\DTO\Response\StatusMetricsDTO","class","Common","ordinary","0"
"vendor/dtyq/super-magic-module/src/Interfaces/SuperAgent/DTO/Response/TaskFileItemDTO.php","Dtyq\SuperMagic\Interfaces\SuperAgent\DTO\Response\TaskFileItemDTO","app/Interfaces/SuperMagic/File/DTO/Response/TaskFileItemDTO.php","App\Interfaces\SuperMagic\File\DTO\Response\TaskFileItemDTO","class","File","ordinary","0"
"vendor/dtyq/super-magic-module/src/Interfaces/SuperAgent/DTO/Response/TaskFilesResponseDTO.php","Dtyq\SuperMagic\Interfaces\SuperAgent\DTO\Response\TaskFilesResponseDTO","app/Interfaces/SuperMagic/File/DTO/Response/TaskFilesResponseDTO.php","App\Interfaces\SuperMagic\File\DTO\Response\TaskFilesResponseDTO","class","File","ordinary","0"
"vendor/dtyq/super-magic-module/src/Interfaces/SuperAgent/DTO/Response/TerminateTaskResponseDTO.php","Dtyq\SuperMagic\Interfaces\SuperAgent\DTO\Response\TerminateTaskResponseDTO","app/Interfaces/SuperMagic/Task/DTO/Response/TerminateTaskResponseDTO.php","App\Interfaces\SuperMagic\Task\DTO\Response\TerminateTaskResponseDTO","class","Task","ordinary","0"
"vendor/dtyq/super-magic-module/src/Interfaces/SuperAgent/DTO/Response/TopicItemDTO.php","Dtyq\SuperMagic\Interfaces\SuperAgent\DTO\Response\TopicItemDTO","app/Interfaces/SuperMagic/Topic/DTO/Response/TopicItemDTO.php","App\Interfaces\SuperMagic\Topic\DTO\Response\TopicItemDTO","class","Topic","ordinary","0"
"vendor/dtyq/super-magic-module/src/Interfaces/SuperAgent/DTO/Response/TopicListResponseDTO.php","Dtyq\SuperMagic\Interfaces\SuperAgent\DTO\Response\TopicListResponseDTO","app/Interfaces/SuperMagic/Topic/DTO/Response/TopicListResponseDTO.php","App\Interfaces\SuperMagic\Topic\DTO\Response\TopicListResponseDTO","class","Topic","ordinary","0"
"vendor/dtyq/super-magic-module/src/Interfaces/SuperAgent/DTO/Response/TopicMessagesResponseDTO.php","Dtyq\SuperMagic\Interfaces\SuperAgent\DTO\Response\TopicMessagesResponseDTO","app/Interfaces/SuperMagic/Message/DTO/Response/TopicMessagesResponseDTO.php","App\Interfaces\SuperMagic\Message\DTO\Response\TopicMessagesResponseDTO","class","Message","ordinary","0"
"vendor/dtyq/super-magic-module/src/Interfaces/SuperAgent/DTO/Response/TopicMetricsResponseDTO.php","Dtyq\SuperMagic\Interfaces\SuperAgent\DTO\Response\TopicMetricsResponseDTO","app/Interfaces/SuperMagic/Topic/DTO/Response/TopicMetricsResponseDTO.php","App\Interfaces\SuperMagic\Topic\DTO\Response\TopicMetricsResponseDTO","class","Topic","ordinary","0"
"vendor/dtyq/super-magic-module/src/Interfaces/SuperAgent/DTO/Response/TopicReadProgressResponseDTO.php","Dtyq\SuperMagic\Interfaces\SuperAgent\DTO\Response\TopicReadProgressResponseDTO","app/Interfaces/SuperMagic/Topic/DTO/Response/TopicReadProgressResponseDTO.php","App\Interfaces\SuperMagic\Topic\DTO\Response\TopicReadProgressResponseDTO","class","Topic","ordinary","0"
"vendor/dtyq/super-magic-module/src/Interfaces/SuperAgent/DTO/Response/TopicStatusItemDTO.php","Dtyq\SuperMagic\Interfaces\SuperAgent\DTO\Response\TopicStatusItemDTO","app/Interfaces/SuperMagic/Topic/DTO/Response/TopicStatusItemDTO.php","App\Interfaces\SuperMagic\Topic\DTO\Response\TopicStatusItemDTO","class","Topic","ordinary","0"
"vendor/dtyq/super-magic-module/src/Interfaces/SuperAgent/DTO/Response/TotalMetricsDTO.php","Dtyq\SuperMagic\Interfaces\SuperAgent\DTO\Response\TotalMetricsDTO","app/Interfaces/SuperMagic/Common/DTO/Response/TotalMetricsDTO.php","App\Interfaces\SuperMagic\Common\DTO\Response\TotalMetricsDTO","class","Common","ordinary","0"
"vendor/dtyq/super-magic-module/src/Interfaces/SuperAgent/DTO/Response/UpdateTaskStatusResponseDTO.php","Dtyq\SuperMagic\Interfaces\SuperAgent\DTO\Response\UpdateTaskStatusResponseDTO","app/Interfaces/SuperMagic/Task/DTO/Response/UpdateTaskStatusResponseDTO.php","App\Interfaces\SuperMagic\Task\DTO\Response\UpdateTaskStatusResponseDTO","class","Task","ordinary","0"
"vendor/dtyq/super-magic-module/src/Interfaces/SuperAgent/DTO/Response/WorkspaceItemDTO.php","Dtyq\SuperMagic\Interfaces\SuperAgent\DTO\Response\WorkspaceItemDTO","app/Interfaces/SuperMagic/Workspace/DTO/Response/WorkspaceItemDTO.php","App\Interfaces\SuperMagic\Workspace\DTO\Response\WorkspaceItemDTO","class","Workspace","ordinary","0"
"vendor/dtyq/super-magic-module/src/Interfaces/SuperAgent/DTO/Response/WorkspaceListResponseDTO.php","Dtyq\SuperMagic\Interfaces\SuperAgent\DTO\Response\WorkspaceListResponseDTO","app/Interfaces/SuperMagic/Workspace/DTO/Response/WorkspaceListResponseDTO.php","App\Interfaces\SuperMagic\Workspace\DTO\Response\WorkspaceListResponseDTO","class","Workspace","ordinary","0"
"vendor/dtyq/super-magic-module/src/Interfaces/SuperAgent/DTO/TopicTaskMessageDTO.php","Dtyq\SuperMagic\Interfaces\SuperAgent\DTO\TopicTaskMessageDTO","app/Interfaces/SuperMagic/Message/DTO/TopicTaskMessageDTO.php","App\Interfaces\SuperMagic\Message\DTO\TopicTaskMessageDTO","class","Message","ordinary","0"
"vendor/dtyq/super-magic-module/src/Interfaces/SuperAgent/Facade/AbstractApi.php","Dtyq\SuperMagic\Interfaces\SuperAgent\Facade\AbstractApi","app/Interfaces/SuperMagic/Common/Support/Facade/AbstractApi.php","App\Interfaces\SuperMagic\Common\Support\Facade\AbstractApi","class","Common","RouteHandler","0"
"vendor/dtyq/super-magic-module/src/Interfaces/SuperAgent/Facade/AudioMarkerApi.php","Dtyq\SuperMagic\Interfaces\SuperAgent\Facade\AudioMarkerApi","app/Interfaces/SuperMagic/File/Facade/AudioMarkerApi.php","App\Interfaces\SuperMagic\File\Facade\AudioMarkerApi","class","File","RouteHandler","0"
"vendor/dtyq/super-magic-module/src/Interfaces/SuperAgent/Facade/AudioProjectApi.php","Dtyq\SuperMagic\Interfaces\SuperAgent\Facade\AudioProjectApi","app/Interfaces/SuperMagic/File/Facade/AudioProjectApi.php","App\Interfaces\SuperMagic\File\Facade\AudioProjectApi","class","File","RouteHandler","0"
"vendor/dtyq/super-magic-module/src/Interfaces/SuperAgent/Facade/FileApi.php","Dtyq\SuperMagic\Interfaces\SuperAgent\Facade\FileApi","app/Interfaces/SuperMagic/File/Facade/FileApi.php","App\Interfaces\SuperMagic\File\Facade\FileApi","class","File","RouteHandler","0"
"vendor/dtyq/super-magic-module/src/Interfaces/SuperAgent/Facade/FileEditingApi.php","Dtyq\SuperMagic\Interfaces\SuperAgent\Facade\FileEditingApi","app/Interfaces/SuperMagic/File/Facade/FileEditingApi.php","App\Interfaces\SuperMagic\File\Facade\FileEditingApi","class","File","RouteHandler","0"
"vendor/dtyq/super-magic-module/src/Interfaces/SuperAgent/Facade/InternalApi/AiAbilityApi.php","Dtyq\SuperMagic\Interfaces\SuperAgent\Facade\InternalApi\AiAbilityApi","app/Interfaces/SuperMagic/Task/Facade/InternalApi/AiAbilityApi.php","App\Interfaces\SuperMagic\Task\Facade\InternalApi\AiAbilityApi","class","Task","RouteHandler","0"
"vendor/dtyq/super-magic-module/src/Interfaces/SuperAgent/Facade/InternalApi/FileApi.php","Dtyq\SuperMagic\Interfaces\SuperAgent\Facade\InternalApi\FileApi","app/Interfaces/SuperMagic/File/Facade/InternalApi/FileApi.php","App\Interfaces\SuperMagic\File\Facade\InternalApi\FileApi","class","File","RouteHandler","0"
"vendor/dtyq/super-magic-module/src/Interfaces/SuperAgent/Facade/InternalApi/SandboxApi.php","Dtyq\SuperMagic\Interfaces\SuperAgent\Facade\InternalApi\SandboxApi","app/Interfaces/SuperMagic/Task/Facade/InternalApi/SandboxApi.php","App\Interfaces\SuperMagic\Task\Facade\InternalApi\SandboxApi","class","Task","RouteHandler","0"
"vendor/dtyq/super-magic-module/src/Interfaces/SuperAgent/Facade/InternalApi/TaskApi.php","Dtyq\SuperMagic\Interfaces\SuperAgent\Facade\InternalApi\TaskApi","app/Interfaces/SuperMagic/Task/Facade/InternalApi/TaskApi.php","App\Interfaces\SuperMagic\Task\Facade\InternalApi\TaskApi","class","Task","RouteHandler","0"
"vendor/dtyq/super-magic-module/src/Interfaces/SuperAgent/Facade/MessageApi.php","Dtyq\SuperMagic\Interfaces\SuperAgent\Facade\MessageApi","app/Interfaces/SuperMagic/Message/Facade/MessageApi.php","App\Interfaces\SuperMagic\Message\Facade\MessageApi","class","Message","RouteHandler","0"
"vendor/dtyq/super-magic-module/src/Interfaces/SuperAgent/Facade/MicroAppProjectApi.php","Dtyq\SuperMagic\Interfaces\SuperAgent\Facade\MicroAppProjectApi","app/Interfaces/SuperMagic/Project/Facade/MicroAppProjectApi.php","App\Interfaces\SuperMagic\Project\Facade\MicroAppProjectApi","class","Project","RouteHandler","0"
"vendor/dtyq/super-magic-module/src/Interfaces/SuperAgent/Facade/OpenApi/OAuth2CallbackRelayApi.php","Dtyq\SuperMagic\Interfaces\SuperAgent\Facade\OpenApi\OAuth2CallbackRelayApi","app/Interfaces/SuperMagic/Task/Facade/OpenApi/OAuth2CallbackRelayApi.php","App\Interfaces\SuperMagic\Task\Facade\OpenApi\OAuth2CallbackRelayApi","class","Task","RouteHandler","0"
"vendor/dtyq/super-magic-module/src/Interfaces/SuperAgent/Facade/OpenApi/OAuth2CallbackRelayPublicApi.php","Dtyq\SuperMagic\Interfaces\SuperAgent\Facade\OpenApi\OAuth2CallbackRelayPublicApi","app/Interfaces/SuperMagic/Task/Facade/OpenApi/OAuth2CallbackRelayPublicApi.php","App\Interfaces\SuperMagic\Task\Facade\OpenApi\OAuth2CallbackRelayPublicApi","class","Task","RouteHandler","0"
"vendor/dtyq/super-magic-module/src/Interfaces/SuperAgent/Facade/OpenApi/OpenFileApi.php","Dtyq\SuperMagic\Interfaces\SuperAgent\Facade\OpenApi\OpenFileApi","app/Interfaces/SuperMagic/File/Facade/OpenApi/OpenFileApi.php","App\Interfaces\SuperMagic\File\Facade\OpenApi\OpenFileApi","class","File","RouteHandler","0"
"vendor/dtyq/super-magic-module/src/Interfaces/SuperAgent/Facade/OpenApi/OpenMessageScheduleApi.php","Dtyq\SuperMagic\Interfaces\SuperAgent\Facade\OpenApi\OpenMessageScheduleApi","app/Interfaces/SuperMagic/Message/Facade/OpenApi/OpenMessageScheduleApi.php","App\Interfaces\SuperMagic\Message\Facade\OpenApi\OpenMessageScheduleApi","class","Message","RouteHandler","0"
"vendor/dtyq/super-magic-module/src/Interfaces/SuperAgent/Facade/OpenApi/OpenMicroAppApi.php","Dtyq\SuperMagic\Interfaces\SuperAgent\Facade\OpenApi\OpenMicroAppApi","app/Interfaces/SuperMagic/Project/Facade/OpenApi/OpenMicroAppApi.php","App\Interfaces\SuperMagic\Project\Facade\OpenApi\OpenMicroAppApi","class","Project","RouteHandler","0"
"vendor/dtyq/super-magic-module/src/Interfaces/SuperAgent/Facade/OpenApi/OpenProjectApi.php","Dtyq\SuperMagic\Interfaces\SuperAgent\Facade\OpenApi\OpenProjectApi","app/Interfaces/SuperMagic/Project/Facade/OpenApi/OpenProjectApi.php","App\Interfaces\SuperMagic\Project\Facade\OpenApi\OpenProjectApi","class","Project","RouteHandler","0"
"vendor/dtyq/super-magic-module/src/Interfaces/SuperAgent/Facade/OpenApi/OpenTaskApi.php","Dtyq\SuperMagic\Interfaces\SuperAgent\Facade\OpenApi\OpenTaskApi","app/Interfaces/SuperMagic/Task/Facade/OpenApi/OpenTaskApi.php","App\Interfaces\SuperMagic\Task\Facade\OpenApi\OpenTaskApi","class","Task","RouteHandler","0"
"vendor/dtyq/super-magic-module/src/Interfaces/SuperAgent/Facade/OpenApi/OpenWorkspaceApi.php","Dtyq\SuperMagic\Interfaces\SuperAgent\Facade\OpenApi\OpenWorkspaceApi","app/Interfaces/SuperMagic/Workspace/Facade/OpenApi/OpenWorkspaceApi.php","App\Interfaces\SuperMagic\Workspace\Facade\OpenApi\OpenWorkspaceApi","class","Workspace","RouteHandler","0"
"vendor/dtyq/super-magic-module/src/Interfaces/SuperAgent/Facade/ProjectApi.php","Dtyq\SuperMagic\Interfaces\SuperAgent\Facade\ProjectApi","app/Interfaces/SuperMagic/Project/Facade/ProjectApi.php","App\Interfaces\SuperMagic\Project\Facade\ProjectApi","class","Project","RouteHandler","0"
"vendor/dtyq/super-magic-module/src/Interfaces/SuperAgent/Facade/ProjectInvitationLinkApi.php","Dtyq\SuperMagic\Interfaces\SuperAgent\Facade\ProjectInvitationLinkApi","app/Interfaces/SuperMagic/Project/Facade/ProjectInvitationLinkApi.php","App\Interfaces\SuperMagic\Project\Facade\ProjectInvitationLinkApi","class","Project","RouteHandler","0"
"vendor/dtyq/super-magic-module/src/Interfaces/SuperAgent/Facade/ProjectMemberApi.php","Dtyq\SuperMagic\Interfaces\SuperAgent\Facade\ProjectMemberApi","app/Interfaces/SuperMagic/Project/Facade/ProjectMemberApi.php","App\Interfaces\SuperMagic\Project\Facade\ProjectMemberApi","class","Project","RouteHandler","0"
"vendor/dtyq/super-magic-module/src/Interfaces/SuperAgent/Facade/SandboxApi.php","Dtyq\SuperMagic\Interfaces\SuperAgent\Facade\SandboxApi","app/Interfaces/SuperMagic/Task/Facade/SandboxApi.php","App\Interfaces\SuperMagic\Task\Facade\SandboxApi","class","Task","RouteHandler","0"
"vendor/dtyq/super-magic-module/src/Interfaces/SuperAgent/Facade/SandboxPreWarmApi.php","Dtyq\SuperMagic\Interfaces\SuperAgent\Facade\SandboxPreWarmApi","app/Interfaces/SuperMagic/Task/Facade/SandboxPreWarmApi.php","App\Interfaces\SuperMagic\Task\Facade\SandboxPreWarmApi","class","Task","RouteHandler","0"
"vendor/dtyq/super-magic-module/src/Interfaces/SuperAgent/Facade/SuperAgentMemoryApi.php","Dtyq\SuperMagic\Interfaces\SuperAgent\Facade\SuperAgentMemoryApi","app/Interfaces/SuperMagic/Task/Facade/SuperAgentMemoryApi.php","App\Interfaces\SuperMagic\Task\Facade\SuperAgentMemoryApi","class","Task","RouteHandler","0"
"vendor/dtyq/super-magic-module/src/Interfaces/SuperAgent/Facade/TaskApi.php","Dtyq\SuperMagic\Interfaces\SuperAgent\Facade\TaskApi","app/Interfaces/SuperMagic/Task/Facade/TaskApi.php","App\Interfaces\SuperMagic\Task\Facade\TaskApi","class","Task","RouteHandler","0"
"vendor/dtyq/super-magic-module/src/Interfaces/SuperAgent/Facade/TopicApi.php","Dtyq\SuperMagic\Interfaces\SuperAgent\Facade\TopicApi","app/Interfaces/SuperMagic/Topic/Facade/TopicApi.php","App\Interfaces\SuperMagic\Topic\Facade\TopicApi","class","Topic","RouteHandler","0"
"vendor/dtyq/super-magic-module/src/Interfaces/SuperAgent/Facade/WorkspaceApi.php","Dtyq\SuperMagic\Interfaces\SuperAgent\Facade\WorkspaceApi","app/Interfaces/SuperMagic/Workspace/Facade/WorkspaceApi.php","App\Interfaces\SuperMagic\Workspace\Facade\WorkspaceApi","class","Workspace","RouteHandler","0"
"vendor/dtyq/super-magic-module/src/Interfaces/SuperAgent/FormRequest/CreateOpenMessageScheduleFormRequest.php","Dtyq\SuperMagic\Interfaces\SuperAgent\FormRequest\CreateOpenMessageScheduleFormRequest","app/Interfaces/SuperMagic/Message/FormRequest/CreateOpenMessageScheduleFormRequest.php","App\Interfaces\SuperMagic\Message\FormRequest\CreateOpenMessageScheduleFormRequest","class","Message","ordinary","0"
"vendor/dtyq/super-magic-module/src/Interfaces/SuperAgent/FormRequest/QueryOpenMessageScheduleFormRequest.php","Dtyq\SuperMagic\Interfaces\SuperAgent\FormRequest\QueryOpenMessageScheduleFormRequest","app/Interfaces/SuperMagic/Message/FormRequest/QueryOpenMessageScheduleFormRequest.php","App\Interfaces\SuperMagic\Message\FormRequest\QueryOpenMessageScheduleFormRequest","class","Message","ordinary","0"
"vendor/dtyq/super-magic-module/src/Interfaces/SuperAgent/FormRequest/UpdateOpenMessageScheduleFormRequest.php","Dtyq\SuperMagic\Interfaces\SuperAgent\FormRequest\UpdateOpenMessageScheduleFormRequest","app/Interfaces/SuperMagic/Message/FormRequest/UpdateOpenMessageScheduleFormRequest.php","App\Interfaces\SuperMagic\Message\FormRequest\UpdateOpenMessageScheduleFormRequest","class","Message","ordinary","0"
"vendor/dtyq/super-magic-module/src/Listener/AddRouteListener.php","Dtyq\SuperMagic\Listener\AddRouteListener","app/Infrastructure/SuperMagic/Listener/AddRouteListener.php","App\Infrastructure\SuperMagic\Listener\AddRouteListener","class","Infrastructure","ordinary","0"
